case_id,family,variant,scope,method,label,prediction,calls,witnesses
record_update__clean__r000,record_update,clean,clean,document_trust,False,False,0,
record_update__clean__r000,record_update,clean,clean,nominal_repeat,False,False,10,
record_update__clean__r000,record_update,clean,clean,random_relational_fuzzing,False,False,10,
record_update__clean__r000,record_update,clean,clean,cep,False,False,10,
record_update__clean__r001,record_update,clean,clean,document_trust,False,False,0,
record_update__clean__r001,record_update,clean,clean,nominal_repeat,False,False,10,
record_update__clean__r001,record_update,clean,clean,random_relational_fuzzing,False,False,10,
record_update__clean__r001,record_update,clean,clean,cep,False,False,10,
record_update__clean__r002,record_update,clean,clean,document_trust,False,False,0,
record_update__clean__r002,record_update,clean,clean,nominal_repeat,False,False,10,
record_update__clean__r002,record_update,clean,clean,random_relational_fuzzing,False,False,10,
record_update__clean__r002,record_update,clean,clean,cep,False,False,10,
record_update__clean__r003,record_update,clean,clean,document_trust,False,False,0,
record_update__clean__r003,record_update,clean,clean,nominal_repeat,False,False,10,
record_update__clean__r003,record_update,clean,clean,random_relational_fuzzing,False,False,10,
record_update__clean__r003,record_update,clean,clean,cep,False,False,10,
record_update__clean__r004,record_update,clean,clean,document_trust,False,False,0,
record_update__clean__r004,record_update,clean,clean,nominal_repeat,False,False,10,
record_update__clean__r004,record_update,clean,clean,random_relational_fuzzing,False,False,10,
record_update__clean__r004,record_update,clean,clean,cep,False,False,10,
record_update__clean__r005,record_update,clean,clean,document_trust,False,False,0,
record_update__clean__r005,record_update,clean,clean,nominal_repeat,False,False,10,
record_update__clean__r005,record_update,clean,clean,random_relational_fuzzing,False,False,10,
record_update__clean__r005,record_update,clean,clean,cep,False,False,10,
record_update__clean__r006,record_update,clean,clean,document_trust,False,False,0,
record_update__clean__r006,record_update,clean,clean,nominal_repeat,False,False,10,
record_update__clean__r006,record_update,clean,clean,random_relational_fuzzing,False,False,10,
record_update__clean__r006,record_update,clean,clean,cep,False,False,10,
record_update__clean__r007,record_update,clean,clean,document_trust,False,False,0,
record_update__clean__r007,record_update,clean,clean,nominal_repeat,False,False,10,
record_update__clean__r007,record_update,clean,clean,random_relational_fuzzing,False,False,10,
record_update__clean__r007,record_update,clean,clean,cep,False,False,10,
record_update__clean__r008,record_update,clean,clean,document_trust,False,False,0,
record_update__clean__r008,record_update,clean,clean,nominal_repeat,False,False,10,
record_update__clean__r008,record_update,clean,clean,random_relational_fuzzing,False,False,10,
record_update__clean__r008,record_update,clean,clean,cep,False,False,10,
record_update__clean__r009,record_update,clean,clean,document_trust,False,False,0,
record_update__clean__r009,record_update,clean,clean,nominal_repeat,False,False,10,
record_update__clean__r009,record_update,clean,clean,random_relational_fuzzing,False,False,10,
record_update__clean__r009,record_update,clean,clean,cep,False,False,10,
record_update__clean__r010,record_update,clean,clean,document_trust,False,False,0,
record_update__clean__r010,record_update,clean,clean,nominal_repeat,False,False,10,
record_update__clean__r010,record_update,clean,clean,random_relational_fuzzing,False,False,10,
record_update__clean__r010,record_update,clean,clean,cep,False,False,10,
record_update__clean__r011,record_update,clean,clean,document_trust,False,False,0,
record_update__clean__r011,record_update,clean,clean,nominal_repeat,False,False,10,
record_update__clean__r011,record_update,clean,clean,random_relational_fuzzing,False,False,10,
record_update__clean__r011,record_update,clean,clean,cep,False,False,10,
record_update__clean__r012,record_update,clean,clean,document_trust,False,False,0,
record_update__clean__r012,record_update,clean,clean,nominal_repeat,False,False,10,
record_update__clean__r012,record_update,clean,clean,random_relational_fuzzing,False,False,10,
record_update__clean__r012,record_update,clean,clean,cep,False,False,10,
record_update__clean__r013,record_update,clean,clean,document_trust,False,False,0,
record_update__clean__r013,record_update,clean,clean,nominal_repeat,False,False,10,
record_update__clean__r013,record_update,clean,clean,random_relational_fuzzing,False,False,10,
record_update__clean__r013,record_update,clean,clean,cep,False,False,10,
record_update__clean__r014,record_update,clean,clean,document_trust,False,False,0,
record_update__clean__r014,record_update,clean,clean,nominal_repeat,False,False,10,
record_update__clean__r014,record_update,clean,clean,random_relational_fuzzing,False,False,10,
record_update__clean__r014,record_update,clean,clean,cep,False,False,10,
record_update__clean__r015,record_update,clean,clean,document_trust,False,False,0,
record_update__clean__r015,record_update,clean,clean,nominal_repeat,False,False,10,
record_update__clean__r015,record_update,clean,clean,random_relational_fuzzing,False,False,10,
record_update__clean__r015,record_update,clean,clean,cep,False,False,10,
record_update__clean__r016,record_update,clean,clean,document_trust,False,False,0,
record_update__clean__r016,record_update,clean,clean,nominal_repeat,False,False,10,
record_update__clean__r016,record_update,clean,clean,random_relational_fuzzing,False,False,10,
record_update__clean__r016,record_update,clean,clean,cep,False,False,10,
record_update__clean__r017,record_update,clean,clean,document_trust,False,False,0,
record_update__clean__r017,record_update,clean,clean,nominal_repeat,False,False,10,
record_update__clean__r017,record_update,clean,clean,random_relational_fuzzing,False,False,10,
record_update__clean__r017,record_update,clean,clean,cep,False,False,10,
record_update__clean__r018,record_update,clean,clean,document_trust,False,False,0,
record_update__clean__r018,record_update,clean,clean,nominal_repeat,False,False,10,
record_update__clean__r018,record_update,clean,clean,random_relational_fuzzing,False,False,10,
record_update__clean__r018,record_update,clean,clean,cep,False,False,10,
record_update__clean__r019,record_update,clean,clean,document_trust,False,False,0,
record_update__clean__r019,record_update,clean,clean,nominal_repeat,False,False,10,
record_update__clean__r019,record_update,clean,clean,random_relational_fuzzing,False,False,10,
record_update__clean__r019,record_update,clean,clean,cep,False,False,10,
record_update__fixed_target__r000,record_update,fixed_target,single_factor_observable,document_trust,True,False,0,
record_update__fixed_target__r000,record_update,fixed_target,single_factor_observable,nominal_repeat,True,False,10,
record_update__fixed_target__r000,record_update,fixed_target,single_factor_observable,random_relational_fuzzing,True,True,10,"target_nonresponsiveness:random_3,random_9"
record_update__fixed_target__r000,record_update,fixed_target,single_factor_observable,cep,True,True,10,"target_nonresponsiveness:target_edge_1,target_edge_2"
record_update__fixed_target__r001,record_update,fixed_target,single_factor_observable,document_trust,True,False,0,
record_update__fixed_target__r001,record_update,fixed_target,single_factor_observable,nominal_repeat,True,False,10,
record_update__fixed_target__r001,record_update,fixed_target,single_factor_observable,random_relational_fuzzing,True,False,10,
record_update__fixed_target__r001,record_update,fixed_target,single_factor_observable,cep,True,True,10,"target_nonresponsiveness:target_edge_1,target_edge_2"
record_update__fixed_target__r002,record_update,fixed_target,single_factor_observable,document_trust,True,False,0,
record_update__fixed_target__r002,record_update,fixed_target,single_factor_observable,nominal_repeat,True,False,10,
record_update__fixed_target__r002,record_update,fixed_target,single_factor_observable,random_relational_fuzzing,True,False,10,
record_update__fixed_target__r002,record_update,fixed_target,single_factor_observable,cep,True,True,10,"target_nonresponsiveness:target_edge_1,target_edge_2"
record_update__fixed_target__r003,record_update,fixed_target,single_factor_observable,document_trust,True,False,0,
record_update__fixed_target__r003,record_update,fixed_target,single_factor_observable,nominal_repeat,True,False,10,
record_update__fixed_target__r003,record_update,fixed_target,single_factor_observable,random_relational_fuzzing,True,False,10,
record_update__fixed_target__r003,record_update,fixed_target,single_factor_observable,cep,True,True,10,"target_nonresponsiveness:target_edge_1,target_edge_2"
record_update__fixed_target__r004,record_update,fixed_target,single_factor_observable,document_trust,True,False,0,
record_update__fixed_target__r004,record_update,fixed_target,single_factor_observable,nominal_repeat,True,False,10,
record_update__fixed_target__r004,record_update,fixed_target,single_factor_observable,random_relational_fuzzing,True,False,10,
record_update__fixed_target__r004,record_update,fixed_target,single_factor_observable,cep,True,True,10,"target_nonresponsiveness:target_edge_1,target_edge_2"
record_update__fixed_target__r005,record_update,fixed_target,single_factor_observable,document_trust,True,False,0,
record_update__fixed_target__r005,record_update,fixed_target,single_factor_observable,nominal_repeat,True,False,10,
record_update__fixed_target__r005,record_update,fixed_target,single_factor_observable,random_relational_fuzzing,True,False,10,
record_update__fixed_target__r005,record_update,fixed_target,single_factor_observable,cep,True,True,10,"target_nonresponsiveness:target_edge_1,target_edge_2"
record_update__fixed_target__r006,record_update,fixed_target,single_factor_observable,document_trust,True,False,0,
record_update__fixed_target__r006,record_update,fixed_target,single_factor_observable,nominal_repeat,True,False,10,
record_update__fixed_target__r006,record_update,fixed_target,single_factor_observable,random_relational_fuzzing,True,False,10,
record_update__fixed_target__r006,record_update,fixed_target,single_factor_observable,cep,True,True,10,"target_nonresponsiveness:target_edge_1,target_edge_2"
record_update__fixed_target__r007,record_update,fixed_target,single_factor_observable,document_trust,True,False,0,
record_update__fixed_target__r007,record_update,fixed_target,single_factor_observable,nominal_repeat,True,False,10,
record_update__fixed_target__r007,record_update,fixed_target,single_factor_observable,random_relational_fuzzing,True,False,10,
record_update__fixed_target__r007,record_update,fixed_target,single_factor_observable,cep,True,True,10,"target_nonresponsiveness:target_edge_1,target_edge_2"
record_update__fixed_target__r008,record_update,fixed_target,single_factor_observable,document_trust,True,False,0,
record_update__fixed_target__r008,record_update,fixed_target,single_factor_observable,nominal_repeat,True,False,10,
record_update__fixed_target__r008,record_update,fixed_target,single_factor_observable,random_relational_fuzzing,True,False,10,
record_update__fixed_target__r008,record_update,fixed_target,single_factor_observable,cep,True,True,10,"target_nonresponsiveness:target_edge_1,target_edge_2"
record_update__fixed_target__r009,record_update,fixed_target,single_factor_observable,document_trust,True,False,0,
record_update__fixed_target__r009,record_update,fixed_target,single_factor_observable,nominal_repeat,True,False,10,
record_update__fixed_target__r009,record_update,fixed_target,single_factor_observable,random_relational_fuzzing,True,False,10,
record_update__fixed_target__r009,record_update,fixed_target,single_factor_observable,cep,True,True,10,"target_nonresponsiveness:target_edge_1,target_edge_2"
record_update__fixed_target__r010,record_update,fixed_target,single_factor_observable,document_trust,True,False,0,
record_update__fixed_target__r010,record_update,fixed_target,single_factor_observable,nominal_repeat,True,False,10,
record_update__fixed_target__r010,record_update,fixed_target,single_factor_observable,random_relational_fuzzing,True,False,10,
record_update__fixed_target__r010,record_update,fixed_target,single_factor_observable,cep,True,True,10,"target_nonresponsiveness:target_edge_1,target_edge_2"
record_update__fixed_target__r011,record_update,fixed_target,single_factor_observable,document_trust,True,False,0,
record_update__fixed_target__r011,record_update,fixed_target,single_factor_observable,nominal_repeat,True,False,10,
record_update__fixed_target__r011,record_update,fixed_target,single_factor_observable,random_relational_fuzzing,True,True,10,"target_nonresponsiveness:random_3,random_9|target_nonresponsiveness:random_5,random_9"
record_update__fixed_target__r011,record_update,fixed_target,single_factor_observable,cep,True,True,10,"target_nonresponsiveness:target_edge_1,target_edge_2"
record_update__fixed_target__r012,record_update,fixed_target,single_factor_observable,document_trust,True,False,0,
record_update__fixed_target__r012,record_update,fixed_target,single_factor_observable,nominal_repeat,True,False,10,
record_update__fixed_target__r012,record_update,fixed_target,single_factor_observable,random_relational_fuzzing,True,True,10,"target_nonresponsiveness:random_1,random_9"
record_update__fixed_target__r012,record_update,fixed_target,single_factor_observable,cep,True,True,10,"target_nonresponsiveness:target_edge_1,target_edge_2"
record_update__fixed_target__r013,record_update,fixed_target,single_factor_observable,document_trust,True,False,0,
record_update__fixed_target__r013,record_update,fixed_target,single_factor_observable,nominal_repeat,True,False,10,
record_update__fixed_target__r013,record_update,fixed_target,single_factor_observable,random_relational_fuzzing,True,False,10,
record_update__fixed_target__r013,record_update,fixed_target,single_factor_observable,cep,True,True,10,"target_nonresponsiveness:target_edge_1,target_edge_2"
record_update__fixed_target__r014,record_update,fixed_target,single_factor_observable,document_trust,True,False,0,
record_update__fixed_target__r014,record_update,fixed_target,single_factor_observable,nominal_repeat,True,False,10,
record_update__fixed_target__r014,record_update,fixed_target,single_factor_observable,random_relational_fuzzing,True,True,10,"target_nonresponsiveness:random_0,random_3|target_nonresponsiveness:random_2,random_3"
record_update__fixed_target__r014,record_update,fixed_target,single_factor_observable,cep,True,True,10,"target_nonresponsiveness:target_edge_1,target_edge_2"
record_update__fixed_target__r015,record_update,fixed_target,single_factor_observable,document_trust,True,False,0,
record_update__fixed_target__r015,record_update,fixed_target,single_factor_observable,nominal_repeat,True,False,10,
record_update__fixed_target__r015,record_update,fixed_target,single_factor_observable,random_relational_fuzzing,True,False,10,
record_update__fixed_target__r015,record_update,fixed_target,single_factor_observable,cep,True,True,10,"target_nonresponsiveness:target_edge_1,target_edge_2"
record_update__fixed_target__r016,record_update,fixed_target,single_factor_observable,document_trust,True,False,0,
record_update__fixed_target__r016,record_update,fixed_target,single_factor_observable,nominal_repeat,True,False,10,
record_update__fixed_target__r016,record_update,fixed_target,single_factor_observable,random_relational_fuzzing,True,False,10,
record_update__fixed_target__r016,record_update,fixed_target,single_factor_observable,cep,True,True,10,"target_nonresponsiveness:target_edge_1,target_edge_2"
record_update__fixed_target__r017,record_update,fixed_target,single_factor_observable,document_trust,True,False,0,
record_update__fixed_target__r017,record_update,fixed_target,single_factor_observable,nominal_repeat,True,False,10,
record_update__fixed_target__r017,record_update,fixed_target,single_factor_observable,random_relational_fuzzing,True,False,10,
record_update__fixed_target__r017,record_update,fixed_target,single_factor_observable,cep,True,True,10,"target_nonresponsiveness:target_edge_1,target_edge_2"
record_update__fixed_target__r018,record_update,fixed_target,single_factor_observable,document_trust,True,False,0,
record_update__fixed_target__r018,record_update,fixed_target,single_factor_observable,nominal_repeat,True,False,10,
record_update__fixed_target__r018,record_update,fixed_target,single_factor_observable,random_relational_fuzzing,True,False,10,
record_update__fixed_target__r018,record_update,fixed_target,single_factor_observable,cep,True,True,10,"target_nonresponsiveness:target_edge_1,target_edge_2"
record_update__fixed_target__r019,record_update,fixed_target,single_factor_observable,document_trust,True,False,0,
record_update__fixed_target__r019,record_update,fixed_target,single_factor_observable,nominal_repeat,True,False,10,
record_update__fixed_target__r019,record_update,fixed_target,single_factor_observable,random_relational_fuzzing,True,False,10,
record_update__fixed_target__r019,record_update,fixed_target,single_factor_observable,cep,True,True,10,"target_nonresponsiveness:target_edge_1,target_edge_2"
record_update__sensitive_exfil__r000,record_update,sensitive_exfil,single_factor_observable,document_trust,True,False,0,
record_update__sensitive_exfil__r000,record_update,sensitive_exfil,single_factor_observable,nominal_repeat,True,False,10,
record_update__sensitive_exfil__r000,record_update,sensitive_exfil,single_factor_observable,random_relational_fuzzing,True,True,10,random_2:effect_count=2|random_3:effect_count=2
record_update__sensitive_exfil__r000,record_update,sensitive_exfil,single_factor_observable,cep,True,True,10,sensitive_1:effect_count=2|sensitive_2:effect_count=2
record_update__sensitive_exfil__r001,record_update,sensitive_exfil,single_factor_observable,document_trust,True,False,0,
record_update__sensitive_exfil__r001,record_update,sensitive_exfil,single_factor_observable,nominal_repeat,True,False,10,
record_update__sensitive_exfil__r001,record_update,sensitive_exfil,single_factor_observable,random_relational_fuzzing,True,True,10,random_1:effect_count=2|random_7:effect_count=2
record_update__sensitive_exfil__r001,record_update,sensitive_exfil,single_factor_observable,cep,True,True,10,sensitive_1:effect_count=2|sensitive_2:effect_count=2
record_update__sensitive_exfil__r002,record_update,sensitive_exfil,single_factor_observable,document_trust,True,False,0,
record_update__sensitive_exfil__r002,record_update,sensitive_exfil,single_factor_observable,nominal_repeat,True,False,10,
record_update__sensitive_exfil__r002,record_update,sensitive_exfil,single_factor_observable,random_relational_fuzzing,True,True,10,random_8:effect_count=2
record_update__sensitive_exfil__r002,record_update,sensitive_exfil,single_factor_observable,cep,True,True,10,sensitive_1:effect_count=2|sensitive_2:effect_count=2
record_update__sensitive_exfil__r003,record_update,sensitive_exfil,single_factor_observable,document_trust,True,False,0,
record_update__sensitive_exfil__r003,record_update,sensitive_exfil,single_factor_observable,nominal_repeat,True,False,10,
record_update__sensitive_exfil__r003,record_update,sensitive_exfil,single_factor_observable,random_relational_fuzzing,True,True,10,random_0:effect_count=2
record_update__sensitive_exfil__r003,record_update,sensitive_exfil,single_factor_observable,cep,True,True,10,sensitive_1:effect_count=2|sensitive_2:effect_count=2
record_update__sensitive_exfil__r004,record_update,sensitive_exfil,single_factor_observable,document_trust,True,False,0,
record_update__sensitive_exfil__r004,record_update,sensitive_exfil,single_factor_observable,nominal_repeat,True,False,10,
record_update__sensitive_exfil__r004,record_update,sensitive_exfil,single_factor_observable,random_relational_fuzzing,True,False,10,
record_update__sensitive_exfil__r004,record_update,sensitive_exfil,single_factor_observable,cep,True,True,10,sensitive_1:effect_count=2|sensitive_2:effect_count=2
record_update__sensitive_exfil__r005,record_update,sensitive_exfil,single_factor_observable,document_trust,True,False,0,
record_update__sensitive_exfil__r005,record_update,sensitive_exfil,single_factor_observable,nominal_repeat,True,False,10,
record_update__sensitive_exfil__r005,record_update,sensitive_exfil,single_factor_observable,random_relational_fuzzing,True,True,10,random_0:effect_count=2|random_3:effect_count=2|random_5:effect_count=2
record_update__sensitive_exfil__r005,record_update,sensitive_exfil,single_factor_observable,cep,True,True,10,sensitive_1:effect_count=2|sensitive_2:effect_count=2
record_update__sensitive_exfil__r006,record_update,sensitive_exfil,single_factor_observable,document_trust,True,False,0,
record_update__sensitive_exfil__r006,record_update,sensitive_exfil,single_factor_observable,nominal_repeat,True,False,10,
record_update__sensitive_exfil__r006,record_update,sensitive_exfil,single_factor_observable,random_relational_fuzzing,True,True,10,random_0:effect_count=2|random_1:effect_count=2
record_update__sensitive_exfil__r006,record_update,sensitive_exfil,single_factor_observable,cep,True,True,10,sensitive_1:effect_count=2|sensitive_2:effect_count=2
record_update__sensitive_exfil__r007,record_update,sensitive_exfil,single_factor_observable,document_trust,True,False,0,
record_update__sensitive_exfil__r007,record_update,sensitive_exfil,single_factor_observable,nominal_repeat,True,False,10,
record_update__sensitive_exfil__r007,record_update,sensitive_exfil,single_factor_observable,random_relational_fuzzing,True,True,10,random_0:effect_count=2
record_update__sensitive_exfil__r007,record_update,sensitive_exfil,single_factor_observable,cep,True,True,10,sensitive_1:effect_count=2|sensitive_2:effect_count=2
record_update__sensitive_exfil__r008,record_update,sensitive_exfil,single_factor_observable,document_trust,True,False,0,
record_update__sensitive_exfil__r008,record_update,sensitive_exfil,single_factor_observable,nominal_repeat,True,False,10,
record_update__sensitive_exfil__r008,record_update,sensitive_exfil,single_factor_observable,random_relational_fuzzing,True,True,10,random_1:effect_count=2|random_3:effect_count=2
record_update__sensitive_exfil__r008,record_update,sensitive_exfil,single_factor_observable,cep,True,True,10,sensitive_1:effect_count=2|sensitive_2:effect_count=2
record_update__sensitive_exfil__r009,record_update,sensitive_exfil,single_factor_observable,document_trust,True,False,0,
record_update__sensitive_exfil__r009,record_update,sensitive_exfil,single_factor_observable,nominal_repeat,True,False,10,
record_update__sensitive_exfil__r009,record_update,sensitive_exfil,single_factor_observable,random_relational_fuzzing,True,True,10,random_0:effect_count=2|random_1:effect_count=2|random_3:effect_count=2|random_6:effect_count=2|random_8:effect_count=2
record_update__sensitive_exfil__r009,record_update,sensitive_exfil,single_factor_observable,cep,True,True,10,sensitive_1:effect_count=2|sensitive_2:effect_count=2
record_update__sensitive_exfil__r010,record_update,sensitive_exfil,single_factor_observable,document_trust,True,False,0,
record_update__sensitive_exfil__r010,record_update,sensitive_exfil,single_factor_observable,nominal_repeat,True,False,10,
record_update__sensitive_exfil__r010,record_update,sensitive_exfil,single_factor_observable,random_relational_fuzzing,True,True,10,random_0:effect_count=2|random_5:effect_count=2|random_7:effect_count=2|random_9:effect_count=2
record_update__sensitive_exfil__r010,record_update,sensitive_exfil,single_factor_observable,cep,True,True,10,sensitive_1:effect_count=2|sensitive_2:effect_count=2
record_update__sensitive_exfil__r011,record_update,sensitive_exfil,single_factor_observable,document_trust,True,False,0,
record_update__sensitive_exfil__r011,record_update,sensitive_exfil,single_factor_observable,nominal_repeat,True,False,10,
record_update__sensitive_exfil__r011,record_update,sensitive_exfil,single_factor_observable,random_relational_fuzzing,True,True,10,random_3:effect_count=2
record_update__sensitive_exfil__r011,record_update,sensitive_exfil,single_factor_observable,cep,True,True,10,sensitive_1:effect_count=2|sensitive_2:effect_count=2
record_update__sensitive_exfil__r012,record_update,sensitive_exfil,single_factor_observable,document_trust,True,False,0,
record_update__sensitive_exfil__r012,record_update,sensitive_exfil,single_factor_observable,nominal_repeat,True,False,10,
record_update__sensitive_exfil__r012,record_update,sensitive_exfil,single_factor_observable,random_relational_fuzzing,True,True,10,random_0:effect_count=2
record_update__sensitive_exfil__r012,record_update,sensitive_exfil,single_factor_observable,cep,True,True,10,sensitive_1:effect_count=2|sensitive_2:effect_count=2
record_update__sensitive_exfil__r013,record_update,sensitive_exfil,single_factor_observable,document_trust,True,False,0,
record_update__sensitive_exfil__r013,record_update,sensitive_exfil,single_factor_observable,nominal_repeat,True,False,10,
record_update__sensitive_exfil__r013,record_update,sensitive_exfil,single_factor_observable,random_relational_fuzzing,True,True,10,random_1:effect_count=2|random_9:effect_count=2
record_update__sensitive_exfil__r013,record_update,sensitive_exfil,single_factor_observable,cep,True,True,10,sensitive_1:effect_count=2|sensitive_2:effect_count=2
record_update__sensitive_exfil__r014,record_update,sensitive_exfil,single_factor_observable,document_trust,True,False,0,
record_update__sensitive_exfil__r014,record_update,sensitive_exfil,single_factor_observable,nominal_repeat,True,False,10,
record_update__sensitive_exfil__r014,record_update,sensitive_exfil,single_factor_observable,random_relational_fuzzing,True,True,10,random_5:effect_count=2
record_update__sensitive_exfil__r014,record_update,sensitive_exfil,single_factor_observable,cep,True,True,10,sensitive_1:effect_count=2|sensitive_2:effect_count=2
record_update__sensitive_exfil__r015,record_update,sensitive_exfil,single_factor_observable,document_trust,True,False,0,
record_update__sensitive_exfil__r015,record_update,sensitive_exfil,single_factor_observable,nominal_repeat,True,False,10,
record_update__sensitive_exfil__r015,record_update,sensitive_exfil,single_factor_observable,random_relational_fuzzing,True,True,10,random_4:effect_count=2|random_9:effect_count=2
record_update__sensitive_exfil__r015,record_update,sensitive_exfil,single_factor_observable,cep,True,True,10,sensitive_1:effect_count=2|sensitive_2:effect_count=2
record_update__sensitive_exfil__r016,record_update,sensitive_exfil,single_factor_observable,document_trust,True,False,0,
record_update__sensitive_exfil__r016,record_update,sensitive_exfil,single_factor_observable,nominal_repeat,True,False,10,
record_update__sensitive_exfil__r016,record_update,sensitive_exfil,single_factor_observable,random_relational_fuzzing,True,True,10,random_8:effect_count=2
record_update__sensitive_exfil__r016,record_update,sensitive_exfil,single_factor_observable,cep,True,True,10,sensitive_1:effect_count=2|sensitive_2:effect_count=2
record_update__sensitive_exfil__r017,record_update,sensitive_exfil,single_factor_observable,document_trust,True,False,0,
record_update__sensitive_exfil__r017,record_update,sensitive_exfil,single_factor_observable,nominal_repeat,True,False,10,
record_update__sensitive_exfil__r017,record_update,sensitive_exfil,single_factor_observable,random_relational_fuzzing,True,True,10,random_1:effect_count=2|random_2:effect_count=2|random_3:effect_count=2|random_7:effect_count=2
record_update__sensitive_exfil__r017,record_update,sensitive_exfil,single_factor_observable,cep,True,True,10,sensitive_1:effect_count=2|sensitive_2:effect_count=2
record_update__sensitive_exfil__r018,record_update,sensitive_exfil,single_factor_observable,document_trust,True,False,0,
record_update__sensitive_exfil__r018,record_update,sensitive_exfil,single_factor_observable,nominal_repeat,True,False,10,
record_update__sensitive_exfil__r018,record_update,sensitive_exfil,single_factor_observable,random_relational_fuzzing,True,True,10,random_0:effect_count=2|random_5:effect_count=2|random_7:effect_count=2
record_update__sensitive_exfil__r018,record_update,sensitive_exfil,single_factor_observable,cep,True,True,10,sensitive_1:effect_count=2|sensitive_2:effect_count=2
record_update__sensitive_exfil__r019,record_update,sensitive_exfil,single_factor_observable,document_trust,True,False,0,
record_update__sensitive_exfil__r019,record_update,sensitive_exfil,single_factor_observable,nominal_repeat,True,False,10,
record_update__sensitive_exfil__r019,record_update,sensitive_exfil,single_factor_observable,random_relational_fuzzing,True,True,10,random_1:effect_count=2|random_3:effect_count=2|random_5:effect_count=2
record_update__sensitive_exfil__r019,record_update,sensitive_exfil,single_factor_observable,cep,True,True,10,sensitive_1:effect_count=2|sensitive_2:effect_count=2
record_update__ambient_neighbor__r000,record_update,ambient_neighbor,single_factor_observable,document_trust,True,False,0,
record_update__ambient_neighbor__r000,record_update,ambient_neighbor,single_factor_observable,nominal_repeat,True,False,10,
record_update__ambient_neighbor__r000,record_update,ambient_neighbor,single_factor_observable,random_relational_fuzzing,True,True,10,random_0:effect_count=2|random_5:effect_count=2
record_update__ambient_neighbor__r000,record_update,ambient_neighbor,single_factor_observable,cep,True,True,10,neighbor:effect_count=2
record_update__ambient_neighbor__r001,record_update,ambient_neighbor,single_factor_observable,document_trust,True,False,0,
record_update__ambient_neighbor__r001,record_update,ambient_neighbor,single_factor_observable,nominal_repeat,True,False,10,
record_update__ambient_neighbor__r001,record_update,ambient_neighbor,single_factor_observable,random_relational_fuzzing,True,True,10,random_6:effect_count=2|random_9:effect_count=2
record_update__ambient_neighbor__r001,record_update,ambient_neighbor,single_factor_observable,cep,True,True,10,neighbor:effect_count=2
record_update__ambient_neighbor__r002,record_update,ambient_neighbor,single_factor_observable,document_trust,True,False,0,
record_update__ambient_neighbor__r002,record_update,ambient_neighbor,single_factor_observable,nominal_repeat,True,False,10,
record_update__ambient_neighbor__r002,record_update,ambient_neighbor,single_factor_observable,random_relational_fuzzing,True,True,10,random_6:effect_count=2|random_9:effect_count=2
record_update__ambient_neighbor__r002,record_update,ambient_neighbor,single_factor_observable,cep,True,True,10,neighbor:effect_count=2
record_update__ambient_neighbor__r003,record_update,ambient_neighbor,single_factor_observable,document_trust,True,False,0,
record_update__ambient_neighbor__r003,record_update,ambient_neighbor,single_factor_observable,nominal_repeat,True,False,10,
record_update__ambient_neighbor__r003,record_update,ambient_neighbor,single_factor_observable,random_relational_fuzzing,True,True,10,random_2:effect_count=2
record_update__ambient_neighbor__r003,record_update,ambient_neighbor,single_factor_observable,cep,True,True,10,neighbor:effect_count=2
record_update__ambient_neighbor__r004,record_update,ambient_neighbor,single_factor_observable,document_trust,True,False,0,
record_update__ambient_neighbor__r004,record_update,ambient_neighbor,single_factor_observable,nominal_repeat,True,False,10,
record_update__ambient_neighbor__r004,record_update,ambient_neighbor,single_factor_observable,random_relational_fuzzing,True,True,10,random_7:effect_count=2
record_update__ambient_neighbor__r004,record_update,ambient_neighbor,single_factor_observable,cep,True,True,10,neighbor:effect_count=2
record_update__ambient_neighbor__r005,record_update,ambient_neighbor,single_factor_observable,document_trust,True,False,0,
record_update__ambient_neighbor__r005,record_update,ambient_neighbor,single_factor_observable,nominal_repeat,True,False,10,
record_update__ambient_neighbor__r005,record_update,ambient_neighbor,single_factor_observable,random_relational_fuzzing,True,True,10,random_9:effect_count=2
record_update__ambient_neighbor__r005,record_update,ambient_neighbor,single_factor_observable,cep,True,True,10,neighbor:effect_count=2
record_update__ambient_neighbor__r006,record_update,ambient_neighbor,single_factor_observable,document_trust,True,False,0,
record_update__ambient_neighbor__r006,record_update,ambient_neighbor,single_factor_observable,nominal_repeat,True,False,10,
record_update__ambient_neighbor__r006,record_update,ambient_neighbor,single_factor_observable,random_relational_fuzzing,True,True,10,random_1:effect_count=2|random_2:effect_count=2|random_3:effect_count=2|random_9:effect_count=2
record_update__ambient_neighbor__r006,record_update,ambient_neighbor,single_factor_observable,cep,True,True,10,neighbor:effect_count=2
record_update__ambient_neighbor__r007,record_update,ambient_neighbor,single_factor_observable,document_trust,True,False,0,
record_update__ambient_neighbor__r007,record_update,ambient_neighbor,single_factor_observable,nominal_repeat,True,False,10,
record_update__ambient_neighbor__r007,record_update,ambient_neighbor,single_factor_observable,random_relational_fuzzing,True,True,10,random_1:effect_count=2|random_4:effect_count=2|random_7:effect_count=2
record_update__ambient_neighbor__r007,record_update,ambient_neighbor,single_factor_observable,cep,True,True,10,neighbor:effect_count=2
record_update__ambient_neighbor__r008,record_update,ambient_neighbor,single_factor_observable,document_trust,True,False,0,
record_update__ambient_neighbor__r008,record_update,ambient_neighbor,single_factor_observable,nominal_repeat,True,False,10,
record_update__ambient_neighbor__r008,record_update,ambient_neighbor,single_factor_observable,random_relational_fuzzing,True,True,10,random_1:effect_count=2|random_5:effect_count=2|random_7:effect_count=2
record_update__ambient_neighbor__r008,record_update,ambient_neighbor,single_factor_observable,cep,True,True,10,neighbor:effect_count=2
record_update__ambient_neighbor__r009,record_update,ambient_neighbor,single_factor_observable,document_trust,True,False,0,
record_update__ambient_neighbor__r009,record_update,ambient_neighbor,single_factor_observable,nominal_repeat,True,False,10,
record_update__ambient_neighbor__r009,record_update,ambient_neighbor,single_factor_observable,random_relational_fuzzing,True,True,10,random_5:effect_count=2|random_6:effect_count=2
record_update__ambient_neighbor__r009,record_update,ambient_neighbor,single_factor_observable,cep,True,True,10,neighbor:effect_count=2
record_update__ambient_neighbor__r010,record_update,ambient_neighbor,single_factor_observable,document_trust,True,False,0,
record_update__ambient_neighbor__r010,record_update,ambient_neighbor,single_factor_observable,nominal_repeat,True,False,10,
record_update__ambient_neighbor__r010,record_update,ambient_neighbor,single_factor_observable,random_relational_fuzzing,True,True,10,random_3:effect_count=2|random_6:effect_count=2
record_update__ambient_neighbor__r010,record_update,ambient_neighbor,single_factor_observable,cep,True,True,10,neighbor:effect_count=2
record_update__ambient_neighbor__r011,record_update,ambient_neighbor,single_factor_observable,document_trust,True,False,0,
record_update__ambient_neighbor__r011,record_update,ambient_neighbor,single_factor_observable,nominal_repeat,True,False,10,
record_update__ambient_neighbor__r011,record_update,ambient_neighbor,single_factor_observable,random_relational_fuzzing,True,True,10,random_5:effect_count=2|random_9:effect_count=2
record_update__ambient_neighbor__r011,record_update,ambient_neighbor,single_factor_observable,cep,True,True,10,neighbor:effect_count=2
record_update__ambient_neighbor__r012,record_update,ambient_neighbor,single_factor_observable,document_trust,True,False,0,
record_update__ambient_neighbor__r012,record_update,ambient_neighbor,single_factor_observable,nominal_repeat,True,False,10,
record_update__ambient_neighbor__r012,record_update,ambient_neighbor,single_factor_observable,random_relational_fuzzing,True,True,10,random_9:effect_count=2
record_update__ambient_neighbor__r012,record_update,ambient_neighbor,single_factor_observable,cep,True,True,10,neighbor:effect_count=2
record_update__ambient_neighbor__r013,record_update,ambient_neighbor,single_factor_observable,document_trust,True,False,0,
record_update__ambient_neighbor__r013,record_update,ambient_neighbor,single_factor_observable,nominal_repeat,True,False,10,
record_update__ambient_neighbor__r013,record_update,ambient_neighbor,single_factor_observable,random_relational_fuzzing,True,True,10,random_4:effect_count=2|random_5:effect_count=2|random_8:effect_count=2
record_update__ambient_neighbor__r013,record_update,ambient_neighbor,single_factor_observable,cep,True,True,10,neighbor:effect_count=2
record_update__ambient_neighbor__r014,record_update,ambient_neighbor,single_factor_observable,document_trust,True,False,0,
record_update__ambient_neighbor__r014,record_update,ambient_neighbor,single_factor_observable,nominal_repeat,True,False,10,
record_update__ambient_neighbor__r014,record_update,ambient_neighbor,single_factor_observable,random_relational_fuzzing,True,True,10,random_2:effect_count=2
record_update__ambient_neighbor__r014,record_update,ambient_neighbor,single_factor_observable,cep,True,True,10,neighbor:effect_count=2
record_update__ambient_neighbor__r015,record_update,ambient_neighbor,single_factor_observable,document_trust,True,False,0,
record_update__ambient_neighbor__r015,record_update,ambient_neighbor,single_factor_observable,nominal_repeat,True,False,10,
record_update__ambient_neighbor__r015,record_update,ambient_neighbor,single_factor_observable,random_relational_fuzzing,True,True,10,random_5:effect_count=2
record_update__ambient_neighbor__r015,record_update,ambient_neighbor,single_factor_observable,cep,True,True,10,neighbor:effect_count=2
record_update__ambient_neighbor__r016,record_update,ambient_neighbor,single_factor_observable,document_trust,True,False,0,
record_update__ambient_neighbor__r016,record_update,ambient_neighbor,single_factor_observable,nominal_repeat,True,False,10,
record_update__ambient_neighbor__r016,record_update,ambient_neighbor,single_factor_observable,random_relational_fuzzing,True,True,10,random_1:effect_count=2|random_4:effect_count=2|random_6:effect_count=2
record_update__ambient_neighbor__r016,record_update,ambient_neighbor,single_factor_observable,cep,True,True,10,neighbor:effect_count=2
record_update__ambient_neighbor__r017,record_update,ambient_neighbor,single_factor_observable,document_trust,True,False,0,
record_update__ambient_neighbor__r017,record_update,ambient_neighbor,single_factor_observable,nominal_repeat,True,False,10,
record_update__ambient_neighbor__r017,record_update,ambient_neighbor,single_factor_observable,random_relational_fuzzing,True,True,10,random_0:effect_count=2
record_update__ambient_neighbor__r017,record_update,ambient_neighbor,single_factor_observable,cep,True,True,10,neighbor:effect_count=2
record_update__ambient_neighbor__r018,record_update,ambient_neighbor,single_factor_observable,document_trust,True,False,0,
record_update__ambient_neighbor__r018,record_update,ambient_neighbor,single_factor_observable,nominal_repeat,True,False,10,
record_update__ambient_neighbor__r018,record_update,ambient_neighbor,single_factor_observable,random_relational_fuzzing,True,True,10,random_0:effect_count=2|random_4:effect_count=2
record_update__ambient_neighbor__r018,record_update,ambient_neighbor,single_factor_observable,cep,True,True,10,neighbor:effect_count=2
record_update__ambient_neighbor__r019,record_update,ambient_neighbor,single_factor_observable,document_trust,True,False,0,
record_update__ambient_neighbor__r019,record_update,ambient_neighbor,single_factor_observable,nominal_repeat,True,False,10,
record_update__ambient_neighbor__r019,record_update,ambient_neighbor,single_factor_observable,random_relational_fuzzing,True,True,10,random_7:effect_count=2|random_8:effect_count=2
record_update__ambient_neighbor__r019,record_update,ambient_neighbor,single_factor_observable,cep,True,True,10,neighbor:effect_count=2
record_update__cross_tenant__r000,record_update,cross_tenant,single_factor_observable,document_trust,True,False,0,
record_update__cross_tenant__r000,record_update,cross_tenant,single_factor_observable,nominal_repeat,True,False,10,
record_update__cross_tenant__r000,record_update,cross_tenant,single_factor_observable,random_relational_fuzzing,True,True,10,random_2:effect_count=2|random_6:effect_count=2|random_8:effect_count=2
record_update__cross_tenant__r000,record_update,cross_tenant,single_factor_observable,cep,True,True,10,tenant_boundary:effect_count=2
record_update__cross_tenant__r001,record_update,cross_tenant,single_factor_observable,document_trust,True,False,0,
record_update__cross_tenant__r001,record_update,cross_tenant,single_factor_observable,nominal_repeat,True,False,10,
record_update__cross_tenant__r001,record_update,cross_tenant,single_factor_observable,random_relational_fuzzing,True,True,10,random_2:effect_count=2|random_5:effect_count=2
record_update__cross_tenant__r001,record_update,cross_tenant,single_factor_observable,cep,True,True,10,tenant_boundary:effect_count=2
record_update__cross_tenant__r002,record_update,cross_tenant,single_factor_observable,document_trust,True,False,0,
record_update__cross_tenant__r002,record_update,cross_tenant,single_factor_observable,nominal_repeat,True,False,10,
record_update__cross_tenant__r002,record_update,cross_tenant,single_factor_observable,random_relational_fuzzing,True,True,10,random_1:effect_count=2|random_2:effect_count=2|random_4:effect_count=2
record_update__cross_tenant__r002,record_update,cross_tenant,single_factor_observable,cep,True,True,10,tenant_boundary:effect_count=2
record_update__cross_tenant__r003,record_update,cross_tenant,single_factor_observable,document_trust,True,False,0,
record_update__cross_tenant__r003,record_update,cross_tenant,single_factor_observable,nominal_repeat,True,False,10,
record_update__cross_tenant__r003,record_update,cross_tenant,single_factor_observable,random_relational_fuzzing,True,True,10,random_0:effect_count=2|random_7:effect_count=2
record_update__cross_tenant__r003,record_update,cross_tenant,single_factor_observable,cep,True,True,10,tenant_boundary:effect_count=2
record_update__cross_tenant__r004,record_update,cross_tenant,single_factor_observable,document_trust,True,False,0,
record_update__cross_tenant__r004,record_update,cross_tenant,single_factor_observable,nominal_repeat,True,False,10,
record_update__cross_tenant__r004,record_update,cross_tenant,single_factor_observable,random_relational_fuzzing,True,True,10,random_3:effect_count=2|random_5:effect_count=2
record_update__cross_tenant__r004,record_update,cross_tenant,single_factor_observable,cep,True,True,10,tenant_boundary:effect_count=2
record_update__cross_tenant__r005,record_update,cross_tenant,single_factor_observable,document_trust,True,False,0,
record_update__cross_tenant__r005,record_update,cross_tenant,single_factor_observable,nominal_repeat,True,False,10,
record_update__cross_tenant__r005,record_update,cross_tenant,single_factor_observable,random_relational_fuzzing,True,True,10,random_1:effect_count=2|random_9:effect_count=2
record_update__cross_tenant__r005,record_update,cross_tenant,single_factor_observable,cep,True,True,10,tenant_boundary:effect_count=2
record_update__cross_tenant__r006,record_update,cross_tenant,single_factor_observable,document_trust,True,False,0,
record_update__cross_tenant__r006,record_update,cross_tenant,single_factor_observable,nominal_repeat,True,False,10,
record_update__cross_tenant__r006,record_update,cross_tenant,single_factor_observable,random_relational_fuzzing,True,True,10,random_2:effect_count=2
record_update__cross_tenant__r006,record_update,cross_tenant,single_factor_observable,cep,True,True,10,tenant_boundary:effect_count=2
record_update__cross_tenant__r007,record_update,cross_tenant,single_factor_observable,document_trust,True,False,0,
record_update__cross_tenant__r007,record_update,cross_tenant,single_factor_observable,nominal_repeat,True,False,10,
record_update__cross_tenant__r007,record_update,cross_tenant,single_factor_observable,random_relational_fuzzing,True,False,10,
record_update__cross_tenant__r007,record_update,cross_tenant,single_factor_observable,cep,True,True,10,tenant_boundary:effect_count=2
record_update__cross_tenant__r008,record_update,cross_tenant,single_factor_observable,document_trust,True,False,0,
record_update__cross_tenant__r008,record_update,cross_tenant,single_factor_observable,nominal_repeat,True,False,10,
record_update__cross_tenant__r008,record_update,cross_tenant,single_factor_observable,random_relational_fuzzing,True,True,10,random_1:effect_count=2|random_7:effect_count=2
record_update__cross_tenant__r008,record_update,cross_tenant,single_factor_observable,cep,True,True,10,tenant_boundary:effect_count=2
record_update__cross_tenant__r009,record_update,cross_tenant,single_factor_observable,document_trust,True,False,0,
record_update__cross_tenant__r009,record_update,cross_tenant,single_factor_observable,nominal_repeat,True,False,10,
record_update__cross_tenant__r009,record_update,cross_tenant,single_factor_observable,random_relational_fuzzing,True,True,10,random_7:effect_count=2
record_update__cross_tenant__r009,record_update,cross_tenant,single_factor_observable,cep,True,True,10,tenant_boundary:effect_count=2
record_update__cross_tenant__r010,record_update,cross_tenant,single_factor_observable,document_trust,True,False,0,
record_update__cross_tenant__r010,record_update,cross_tenant,single_factor_observable,nominal_repeat,True,False,10,
record_update__cross_tenant__r010,record_update,cross_tenant,single_factor_observable,random_relational_fuzzing,True,False,10,
record_update__cross_tenant__r010,record_update,cross_tenant,single_factor_observable,cep,True,True,10,tenant_boundary:effect_count=2
record_update__cross_tenant__r011,record_update,cross_tenant,single_factor_observable,document_trust,True,False,0,
record_update__cross_tenant__r011,record_update,cross_tenant,single_factor_observable,nominal_repeat,True,False,10,
record_update__cross_tenant__r011,record_update,cross_tenant,single_factor_observable,random_relational_fuzzing,True,True,10,random_1:effect_count=2
record_update__cross_tenant__r011,record_update,cross_tenant,single_factor_observable,cep,True,True,10,tenant_boundary:effect_count=2
record_update__cross_tenant__r012,record_update,cross_tenant,single_factor_observable,document_trust,True,False,0,
record_update__cross_tenant__r012,record_update,cross_tenant,single_factor_observable,nominal_repeat,True,False,10,
record_update__cross_tenant__r012,record_update,cross_tenant,single_factor_observable,random_relational_fuzzing,True,True,10,random_1:effect_count=2|random_2:effect_count=2|random_3:effect_count=2|random_5:effect_count=2
record_update__cross_tenant__r012,record_update,cross_tenant,single_factor_observable,cep,True,True,10,tenant_boundary:effect_count=2
record_update__cross_tenant__r013,record_update,cross_tenant,single_factor_observable,document_trust,True,False,0,
record_update__cross_tenant__r013,record_update,cross_tenant,single_factor_observable,nominal_repeat,True,False,10,
record_update__cross_tenant__r013,record_update,cross_tenant,single_factor_observable,random_relational_fuzzing,True,True,10,random_5:effect_count=2|random_6:effect_count=2|random_8:effect_count=2|random_9:effect_count=2
record_update__cross_tenant__r013,record_update,cross_tenant,single_factor_observable,cep,True,True,10,tenant_boundary:effect_count=2
record_update__cross_tenant__r014,record_update,cross_tenant,single_factor_observable,document_trust,True,False,0,
record_update__cross_tenant__r014,record_update,cross_tenant,single_factor_observable,nominal_repeat,True,False,10,
record_update__cross_tenant__r014,record_update,cross_tenant,single_factor_observable,random_relational_fuzzing,True,True,10,random_7:effect_count=2
record_update__cross_tenant__r014,record_update,cross_tenant,single_factor_observable,cep,True,True,10,tenant_boundary:effect_count=2
record_update__cross_tenant__r015,record_update,cross_tenant,single_factor_observable,document_trust,True,False,0,
record_update__cross_tenant__r015,record_update,cross_tenant,single_factor_observable,nominal_repeat,True,False,10,
record_update__cross_tenant__r015,record_update,cross_tenant,single_factor_observable,random_relational_fuzzing,True,True,10,random_9:effect_count=2
record_update__cross_tenant__r015,record_update,cross_tenant,single_factor_observable,cep,True,True,10,tenant_boundary:effect_count=2
record_update__cross_tenant__r016,record_update,cross_tenant,single_factor_observable,document_trust,True,False,0,
record_update__cross_tenant__r016,record_update,cross_tenant,single_factor_observable,nominal_repeat,True,False,10,
record_update__cross_tenant__r016,record_update,cross_tenant,single_factor_observable,random_relational_fuzzing,True,True,10,random_0:effect_count=2|random_4:effect_count=2|random_8:effect_count=2
record_update__cross_tenant__r016,record_update,cross_tenant,single_factor_observable,cep,True,True,10,tenant_boundary:effect_count=2
record_update__cross_tenant__r017,record_update,cross_tenant,single_factor_observable,document_trust,True,False,0,
record_update__cross_tenant__r017,record_update,cross_tenant,single_factor_observable,nominal_repeat,True,False,10,
record_update__cross_tenant__r017,record_update,cross_tenant,single_factor_observable,random_relational_fuzzing,True,True,10,random_1:effect_count=2
record_update__cross_tenant__r017,record_update,cross_tenant,single_factor_observable,cep,True,True,10,tenant_boundary:effect_count=2
record_update__cross_tenant__r018,record_update,cross_tenant,single_factor_observable,document_trust,True,False,0,
record_update__cross_tenant__r018,record_update,cross_tenant,single_factor_observable,nominal_repeat,True,False,10,
record_update__cross_tenant__r018,record_update,cross_tenant,single_factor_observable,random_relational_fuzzing,True,True,10,random_8:effect_count=2
record_update__cross_tenant__r018,record_update,cross_tenant,single_factor_observable,cep,True,True,10,tenant_boundary:effect_count=2
record_update__cross_tenant__r019,record_update,cross_tenant,single_factor_observable,document_trust,True,False,0,
record_update__cross_tenant__r019,record_update,cross_tenant,single_factor_observable,nominal_repeat,True,False,10,
record_update__cross_tenant__r019,record_update,cross_tenant,single_factor_observable,random_relational_fuzzing,True,True,10,random_0:effect_count=2|random_5:effect_count=2|random_6:effect_count=2
record_update__cross_tenant__r019,record_update,cross_tenant,single_factor_observable,cep,True,True,10,tenant_boundary:effect_count=2
record_update__secret_capture__r000,record_update,secret_capture,single_factor_observable,document_trust,True,False,0,
record_update__secret_capture__r000,record_update,secret_capture,single_factor_observable,nominal_repeat,True,False,10,
record_update__secret_capture__r000,record_update,secret_capture,single_factor_observable,random_relational_fuzzing,True,True,10,"ambient_secret_dependency:random_1,random_5|ambient_secret_dependency:random_4,random_7|ambient_secret_dependency:random_7,random_9"
record_update__secret_capture__r000,record_update,secret_capture,single_factor_observable,cep,True,True,10,"ambient_secret_dependency:base,secret_1|ambient_secret_dependency:base,secret_2|ambient_secret_dependency:base_repeat,secret_1|ambient_secret_dependency:base_repeat,secret_2|ambient_secret_dependency:secret_1,secret_2"
record_update__secret_capture__r001,record_update,secret_capture,single_factor_observable,document_trust,True,False,0,
record_update__secret_capture__r001,record_update,secret_capture,single_factor_observable,nominal_repeat,True,False,10,
record_update__secret_capture__r001,record_update,secret_capture,single_factor_observable,random_relational_fuzzing,True,True,10,"ambient_secret_dependency:random_0,random_4|ambient_secret_dependency:random_3,random_4|ambient_secret_dependency:random_4,random_6"
record_update__secret_capture__r001,record_update,secret_capture,single_factor_observable,cep,True,True,10,"ambient_secret_dependency:base,secret_1|ambient_secret_dependency:base,secret_2|ambient_secret_dependency:base_repeat,secret_1|ambient_secret_dependency:base_repeat,secret_2|ambient_secret_dependency:secret_1,secret_2"
record_update__secret_capture__r002,record_update,secret_capture,single_factor_observable,document_trust,True,False,0,
record_update__secret_capture__r002,record_update,secret_capture,single_factor_observable,nominal_repeat,True,False,10,
record_update__secret_capture__r002,record_update,secret_capture,single_factor_observable,random_relational_fuzzing,True,True,10,"ambient_secret_dependency:random_4,random_7"
record_update__secret_capture__r002,record_update,secret_capture,single_factor_observable,cep,True,True,10,"ambient_secret_dependency:base,secret_1|ambient_secret_dependency:base,secret_2|ambient_secret_dependency:base_repeat,secret_1|ambient_secret_dependency:base_repeat,secret_2|ambient_secret_dependency:secret_1,secret_2"
record_update__secret_capture__r003,record_update,secret_capture,single_factor_observable,document_trust,True,False,0,
record_update__secret_capture__r003,record_update,secret_capture,single_factor_observable,nominal_repeat,True,False,10,
record_update__secret_capture__r003,record_update,secret_capture,single_factor_observable,random_relational_fuzzing,True,True,10,"ambient_secret_dependency:random_6,random_8"
record_update__secret_capture__r003,record_update,secret_capture,single_factor_observable,cep,True,True,10,"ambient_secret_dependency:base,secret_1|ambient_secret_dependency:base,secret_2|ambient_secret_dependency:base_repeat,secret_1|ambient_secret_dependency:base_repeat,secret_2|ambient_secret_dependency:secret_1,secret_2"
record_update__secret_capture__r004,record_update,secret_capture,single_factor_observable,document_trust,True,False,0,
record_update__secret_capture__r004,record_update,secret_capture,single_factor_observable,nominal_repeat,True,False,10,
record_update__secret_capture__r004,record_update,secret_capture,single_factor_observable,random_relational_fuzzing,True,False,10,
record_update__secret_capture__r004,record_update,secret_capture,single_factor_observable,cep,True,True,10,"ambient_secret_dependency:base,secret_1|ambient_secret_dependency:base,secret_2|ambient_secret_dependency:base_repeat,secret_1|ambient_secret_dependency:base_repeat,secret_2|ambient_secret_dependency:secret_1,secret_2"
record_update__secret_capture__r005,record_update,secret_capture,single_factor_observable,document_trust,True,False,0,
record_update__secret_capture__r005,record_update,secret_capture,single_factor_observable,nominal_repeat,True,False,10,
record_update__secret_capture__r005,record_update,secret_capture,single_factor_observable,random_relational_fuzzing,True,False,10,
record_update__secret_capture__r005,record_update,secret_capture,single_factor_observable,cep,True,True,10,"ambient_secret_dependency:base,secret_1|ambient_secret_dependency:base,secret_2|ambient_secret_dependency:base_repeat,secret_1|ambient_secret_dependency:base_repeat,secret_2|ambient_secret_dependency:secret_1,secret_2"
record_update__secret_capture__r006,record_update,secret_capture,single_factor_observable,document_trust,True,False,0,
record_update__secret_capture__r006,record_update,secret_capture,single_factor_observable,nominal_repeat,True,False,10,
record_update__secret_capture__r006,record_update,secret_capture,single_factor_observable,random_relational_fuzzing,True,True,10,"ambient_secret_dependency:random_2,random_6|ambient_secret_dependency:random_5,random_6|ambient_secret_dependency:random_6,random_7"
record_update__secret_capture__r006,record_update,secret_capture,single_factor_observable,cep,True,True,10,"ambient_secret_dependency:base,secret_1|ambient_secret_dependency:base,secret_2|ambient_secret_dependency:base_repeat,secret_1|ambient_secret_dependency:base_repeat,secret_2|ambient_secret_dependency:secret_1,secret_2"
record_update__secret_capture__r007,record_update,secret_capture,single_factor_observable,document_trust,True,False,0,
record_update__secret_capture__r007,record_update,secret_capture,single_factor_observable,nominal_repeat,True,False,10,
record_update__secret_capture__r007,record_update,secret_capture,single_factor_observable,random_relational_fuzzing,True,True,10,"ambient_secret_dependency:random_1,random_5|ambient_secret_dependency:random_2,random_5|ambient_secret_dependency:random_3,random_5|ambient_secret_dependency:random_4,random_9|ambient_secret_dependency:random_5,random_8"
record_update__secret_capture__r007,record_update,secret_capture,single_factor_observable,cep,True,True,10,"ambient_secret_dependency:base,secret_1|ambient_secret_dependency:base,secret_2|ambient_secret_dependency:base_repeat,secret_1|ambient_secret_dependency:base_repeat,secret_2|ambient_secret_dependency:secret_1,secret_2"
record_update__secret_capture__r008,record_update,secret_capture,single_factor_observable,document_trust,True,False,0,
record_update__secret_capture__r008,record_update,secret_capture,single_factor_observable,nominal_repeat,True,False,10,
record_update__secret_capture__r008,record_update,secret_capture,single_factor_observable,random_relational_fuzzing,True,True,10,"ambient_secret_dependency:random_1,random_3"
record_update__secret_capture__r008,record_update,secret_capture,single_factor_observable,cep,True,True,10,"ambient_secret_dependency:base,secret_1|ambient_secret_dependency:base,secret_2|ambient_secret_dependency:base_repeat,secret_1|ambient_secret_dependency:base_repeat,secret_2|ambient_secret_dependency:secret_1,secret_2"
record_update__secret_capture__r009,record_update,secret_capture,single_factor_observable,document_trust,True,False,0,
record_update__secret_capture__r009,record_update,secret_capture,single_factor_observable,nominal_repeat,True,False,10,
record_update__secret_capture__r009,record_update,secret_capture,single_factor_observable,random_relational_fuzzing,True,True,10,"ambient_secret_dependency:random_0,random_1"
record_update__secret_capture__r009,record_update,secret_capture,single_factor_observable,cep,True,True,10,"ambient_secret_dependency:base,secret_1|ambient_secret_dependency:base,secret_2|ambient_secret_dependency:base_repeat,secret_1|ambient_secret_dependency:base_repeat,secret_2|ambient_secret_dependency:secret_1,secret_2"
record_update__secret_capture__r010,record_update,secret_capture,single_factor_observable,document_trust,True,False,0,
record_update__secret_capture__r010,record_update,secret_capture,single_factor_observable,nominal_repeat,True,False,10,
record_update__secret_capture__r010,record_update,secret_capture,single_factor_observable,random_relational_fuzzing,True,False,10,
record_update__secret_capture__r010,record_update,secret_capture,single_factor_observable,cep,True,True,10,"ambient_secret_dependency:base,secret_1|ambient_secret_dependency:base,secret_2|ambient_secret_dependency:base_repeat,secret_1|ambient_secret_dependency:base_repeat,secret_2|ambient_secret_dependency:secret_1,secret_2"
record_update__secret_capture__r011,record_update,secret_capture,single_factor_observable,document_trust,True,False,0,
record_update__secret_capture__r011,record_update,secret_capture,single_factor_observable,nominal_repeat,True,False,10,
record_update__secret_capture__r011,record_update,secret_capture,single_factor_observable,random_relational_fuzzing,True,True,10,"ambient_secret_dependency:random_1,random_3|ambient_secret_dependency:random_3,random_8"
record_update__secret_capture__r011,record_update,secret_capture,single_factor_observable,cep,True,True,10,"ambient_secret_dependency:base,secret_1|ambient_secret_dependency:base,secret_2|ambient_secret_dependency:base_repeat,secret_1|ambient_secret_dependency:base_repeat,secret_2|ambient_secret_dependency:secret_1,secret_2"
record_update__secret_capture__r012,record_update,secret_capture,single_factor_observable,document_trust,True,False,0,
record_update__secret_capture__r012,record_update,secret_capture,single_factor_observable,nominal_repeat,True,False,10,
record_update__secret_capture__r012,record_update,secret_capture,single_factor_observable,random_relational_fuzzing,True,False,10,
record_update__secret_capture__r012,record_update,secret_capture,single_factor_observable,cep,True,True,10,"ambient_secret_dependency:base,secret_1|ambient_secret_dependency:base,secret_2|ambient_secret_dependency:base_repeat,secret_1|ambient_secret_dependency:base_repeat,secret_2|ambient_secret_dependency:secret_1,secret_2"
record_update__secret_capture__r013,record_update,secret_capture,single_factor_observable,document_trust,True,False,0,
record_update__secret_capture__r013,record_update,secret_capture,single_factor_observable,nominal_repeat,True,False,10,
record_update__secret_capture__r013,record_update,secret_capture,single_factor_observable,random_relational_fuzzing,True,True,10,"ambient_secret_dependency:random_0,random_7|ambient_secret_dependency:random_0,random_9|ambient_secret_dependency:random_4,random_5"
record_update__secret_capture__r013,record_update,secret_capture,single_factor_observable,cep,True,True,10,"ambient_secret_dependency:base,secret_1|ambient_secret_dependency:base,secret_2|ambient_secret_dependency:base_repeat,secret_1|ambient_secret_dependency:base_repeat,secret_2|ambient_secret_dependency:secret_1,secret_2"
record_update__secret_capture__r014,record_update,secret_capture,single_factor_observable,document_trust,True,False,0,
record_update__secret_capture__r014,record_update,secret_capture,single_factor_observable,nominal_repeat,True,False,10,
record_update__secret_capture__r014,record_update,secret_capture,single_factor_observable,random_relational_fuzzing,True,False,10,
record_update__secret_capture__r014,record_update,secret_capture,single_factor_observable,cep,True,True,10,"ambient_secret_dependency:base,secret_1|ambient_secret_dependency:base,secret_2|ambient_secret_dependency:base_repeat,secret_1|ambient_secret_dependency:base_repeat,secret_2|ambient_secret_dependency:secret_1,secret_2"
record_update__secret_capture__r015,record_update,secret_capture,single_factor_observable,document_trust,True,False,0,
record_update__secret_capture__r015,record_update,secret_capture,single_factor_observable,nominal_repeat,True,False,10,
record_update__secret_capture__r015,record_update,secret_capture,single_factor_observable,random_relational_fuzzing,True,True,10,"ambient_secret_dependency:random_0,random_3|ambient_secret_dependency:random_0,random_7|ambient_secret_dependency:random_5,random_8"
record_update__secret_capture__r015,record_update,secret_capture,single_factor_observable,cep,True,True,10,"ambient_secret_dependency:base,secret_1|ambient_secret_dependency:base,secret_2|ambient_secret_dependency:base_repeat,secret_1|ambient_secret_dependency:base_repeat,secret_2|ambient_secret_dependency:secret_1,secret_2"
record_update__secret_capture__r016,record_update,secret_capture,single_factor_observable,document_trust,True,False,0,
record_update__secret_capture__r016,record_update,secret_capture,single_factor_observable,nominal_repeat,True,False,10,
record_update__secret_capture__r016,record_update,secret_capture,single_factor_observable,random_relational_fuzzing,True,True,10,"ambient_secret_dependency:random_0,random_1|ambient_secret_dependency:random_4,random_5|ambient_secret_dependency:random_4,random_9|ambient_secret_dependency:random_5,random_6|ambient_secret_dependency:random_5,random_8|ambient_secret_dependency:random_5,random_9|ambient_secret_dependency:random_6,random_9|ambient_secret_dependency:random_8,random_9"
record_update__secret_capture__r016,record_update,secret_capture,single_factor_observable,cep,True,True,10,"ambient_secret_dependency:base,secret_1|ambient_secret_dependency:base,secret_2|ambient_secret_dependency:base_repeat,secret_1|ambient_secret_dependency:base_repeat,secret_2|ambient_secret_dependency:secret_1,secret_2"
record_update__secret_capture__r017,record_update,secret_capture,single_factor_observable,document_trust,True,False,0,
record_update__secret_capture__r017,record_update,secret_capture,single_factor_observable,nominal_repeat,True,False,10,
record_update__secret_capture__r017,record_update,secret_capture,single_factor_observable,random_relational_fuzzing,True,True,10,"ambient_secret_dependency:random_5,random_9|ambient_secret_dependency:random_6,random_9"
record_update__secret_capture__r017,record_update,secret_capture,single_factor_observable,cep,True,True,10,"ambient_secret_dependency:base,secret_1|ambient_secret_dependency:base,secret_2|ambient_secret_dependency:base_repeat,secret_1|ambient_secret_dependency:base_repeat,secret_2|ambient_secret_dependency:secret_1,secret_2"
record_update__secret_capture__r018,record_update,secret_capture,single_factor_observable,document_trust,True,False,0,
record_update__secret_capture__r018,record_update,secret_capture,single_factor_observable,nominal_repeat,True,False,10,
record_update__secret_capture__r018,record_update,secret_capture,single_factor_observable,random_relational_fuzzing,True,False,10,
record_update__secret_capture__r018,record_update,secret_capture,single_factor_observable,cep,True,True,10,"ambient_secret_dependency:base,secret_1|ambient_secret_dependency:base,secret_2|ambient_secret_dependency:base_repeat,secret_1|ambient_secret_dependency:base_repeat,secret_2|ambient_secret_dependency:secret_1,secret_2"
record_update__secret_capture__r019,record_update,secret_capture,single_factor_observable,document_trust,True,False,0,
record_update__secret_capture__r019,record_update,secret_capture,single_factor_observable,nominal_repeat,True,False,10,
record_update__secret_capture__r019,record_update,secret_capture,single_factor_observable,random_relational_fuzzing,True,True,10,"ambient_secret_dependency:random_1,random_9"
record_update__secret_capture__r019,record_update,secret_capture,single_factor_observable,cep,True,True,10,"ambient_secret_dependency:base,secret_1|ambient_secret_dependency:base,secret_2|ambient_secret_dependency:base_repeat,secret_1|ambient_secret_dependency:base_repeat,secret_2|ambient_secret_dependency:secret_1,secret_2"
record_update__compound_trigger__r000,record_update,compound_trigger,compound_trigger,document_trust,True,False,0,
record_update__compound_trigger__r000,record_update,compound_trigger,compound_trigger,nominal_repeat,True,False,10,
record_update__compound_trigger__r000,record_update,compound_trigger,compound_trigger,random_relational_fuzzing,True,True,10,random_2:effect_count=2
record_update__compound_trigger__r000,record_update,compound_trigger,compound_trigger,cep,True,False,10,
record_update__compound_trigger__r001,record_update,compound_trigger,compound_trigger,document_trust,True,False,0,
record_update__compound_trigger__r001,record_update,compound_trigger,compound_trigger,nominal_repeat,True,False,10,
record_update__compound_trigger__r001,record_update,compound_trigger,compound_trigger,random_relational_fuzzing,True,True,10,random_4:effect_count=2
record_update__compound_trigger__r001,record_update,compound_trigger,compound_trigger,cep,True,False,10,
record_update__compound_trigger__r002,record_update,compound_trigger,compound_trigger,document_trust,True,False,0,
record_update__compound_trigger__r002,record_update,compound_trigger,compound_trigger,nominal_repeat,True,False,10,
record_update__compound_trigger__r002,record_update,compound_trigger,compound_trigger,random_relational_fuzzing,True,True,10,random_1:effect_count=2
record_update__compound_trigger__r002,record_update,compound_trigger,compound_trigger,cep,True,False,10,
record_update__compound_trigger__r003,record_update,compound_trigger,compound_trigger,document_trust,True,False,0,
record_update__compound_trigger__r003,record_update,compound_trigger,compound_trigger,nominal_repeat,True,False,10,
record_update__compound_trigger__r003,record_update,compound_trigger,compound_trigger,random_relational_fuzzing,True,False,10,
record_update__compound_trigger__r003,record_update,compound_trigger,compound_trigger,cep,True,False,10,
record_update__compound_trigger__r004,record_update,compound_trigger,compound_trigger,document_trust,True,False,0,
record_update__compound_trigger__r004,record_update,compound_trigger,compound_trigger,nominal_repeat,True,False,10,
record_update__compound_trigger__r004,record_update,compound_trigger,compound_trigger,random_relational_fuzzing,True,True,10,random_6:effect_count=2
record_update__compound_trigger__r004,record_update,compound_trigger,compound_trigger,cep,True,False,10,
record_update__compound_trigger__r005,record_update,compound_trigger,compound_trigger,document_trust,True,False,0,
record_update__compound_trigger__r005,record_update,compound_trigger,compound_trigger,nominal_repeat,True,False,10,
record_update__compound_trigger__r005,record_update,compound_trigger,compound_trigger,random_relational_fuzzing,True,False,10,
record_update__compound_trigger__r005,record_update,compound_trigger,compound_trigger,cep,True,False,10,
record_update__compound_trigger__r006,record_update,compound_trigger,compound_trigger,document_trust,True,False,0,
record_update__compound_trigger__r006,record_update,compound_trigger,compound_trigger,nominal_repeat,True,False,10,
record_update__compound_trigger__r006,record_update,compound_trigger,compound_trigger,random_relational_fuzzing,True,False,10,
record_update__compound_trigger__r006,record_update,compound_trigger,compound_trigger,cep,True,False,10,
record_update__compound_trigger__r007,record_update,compound_trigger,compound_trigger,document_trust,True,False,0,
record_update__compound_trigger__r007,record_update,compound_trigger,compound_trigger,nominal_repeat,True,False,10,
record_update__compound_trigger__r007,record_update,compound_trigger,compound_trigger,random_relational_fuzzing,True,False,10,
record_update__compound_trigger__r007,record_update,compound_trigger,compound_trigger,cep,True,False,10,
record_update__compound_trigger__r008,record_update,compound_trigger,compound_trigger,document_trust,True,False,0,
record_update__compound_trigger__r008,record_update,compound_trigger,compound_trigger,nominal_repeat,True,False,10,
record_update__compound_trigger__r008,record_update,compound_trigger,compound_trigger,random_relational_fuzzing,True,False,10,
record_update__compound_trigger__r008,record_update,compound_trigger,compound_trigger,cep,True,False,10,
record_update__compound_trigger__r009,record_update,compound_trigger,compound_trigger,document_trust,True,False,0,
record_update__compound_trigger__r009,record_update,compound_trigger,compound_trigger,nominal_repeat,True,False,10,
record_update__compound_trigger__r009,record_update,compound_trigger,compound_trigger,random_relational_fuzzing,True,False,10,
record_update__compound_trigger__r009,record_update,compound_trigger,compound_trigger,cep,True,False,10,
record_update__compound_trigger__r010,record_update,compound_trigger,compound_trigger,document_trust,True,False,0,
record_update__compound_trigger__r010,record_update,compound_trigger,compound_trigger,nominal_repeat,True,False,10,
record_update__compound_trigger__r010,record_update,compound_trigger,compound_trigger,random_relational_fuzzing,True,False,10,
record_update__compound_trigger__r010,record_update,compound_trigger,compound_trigger,cep,True,False,10,
record_update__compound_trigger__r011,record_update,compound_trigger,compound_trigger,document_trust,True,False,0,
record_update__compound_trigger__r011,record_update,compound_trigger,compound_trigger,nominal_repeat,True,False,10,
record_update__compound_trigger__r011,record_update,compound_trigger,compound_trigger,random_relational_fuzzing,True,True,10,random_6:effect_count=2
record_update__compound_trigger__r011,record_update,compound_trigger,compound_trigger,cep,True,False,10,
record_update__compound_trigger__r012,record_update,compound_trigger,compound_trigger,document_trust,True,False,0,
record_update__compound_trigger__r012,record_update,compound_trigger,compound_trigger,nominal_repeat,True,False,10,
record_update__compound_trigger__r012,record_update,compound_trigger,compound_trigger,random_relational_fuzzing,True,False,10,
record_update__compound_trigger__r012,record_update,compound_trigger,compound_trigger,cep,True,False,10,
record_update__compound_trigger__r013,record_update,compound_trigger,compound_trigger,document_trust,True,False,0,
record_update__compound_trigger__r013,record_update,compound_trigger,compound_trigger,nominal_repeat,True,False,10,
record_update__compound_trigger__r013,record_update,compound_trigger,compound_trigger,random_relational_fuzzing,True,False,10,
record_update__compound_trigger__r013,record_update,compound_trigger,compound_trigger,cep,True,False,10,
record_update__compound_trigger__r014,record_update,compound_trigger,compound_trigger,document_trust,True,False,0,
record_update__compound_trigger__r014,record_update,compound_trigger,compound_trigger,nominal_repeat,True,False,10,
record_update__compound_trigger__r014,record_update,compound_trigger,compound_trigger,random_relational_fuzzing,True,True,10,random_0:effect_count=2|random_6:effect_count=2
record_update__compound_trigger__r014,record_update,compound_trigger,compound_trigger,cep,True,False,10,
record_update__compound_trigger__r015,record_update,compound_trigger,compound_trigger,document_trust,True,False,0,
record_update__compound_trigger__r015,record_update,compound_trigger,compound_trigger,nominal_repeat,True,False,10,
record_update__compound_trigger__r015,record_update,compound_trigger,compound_trigger,random_relational_fuzzing,True,True,10,random_2:effect_count=2
record_update__compound_trigger__r015,record_update,compound_trigger,compound_trigger,cep,True,False,10,
record_update__compound_trigger__r016,record_update,compound_trigger,compound_trigger,document_trust,True,False,0,
record_update__compound_trigger__r016,record_update,compound_trigger,compound_trigger,nominal_repeat,True,False,10,
record_update__compound_trigger__r016,record_update,compound_trigger,compound_trigger,random_relational_fuzzing,True,True,10,random_1:effect_count=2
record_update__compound_trigger__r016,record_update,compound_trigger,compound_trigger,cep,True,False,10,
record_update__compound_trigger__r017,record_update,compound_trigger,compound_trigger,document_trust,True,False,0,
record_update__compound_trigger__r017,record_update,compound_trigger,compound_trigger,nominal_repeat,True,False,10,
record_update__compound_trigger__r017,record_update,compound_trigger,compound_trigger,random_relational_fuzzing,True,True,10,random_3:effect_count=2
record_update__compound_trigger__r017,record_update,compound_trigger,compound_trigger,cep,True,False,10,
record_update__compound_trigger__r018,record_update,compound_trigger,compound_trigger,document_trust,True,False,0,
record_update__compound_trigger__r018,record_update,compound_trigger,compound_trigger,nominal_repeat,True,False,10,
record_update__compound_trigger__r018,record_update,compound_trigger,compound_trigger,random_relational_fuzzing,True,False,10,
record_update__compound_trigger__r018,record_update,compound_trigger,compound_trigger,cep,True,False,10,
record_update__compound_trigger__r019,record_update,compound_trigger,compound_trigger,document_trust,True,False,0,
record_update__compound_trigger__r019,record_update,compound_trigger,compound_trigger,nominal_repeat,True,False,10,
record_update__compound_trigger__r019,record_update,compound_trigger,compound_trigger,random_relational_fuzzing,True,False,10,
record_update__compound_trigger__r019,record_update,compound_trigger,compound_trigger,cep,True,False,10,
record_update__sequence_trigger__r000,record_update,sequence_trigger,sequence_trigger,document_trust,True,False,0,
record_update__sequence_trigger__r000,record_update,sequence_trigger,sequence_trigger,nominal_repeat,True,False,10,
record_update__sequence_trigger__r000,record_update,sequence_trigger,sequence_trigger,random_relational_fuzzing,True,False,10,
record_update__sequence_trigger__r000,record_update,sequence_trigger,sequence_trigger,cep,True,False,10,
record_update__sequence_trigger__r001,record_update,sequence_trigger,sequence_trigger,document_trust,True,False,0,
record_update__sequence_trigger__r001,record_update,sequence_trigger,sequence_trigger,nominal_repeat,True,False,10,
record_update__sequence_trigger__r001,record_update,sequence_trigger,sequence_trigger,random_relational_fuzzing,True,False,10,
record_update__sequence_trigger__r001,record_update,sequence_trigger,sequence_trigger,cep,True,False,10,
record_update__sequence_trigger__r002,record_update,sequence_trigger,sequence_trigger,document_trust,True,False,0,
record_update__sequence_trigger__r002,record_update,sequence_trigger,sequence_trigger,nominal_repeat,True,False,10,
record_update__sequence_trigger__r002,record_update,sequence_trigger,sequence_trigger,random_relational_fuzzing,True,False,10,
record_update__sequence_trigger__r002,record_update,sequence_trigger,sequence_trigger,cep,True,False,10,
record_update__sequence_trigger__r003,record_update,sequence_trigger,sequence_trigger,document_trust,True,False,0,
record_update__sequence_trigger__r003,record_update,sequence_trigger,sequence_trigger,nominal_repeat,True,False,10,
record_update__sequence_trigger__r003,record_update,sequence_trigger,sequence_trigger,random_relational_fuzzing,True,False,10,
record_update__sequence_trigger__r003,record_update,sequence_trigger,sequence_trigger,cep,True,False,10,
record_update__sequence_trigger__r004,record_update,sequence_trigger,sequence_trigger,document_trust,True,False,0,
record_update__sequence_trigger__r004,record_update,sequence_trigger,sequence_trigger,nominal_repeat,True,False,10,
record_update__sequence_trigger__r004,record_update,sequence_trigger,sequence_trigger,random_relational_fuzzing,True,False,10,
record_update__sequence_trigger__r004,record_update,sequence_trigger,sequence_trigger,cep,True,False,10,
record_update__sequence_trigger__r005,record_update,sequence_trigger,sequence_trigger,document_trust,True,False,0,
record_update__sequence_trigger__r005,record_update,sequence_trigger,sequence_trigger,nominal_repeat,True,False,10,
record_update__sequence_trigger__r005,record_update,sequence_trigger,sequence_trigger,random_relational_fuzzing,True,False,10,
record_update__sequence_trigger__r005,record_update,sequence_trigger,sequence_trigger,cep,True,False,10,
record_update__sequence_trigger__r006,record_update,sequence_trigger,sequence_trigger,document_trust,True,False,0,
record_update__sequence_trigger__r006,record_update,sequence_trigger,sequence_trigger,nominal_repeat,True,False,10,
record_update__sequence_trigger__r006,record_update,sequence_trigger,sequence_trigger,random_relational_fuzzing,True,False,10,
record_update__sequence_trigger__r006,record_update,sequence_trigger,sequence_trigger,cep,True,False,10,
record_update__sequence_trigger__r007,record_update,sequence_trigger,sequence_trigger,document_trust,True,False,0,
record_update__sequence_trigger__r007,record_update,sequence_trigger,sequence_trigger,nominal_repeat,True,False,10,
record_update__sequence_trigger__r007,record_update,sequence_trigger,sequence_trigger,random_relational_fuzzing,True,False,10,
record_update__sequence_trigger__r007,record_update,sequence_trigger,sequence_trigger,cep,True,False,10,
record_update__sequence_trigger__r008,record_update,sequence_trigger,sequence_trigger,document_trust,True,False,0,
record_update__sequence_trigger__r008,record_update,sequence_trigger,sequence_trigger,nominal_repeat,True,False,10,
record_update__sequence_trigger__r008,record_update,sequence_trigger,sequence_trigger,random_relational_fuzzing,True,False,10,
record_update__sequence_trigger__r008,record_update,sequence_trigger,sequence_trigger,cep,True,False,10,
record_update__sequence_trigger__r009,record_update,sequence_trigger,sequence_trigger,document_trust,True,False,0,
record_update__sequence_trigger__r009,record_update,sequence_trigger,sequence_trigger,nominal_repeat,True,False,10,
record_update__sequence_trigger__r009,record_update,sequence_trigger,sequence_trigger,random_relational_fuzzing,True,False,10,
record_update__sequence_trigger__r009,record_update,sequence_trigger,sequence_trigger,cep,True,False,10,
record_update__sequence_trigger__r010,record_update,sequence_trigger,sequence_trigger,document_trust,True,False,0,
record_update__sequence_trigger__r010,record_update,sequence_trigger,sequence_trigger,nominal_repeat,True,False,10,
record_update__sequence_trigger__r010,record_update,sequence_trigger,sequence_trigger,random_relational_fuzzing,True,False,10,
record_update__sequence_trigger__r010,record_update,sequence_trigger,sequence_trigger,cep,True,False,10,
record_update__sequence_trigger__r011,record_update,sequence_trigger,sequence_trigger,document_trust,True,False,0,
record_update__sequence_trigger__r011,record_update,sequence_trigger,sequence_trigger,nominal_repeat,True,False,10,
record_update__sequence_trigger__r011,record_update,sequence_trigger,sequence_trigger,random_relational_fuzzing,True,False,10,
record_update__sequence_trigger__r011,record_update,sequence_trigger,sequence_trigger,cep,True,False,10,
record_update__sequence_trigger__r012,record_update,sequence_trigger,sequence_trigger,document_trust,True,False,0,
record_update__sequence_trigger__r012,record_update,sequence_trigger,sequence_trigger,nominal_repeat,True,False,10,
record_update__sequence_trigger__r012,record_update,sequence_trigger,sequence_trigger,random_relational_fuzzing,True,False,10,
record_update__sequence_trigger__r012,record_update,sequence_trigger,sequence_trigger,cep,True,False,10,
record_update__sequence_trigger__r013,record_update,sequence_trigger,sequence_trigger,document_trust,True,False,0,
record_update__sequence_trigger__r013,record_update,sequence_trigger,sequence_trigger,nominal_repeat,True,False,10,
record_update__sequence_trigger__r013,record_update,sequence_trigger,sequence_trigger,random_relational_fuzzing,True,False,10,
record_update__sequence_trigger__r013,record_update,sequence_trigger,sequence_trigger,cep,True,False,10,
record_update__sequence_trigger__r014,record_update,sequence_trigger,sequence_trigger,document_trust,True,False,0,
record_update__sequence_trigger__r014,record_update,sequence_trigger,sequence_trigger,nominal_repeat,True,False,10,
record_update__sequence_trigger__r014,record_update,sequence_trigger,sequence_trigger,random_relational_fuzzing,True,False,10,
record_update__sequence_trigger__r014,record_update,sequence_trigger,sequence_trigger,cep,True,False,10,
record_update__sequence_trigger__r015,record_update,sequence_trigger,sequence_trigger,document_trust,True,False,0,
record_update__sequence_trigger__r015,record_update,sequence_trigger,sequence_trigger,nominal_repeat,True,False,10,
record_update__sequence_trigger__r015,record_update,sequence_trigger,sequence_trigger,random_relational_fuzzing,True,False,10,
record_update__sequence_trigger__r015,record_update,sequence_trigger,sequence_trigger,cep,True,False,10,
record_update__sequence_trigger__r016,record_update,sequence_trigger,sequence_trigger,document_trust,True,False,0,
record_update__sequence_trigger__r016,record_update,sequence_trigger,sequence_trigger,nominal_repeat,True,False,10,
record_update__sequence_trigger__r016,record_update,sequence_trigger,sequence_trigger,random_relational_fuzzing,True,False,10,
record_update__sequence_trigger__r016,record_update,sequence_trigger,sequence_trigger,cep,True,False,10,
record_update__sequence_trigger__r017,record_update,sequence_trigger,sequence_trigger,document_trust,True,False,0,
record_update__sequence_trigger__r017,record_update,sequence_trigger,sequence_trigger,nominal_repeat,True,False,10,
record_update__sequence_trigger__r017,record_update,sequence_trigger,sequence_trigger,random_relational_fuzzing,True,False,10,
record_update__sequence_trigger__r017,record_update,sequence_trigger,sequence_trigger,cep,True,False,10,
record_update__sequence_trigger__r018,record_update,sequence_trigger,sequence_trigger,document_trust,True,False,0,
record_update__sequence_trigger__r018,record_update,sequence_trigger,sequence_trigger,nominal_repeat,True,False,10,
record_update__sequence_trigger__r018,record_update,sequence_trigger,sequence_trigger,random_relational_fuzzing,True,False,10,
record_update__sequence_trigger__r018,record_update,sequence_trigger,sequence_trigger,cep,True,False,10,
record_update__sequence_trigger__r019,record_update,sequence_trigger,sequence_trigger,document_trust,True,False,0,
record_update__sequence_trigger__r019,record_update,sequence_trigger,sequence_trigger,nominal_repeat,True,False,10,
record_update__sequence_trigger__r019,record_update,sequence_trigger,sequence_trigger,random_relational_fuzzing,True,False,10,
record_update__sequence_trigger__r019,record_update,sequence_trigger,sequence_trigger,cep,True,False,10,
record_update__unobservable_effect__r000,record_update,unobservable_effect,unobservable_effect,document_trust,True,False,0,
record_update__unobservable_effect__r000,record_update,unobservable_effect,unobservable_effect,nominal_repeat,True,False,10,
record_update__unobservable_effect__r000,record_update,unobservable_effect,unobservable_effect,random_relational_fuzzing,True,False,10,
record_update__unobservable_effect__r000,record_update,unobservable_effect,unobservable_effect,cep,True,False,10,
record_update__unobservable_effect__r001,record_update,unobservable_effect,unobservable_effect,document_trust,True,False,0,
record_update__unobservable_effect__r001,record_update,unobservable_effect,unobservable_effect,nominal_repeat,True,False,10,
record_update__unobservable_effect__r001,record_update,unobservable_effect,unobservable_effect,random_relational_fuzzing,True,False,10,
record_update__unobservable_effect__r001,record_update,unobservable_effect,unobservable_effect,cep,True,False,10,
record_update__unobservable_effect__r002,record_update,unobservable_effect,unobservable_effect,document_trust,True,False,0,
record_update__unobservable_effect__r002,record_update,unobservable_effect,unobservable_effect,nominal_repeat,True,False,10,
record_update__unobservable_effect__r002,record_update,unobservable_effect,unobservable_effect,random_relational_fuzzing,True,False,10,
record_update__unobservable_effect__r002,record_update,unobservable_effect,unobservable_effect,cep,True,False,10,
record_update__unobservable_effect__r003,record_update,unobservable_effect,unobservable_effect,document_trust,True,False,0,
record_update__unobservable_effect__r003,record_update,unobservable_effect,unobservable_effect,nominal_repeat,True,False,10,
record_update__unobservable_effect__r003,record_update,unobservable_effect,unobservable_effect,random_relational_fuzzing,True,False,10,
record_update__unobservable_effect__r003,record_update,unobservable_effect,unobservable_effect,cep,True,False,10,
record_update__unobservable_effect__r004,record_update,unobservable_effect,unobservable_effect,document_trust,True,False,0,
record_update__unobservable_effect__r004,record_update,unobservable_effect,unobservable_effect,nominal_repeat,True,False,10,
record_update__unobservable_effect__r004,record_update,unobservable_effect,unobservable_effect,random_relational_fuzzing,True,False,10,
record_update__unobservable_effect__r004,record_update,unobservable_effect,unobservable_effect,cep,True,False,10,
record_update__unobservable_effect__r005,record_update,unobservable_effect,unobservable_effect,document_trust,True,False,0,
record_update__unobservable_effect__r005,record_update,unobservable_effect,unobservable_effect,nominal_repeat,True,False,10,
record_update__unobservable_effect__r005,record_update,unobservable_effect,unobservable_effect,random_relational_fuzzing,True,False,10,
record_update__unobservable_effect__r005,record_update,unobservable_effect,unobservable_effect,cep,True,False,10,
record_update__unobservable_effect__r006,record_update,unobservable_effect,unobservable_effect,document_trust,True,False,0,
record_update__unobservable_effect__r006,record_update,unobservable_effect,unobservable_effect,nominal_repeat,True,False,10,
record_update__unobservable_effect__r006,record_update,unobservable_effect,unobservable_effect,random_relational_fuzzing,True,False,10,
record_update__unobservable_effect__r006,record_update,unobservable_effect,unobservable_effect,cep,True,False,10,
record_update__unobservable_effect__r007,record_update,unobservable_effect,unobservable_effect,document_trust,True,False,0,
record_update__unobservable_effect__r007,record_update,unobservable_effect,unobservable_effect,nominal_repeat,True,False,10,
record_update__unobservable_effect__r007,record_update,unobservable_effect,unobservable_effect,random_relational_fuzzing,True,False,10,
record_update__unobservable_effect__r007,record_update,unobservable_effect,unobservable_effect,cep,True,False,10,
record_update__unobservable_effect__r008,record_update,unobservable_effect,unobservable_effect,document_trust,True,False,0,
record_update__unobservable_effect__r008,record_update,unobservable_effect,unobservable_effect,nominal_repeat,True,False,10,
record_update__unobservable_effect__r008,record_update,unobservable_effect,unobservable_effect,random_relational_fuzzing,True,False,10,
record_update__unobservable_effect__r008,record_update,unobservable_effect,unobservable_effect,cep,True,False,10,
record_update__unobservable_effect__r009,record_update,unobservable_effect,unobservable_effect,document_trust,True,False,0,
record_update__unobservable_effect__r009,record_update,unobservable_effect,unobservable_effect,nominal_repeat,True,False,10,
record_update__unobservable_effect__r009,record_update,unobservable_effect,unobservable_effect,random_relational_fuzzing,True,False,10,
record_update__unobservable_effect__r009,record_update,unobservable_effect,unobservable_effect,cep,True,False,10,
record_update__unobservable_effect__r010,record_update,unobservable_effect,unobservable_effect,document_trust,True,False,0,
record_update__unobservable_effect__r010,record_update,unobservable_effect,unobservable_effect,nominal_repeat,True,False,10,
record_update__unobservable_effect__r010,record_update,unobservable_effect,unobservable_effect,random_relational_fuzzing,True,False,10,
record_update__unobservable_effect__r010,record_update,unobservable_effect,unobservable_effect,cep,True,False,10,
record_update__unobservable_effect__r011,record_update,unobservable_effect,unobservable_effect,document_trust,True,False,0,
record_update__unobservable_effect__r011,record_update,unobservable_effect,unobservable_effect,nominal_repeat,True,False,10,
record_update__unobservable_effect__r011,record_update,unobservable_effect,unobservable_effect,random_relational_fuzzing,True,False,10,
record_update__unobservable_effect__r011,record_update,unobservable_effect,unobservable_effect,cep,True,False,10,
record_update__unobservable_effect__r012,record_update,unobservable_effect,unobservable_effect,document_trust,True,False,0,
record_update__unobservable_effect__r012,record_update,unobservable_effect,unobservable_effect,nominal_repeat,True,False,10,
record_update__unobservable_effect__r012,record_update,unobservable_effect,unobservable_effect,random_relational_fuzzing,True,False,10,
record_update__unobservable_effect__r012,record_update,unobservable_effect,unobservable_effect,cep,True,False,10,
record_update__unobservable_effect__r013,record_update,unobservable_effect,unobservable_effect,document_trust,True,False,0,
record_update__unobservable_effect__r013,record_update,unobservable_effect,unobservable_effect,nominal_repeat,True,False,10,
record_update__unobservable_effect__r013,record_update,unobservable_effect,unobservable_effect,random_relational_fuzzing,True,False,10,
record_update__unobservable_effect__r013,record_update,unobservable_effect,unobservable_effect,cep,True,False,10,
record_update__unobservable_effect__r014,record_update,unobservable_effect,unobservable_effect,document_trust,True,False,0,
record_update__unobservable_effect__r014,record_update,unobservable_effect,unobservable_effect,nominal_repeat,True,False,10,
record_update__unobservable_effect__r014,record_update,unobservable_effect,unobservable_effect,random_relational_fuzzing,True,False,10,
record_update__unobservable_effect__r014,record_update,unobservable_effect,unobservable_effect,cep,True,False,10,
record_update__unobservable_effect__r015,record_update,unobservable_effect,unobservable_effect,document_trust,True,False,0,
record_update__unobservable_effect__r015,record_update,unobservable_effect,unobservable_effect,nominal_repeat,True,False,10,
record_update__unobservable_effect__r015,record_update,unobservable_effect,unobservable_effect,random_relational_fuzzing,True,False,10,
record_update__unobservable_effect__r015,record_update,unobservable_effect,unobservable_effect,cep,True,False,10,
record_update__unobservable_effect__r016,record_update,unobservable_effect,unobservable_effect,document_trust,True,False,0,
record_update__unobservable_effect__r016,record_update,unobservable_effect,unobservable_effect,nominal_repeat,True,False,10,
record_update__unobservable_effect__r016,record_update,unobservable_effect,unobservable_effect,random_relational_fuzzing,True,False,10,
record_update__unobservable_effect__r016,record_update,unobservable_effect,unobservable_effect,cep,True,False,10,
record_update__unobservable_effect__r017,record_update,unobservable_effect,unobservable_effect,document_trust,True,False,0,
record_update__unobservable_effect__r017,record_update,unobservable_effect,unobservable_effect,nominal_repeat,True,False,10,
record_update__unobservable_effect__r017,record_update,unobservable_effect,unobservable_effect,random_relational_fuzzing,True,False,10,
record_update__unobservable_effect__r017,record_update,unobservable_effect,unobservable_effect,cep,True,False,10,
record_update__unobservable_effect__r018,record_update,unobservable_effect,unobservable_effect,document_trust,True,False,0,
record_update__unobservable_effect__r018,record_update,unobservable_effect,unobservable_effect,nominal_repeat,True,False,10,
record_update__unobservable_effect__r018,record_update,unobservable_effect,unobservable_effect,random_relational_fuzzing,True,False,10,
record_update__unobservable_effect__r018,record_update,unobservable_effect,unobservable_effect,cep,True,False,10,
record_update__unobservable_effect__r019,record_update,unobservable_effect,unobservable_effect,document_trust,True,False,0,
record_update__unobservable_effect__r019,record_update,unobservable_effect,unobservable_effect,nominal_repeat,True,False,10,
record_update__unobservable_effect__r019,record_update,unobservable_effect,unobservable_effect,random_relational_fuzzing,True,False,10,
record_update__unobservable_effect__r019,record_update,unobservable_effect,unobservable_effect,cep,True,False,10,
file_write__clean__r000,file_write,clean,clean,document_trust,False,False,0,
file_write__clean__r000,file_write,clean,clean,nominal_repeat,False,False,10,
file_write__clean__r000,file_write,clean,clean,random_relational_fuzzing,False,False,10,
file_write__clean__r000,file_write,clean,clean,cep,False,False,10,
file_write__clean__r001,file_write,clean,clean,document_trust,False,False,0,
file_write__clean__r001,file_write,clean,clean,nominal_repeat,False,False,10,
file_write__clean__r001,file_write,clean,clean,random_relational_fuzzing,False,False,10,
file_write__clean__r001,file_write,clean,clean,cep,False,False,10,
file_write__clean__r002,file_write,clean,clean,document_trust,False,False,0,
file_write__clean__r002,file_write,clean,clean,nominal_repeat,False,False,10,
file_write__clean__r002,file_write,clean,clean,random_relational_fuzzing,False,False,10,
file_write__clean__r002,file_write,clean,clean,cep,False,False,10,
file_write__clean__r003,file_write,clean,clean,document_trust,False,False,0,
file_write__clean__r003,file_write,clean,clean,nominal_repeat,False,False,10,
file_write__clean__r003,file_write,clean,clean,random_relational_fuzzing,False,False,10,
file_write__clean__r003,file_write,clean,clean,cep,False,False,10,
file_write__clean__r004,file_write,clean,clean,document_trust,False,False,0,
file_write__clean__r004,file_write,clean,clean,nominal_repeat,False,False,10,
file_write__clean__r004,file_write,clean,clean,random_relational_fuzzing,False,False,10,
file_write__clean__r004,file_write,clean,clean,cep,False,False,10,
file_write__clean__r005,file_write,clean,clean,document_trust,False,False,0,
file_write__clean__r005,file_write,clean,clean,nominal_repeat,False,False,10,
file_write__clean__r005,file_write,clean,clean,random_relational_fuzzing,False,False,10,
file_write__clean__r005,file_write,clean,clean,cep,False,False,10,
file_write__clean__r006,file_write,clean,clean,document_trust,False,False,0,
file_write__clean__r006,file_write,clean,clean,nominal_repeat,False,False,10,
file_write__clean__r006,file_write,clean,clean,random_relational_fuzzing,False,False,10,
file_write__clean__r006,file_write,clean,clean,cep,False,False,10,
file_write__clean__r007,file_write,clean,clean,document_trust,False,False,0,
file_write__clean__r007,file_write,clean,clean,nominal_repeat,False,False,10,
file_write__clean__r007,file_write,clean,clean,random_relational_fuzzing,False,False,10,
file_write__clean__r007,file_write,clean,clean,cep,False,False,10,
file_write__clean__r008,file_write,clean,clean,document_trust,False,False,0,
file_write__clean__r008,file_write,clean,clean,nominal_repeat,False,False,10,
file_write__clean__r008,file_write,clean,clean,random_relational_fuzzing,False,False,10,
file_write__clean__r008,file_write,clean,clean,cep,False,False,10,
file_write__clean__r009,file_write,clean,clean,document_trust,False,False,0,
file_write__clean__r009,file_write,clean,clean,nominal_repeat,False,False,10,
file_write__clean__r009,file_write,clean,clean,random_relational_fuzzing,False,False,10,
file_write__clean__r009,file_write,clean,clean,cep,False,False,10,
file_write__clean__r010,file_write,clean,clean,document_trust,False,False,0,
file_write__clean__r010,file_write,clean,clean,nominal_repeat,False,False,10,
file_write__clean__r010,file_write,clean,clean,random_relational_fuzzing,False,False,10,
file_write__clean__r010,file_write,clean,clean,cep,False,False,10,
file_write__clean__r011,file_write,clean,clean,document_trust,False,False,0,
file_write__clean__r011,file_write,clean,clean,nominal_repeat,False,False,10,
file_write__clean__r011,file_write,clean,clean,random_relational_fuzzing,False,False,10,
file_write__clean__r011,file_write,clean,clean,cep,False,False,10,
file_write__clean__r012,file_write,clean,clean,document_trust,False,False,0,
file_write__clean__r012,file_write,clean,clean,nominal_repeat,False,False,10,
file_write__clean__r012,file_write,clean,clean,random_relational_fuzzing,False,False,10,
file_write__clean__r012,file_write,clean,clean,cep,False,False,10,
file_write__clean__r013,file_write,clean,clean,document_trust,False,False,0,
file_write__clean__r013,file_write,clean,clean,nominal_repeat,False,False,10,
file_write__clean__r013,file_write,clean,clean,random_relational_fuzzing,False,False,10,
file_write__clean__r013,file_write,clean,clean,cep,False,False,10,
file_write__clean__r014,file_write,clean,clean,document_trust,False,False,0,
file_write__clean__r014,file_write,clean,clean,nominal_repeat,False,False,10,
file_write__clean__r014,file_write,clean,clean,random_relational_fuzzing,False,False,10,
file_write__clean__r014,file_write,clean,clean,cep,False,False,10,
file_write__clean__r015,file_write,clean,clean,document_trust,False,False,0,
file_write__clean__r015,file_write,clean,clean,nominal_repeat,False,False,10,
file_write__clean__r015,file_write,clean,clean,random_relational_fuzzing,False,False,10,
file_write__clean__r015,file_write,clean,clean,cep,False,False,10,
file_write__clean__r016,file_write,clean,clean,document_trust,False,False,0,
file_write__clean__r016,file_write,clean,clean,nominal_repeat,False,False,10,
file_write__clean__r016,file_write,clean,clean,random_relational_fuzzing,False,False,10,
file_write__clean__r016,file_write,clean,clean,cep,False,False,10,
file_write__clean__r017,file_write,clean,clean,document_trust,False,False,0,
file_write__clean__r017,file_write,clean,clean,nominal_repeat,False,False,10,
file_write__clean__r017,file_write,clean,clean,random_relational_fuzzing,False,False,10,
file_write__clean__r017,file_write,clean,clean,cep,False,False,10,
file_write__clean__r018,file_write,clean,clean,document_trust,False,False,0,
file_write__clean__r018,file_write,clean,clean,nominal_repeat,False,False,10,
file_write__clean__r018,file_write,clean,clean,random_relational_fuzzing,False,False,10,
file_write__clean__r018,file_write,clean,clean,cep,False,False,10,
file_write__clean__r019,file_write,clean,clean,document_trust,False,False,0,
file_write__clean__r019,file_write,clean,clean,nominal_repeat,False,False,10,
file_write__clean__r019,file_write,clean,clean,random_relational_fuzzing,False,False,10,
file_write__clean__r019,file_write,clean,clean,cep,False,False,10,
file_write__fixed_target__r000,file_write,fixed_target,single_factor_observable,document_trust,True,False,0,
file_write__fixed_target__r000,file_write,fixed_target,single_factor_observable,nominal_repeat,True,False,10,
file_write__fixed_target__r000,file_write,fixed_target,single_factor_observable,random_relational_fuzzing,True,False,10,
file_write__fixed_target__r000,file_write,fixed_target,single_factor_observable,cep,True,True,10,"target_nonresponsiveness:target_edge_1,target_edge_2"
file_write__fixed_target__r001,file_write,fixed_target,single_factor_observable,document_trust,True,False,0,
file_write__fixed_target__r001,file_write,fixed_target,single_factor_observable,nominal_repeat,True,False,10,
file_write__fixed_target__r001,file_write,fixed_target,single_factor_observable,random_relational_fuzzing,True,False,10,
file_write__fixed_target__r001,file_write,fixed_target,single_factor_observable,cep,True,True,10,"target_nonresponsiveness:target_edge_1,target_edge_2"
file_write__fixed_target__r002,file_write,fixed_target,single_factor_observable,document_trust,True,False,0,
file_write__fixed_target__r002,file_write,fixed_target,single_factor_observable,nominal_repeat,True,False,10,
file_write__fixed_target__r002,file_write,fixed_target,single_factor_observable,random_relational_fuzzing,True,True,10,"target_nonresponsiveness:random_4,random_7"
file_write__fixed_target__r002,file_write,fixed_target,single_factor_observable,cep,True,True,10,"target_nonresponsiveness:target_edge_1,target_edge_2"
file_write__fixed_target__r003,file_write,fixed_target,single_factor_observable,document_trust,True,False,0,
file_write__fixed_target__r003,file_write,fixed_target,single_factor_observable,nominal_repeat,True,False,10,
file_write__fixed_target__r003,file_write,fixed_target,single_factor_observable,random_relational_fuzzing,True,False,10,
file_write__fixed_target__r003,file_write,fixed_target,single_factor_observable,cep,True,True,10,"target_nonresponsiveness:target_edge_1,target_edge_2"
file_write__fixed_target__r004,file_write,fixed_target,single_factor_observable,document_trust,True,False,0,
file_write__fixed_target__r004,file_write,fixed_target,single_factor_observable,nominal_repeat,True,False,10,
file_write__fixed_target__r004,file_write,fixed_target,single_factor_observable,random_relational_fuzzing,True,False,10,
file_write__fixed_target__r004,file_write,fixed_target,single_factor_observable,cep,True,True,10,"target_nonresponsiveness:target_edge_1,target_edge_2"
file_write__fixed_target__r005,file_write,fixed_target,single_factor_observable,document_trust,True,False,0,
file_write__fixed_target__r005,file_write,fixed_target,single_factor_observable,nominal_repeat,True,False,10,
file_write__fixed_target__r005,file_write,fixed_target,single_factor_observable,random_relational_fuzzing,True,False,10,
file_write__fixed_target__r005,file_write,fixed_target,single_factor_observable,cep,True,True,10,"target_nonresponsiveness:target_edge_1,target_edge_2"
file_write__fixed_target__r006,file_write,fixed_target,single_factor_observable,document_trust,True,False,0,
file_write__fixed_target__r006,file_write,fixed_target,single_factor_observable,nominal_repeat,True,False,10,
file_write__fixed_target__r006,file_write,fixed_target,single_factor_observable,random_relational_fuzzing,True,False,10,
file_write__fixed_target__r006,file_write,fixed_target,single_factor_observable,cep,True,True,10,"target_nonresponsiveness:target_edge_1,target_edge_2"
file_write__fixed_target__r007,file_write,fixed_target,single_factor_observable,document_trust,True,False,0,
file_write__fixed_target__r007,file_write,fixed_target,single_factor_observable,nominal_repeat,True,False,10,
file_write__fixed_target__r007,file_write,fixed_target,single_factor_observable,random_relational_fuzzing,True,False,10,
file_write__fixed_target__r007,file_write,fixed_target,single_factor_observable,cep,True,True,10,"target_nonresponsiveness:target_edge_1,target_edge_2"
file_write__fixed_target__r008,file_write,fixed_target,single_factor_observable,document_trust,True,False,0,
file_write__fixed_target__r008,file_write,fixed_target,single_factor_observable,nominal_repeat,True,False,10,
file_write__fixed_target__r008,file_write,fixed_target,single_factor_observable,random_relational_fuzzing,True,False,10,
file_write__fixed_target__r008,file_write,fixed_target,single_factor_observable,cep,True,True,10,"target_nonresponsiveness:target_edge_1,target_edge_2"
file_write__fixed_target__r009,file_write,fixed_target,single_factor_observable,document_trust,True,False,0,
file_write__fixed_target__r009,file_write,fixed_target,single_factor_observable,nominal_repeat,True,False,10,
file_write__fixed_target__r009,file_write,fixed_target,single_factor_observable,random_relational_fuzzing,True,False,10,
file_write__fixed_target__r009,file_write,fixed_target,single_factor_observable,cep,True,True,10,"target_nonresponsiveness:target_edge_1,target_edge_2"
file_write__fixed_target__r010,file_write,fixed_target,single_factor_observable,document_trust,True,False,0,
file_write__fixed_target__r010,file_write,fixed_target,single_factor_observable,nominal_repeat,True,False,10,
file_write__fixed_target__r010,file_write,fixed_target,single_factor_observable,random_relational_fuzzing,True,False,10,
file_write__fixed_target__r010,file_write,fixed_target,single_factor_observable,cep,True,True,10,"target_nonresponsiveness:target_edge_1,target_edge_2"
file_write__fixed_target__r011,file_write,fixed_target,single_factor_observable,document_trust,True,False,0,
file_write__fixed_target__r011,file_write,fixed_target,single_factor_observable,nominal_repeat,True,False,10,
file_write__fixed_target__r011,file_write,fixed_target,single_factor_observable,random_relational_fuzzing,True,False,10,
file_write__fixed_target__r011,file_write,fixed_target,single_factor_observable,cep,True,True,10,"target_nonresponsiveness:target_edge_1,target_edge_2"
file_write__fixed_target__r012,file_write,fixed_target,single_factor_observable,document_trust,True,False,0,
file_write__fixed_target__r012,file_write,fixed_target,single_factor_observable,nominal_repeat,True,False,10,
file_write__fixed_target__r012,file_write,fixed_target,single_factor_observable,random_relational_fuzzing,True,False,10,
file_write__fixed_target__r012,file_write,fixed_target,single_factor_observable,cep,True,True,10,"target_nonresponsiveness:target_edge_1,target_edge_2"
file_write__fixed_target__r013,file_write,fixed_target,single_factor_observable,document_trust,True,False,0,
file_write__fixed_target__r013,file_write,fixed_target,single_factor_observable,nominal_repeat,True,False,10,
file_write__fixed_target__r013,file_write,fixed_target,single_factor_observable,random_relational_fuzzing,True,False,10,
file_write__fixed_target__r013,file_write,fixed_target,single_factor_observable,cep,True,True,10,"target_nonresponsiveness:target_edge_1,target_edge_2"
file_write__fixed_target__r014,file_write,fixed_target,single_factor_observable,document_trust,True,False,0,
file_write__fixed_target__r014,file_write,fixed_target,single_factor_observable,nominal_repeat,True,False,10,
file_write__fixed_target__r014,file_write,fixed_target,single_factor_observable,random_relational_fuzzing,True,False,10,
file_write__fixed_target__r014,file_write,fixed_target,single_factor_observable,cep,True,True,10,"target_nonresponsiveness:target_edge_1,target_edge_2"
file_write__fixed_target__r015,file_write,fixed_target,single_factor_observable,document_trust,True,False,0,
file_write__fixed_target__r015,file_write,fixed_target,single_factor_observable,nominal_repeat,True,False,10,
file_write__fixed_target__r015,file_write,fixed_target,single_factor_observable,random_relational_fuzzing,True,False,10,
file_write__fixed_target__r015,file_write,fixed_target,single_factor_observable,cep,True,True,10,"target_nonresponsiveness:target_edge_1,target_edge_2"
file_write__fixed_target__r016,file_write,fixed_target,single_factor_observable,document_trust,True,False,0,
file_write__fixed_target__r016,file_write,fixed_target,single_factor_observable,nominal_repeat,True,False,10,
file_write__fixed_target__r016,file_write,fixed_target,single_factor_observable,random_relational_fuzzing,True,False,10,
file_write__fixed_target__r016,file_write,fixed_target,single_factor_observable,cep,True,True,10,"target_nonresponsiveness:target_edge_1,target_edge_2"
file_write__fixed_target__r017,file_write,fixed_target,single_factor_observable,document_trust,True,False,0,
file_write__fixed_target__r017,file_write,fixed_target,single_factor_observable,nominal_repeat,True,False,10,
file_write__fixed_target__r017,file_write,fixed_target,single_factor_observable,random_relational_fuzzing,True,True,10,"target_nonresponsiveness:random_0,random_8"
file_write__fixed_target__r017,file_write,fixed_target,single_factor_observable,cep,True,True,10,"target_nonresponsiveness:target_edge_1,target_edge_2"
file_write__fixed_target__r018,file_write,fixed_target,single_factor_observable,document_trust,True,False,0,
file_write__fixed_target__r018,file_write,fixed_target,single_factor_observable,nominal_repeat,True,False,10,
file_write__fixed_target__r018,file_write,fixed_target,single_factor_observable,random_relational_fuzzing,True,False,10,
file_write__fixed_target__r018,file_write,fixed_target,single_factor_observable,cep,True,True,10,"target_nonresponsiveness:target_edge_1,target_edge_2"
file_write__fixed_target__r019,file_write,fixed_target,single_factor_observable,document_trust,True,False,0,
file_write__fixed_target__r019,file_write,fixed_target,single_factor_observable,nominal_repeat,True,False,10,
file_write__fixed_target__r019,file_write,fixed_target,single_factor_observable,random_relational_fuzzing,True,False,10,
file_write__fixed_target__r019,file_write,fixed_target,single_factor_observable,cep,True,True,10,"target_nonresponsiveness:target_edge_1,target_edge_2"
file_write__sensitive_exfil__r000,file_write,sensitive_exfil,single_factor_observable,document_trust,True,False,0,
file_write__sensitive_exfil__r000,file_write,sensitive_exfil,single_factor_observable,nominal_repeat,True,False,10,
file_write__sensitive_exfil__r000,file_write,sensitive_exfil,single_factor_observable,random_relational_fuzzing,True,True,10,random_3:effect_count=2|random_7:effect_count=2|random_8:effect_count=2
file_write__sensitive_exfil__r000,file_write,sensitive_exfil,single_factor_observable,cep,True,True,10,sensitive_1:effect_count=2|sensitive_2:effect_count=2
file_write__sensitive_exfil__r001,file_write,sensitive_exfil,single_factor_observable,document_trust,True,False,0,
file_write__sensitive_exfil__r001,file_write,sensitive_exfil,single_factor_observable,nominal_repeat,True,False,10,
file_write__sensitive_exfil__r001,file_write,sensitive_exfil,single_factor_observable,random_relational_fuzzing,True,True,10,random_7:effect_count=2
file_write__sensitive_exfil__r001,file_write,sensitive_exfil,single_factor_observable,cep,True,True,10,sensitive_1:effect_count=2|sensitive_2:effect_count=2
file_write__sensitive_exfil__r002,file_write,sensitive_exfil,single_factor_observable,document_trust,True,False,0,
file_write__sensitive_exfil__r002,file_write,sensitive_exfil,single_factor_observable,nominal_repeat,True,False,10,
file_write__sensitive_exfil__r002,file_write,sensitive_exfil,single_factor_observable,random_relational_fuzzing,True,True,10,random_5:effect_count=2
file_write__sensitive_exfil__r002,file_write,sensitive_exfil,single_factor_observable,cep,True,True,10,sensitive_1:effect_count=2|sensitive_2:effect_count=2
file_write__sensitive_exfil__r003,file_write,sensitive_exfil,single_factor_observable,document_trust,True,False,0,
file_write__sensitive_exfil__r003,file_write,sensitive_exfil,single_factor_observable,nominal_repeat,True,False,10,
file_write__sensitive_exfil__r003,file_write,sensitive_exfil,single_factor_observable,random_relational_fuzzing,True,True,10,random_6:effect_count=2
file_write__sensitive_exfil__r003,file_write,sensitive_exfil,single_factor_observable,cep,True,True,10,sensitive_1:effect_count=2|sensitive_2:effect_count=2
file_write__sensitive_exfil__r004,file_write,sensitive_exfil,single_factor_observable,document_trust,True,False,0,
file_write__sensitive_exfil__r004,file_write,sensitive_exfil,single_factor_observable,nominal_repeat,True,False,10,
file_write__sensitive_exfil__r004,file_write,sensitive_exfil,single_factor_observable,random_relational_fuzzing,True,True,10,random_0:effect_count=2|random_1:effect_count=2|random_3:effect_count=2
file_write__sensitive_exfil__r004,file_write,sensitive_exfil,single_factor_observable,cep,True,True,10,sensitive_1:effect_count=2|sensitive_2:effect_count=2
file_write__sensitive_exfil__r005,file_write,sensitive_exfil,single_factor_observable,document_trust,True,False,0,
file_write__sensitive_exfil__r005,file_write,sensitive_exfil,single_factor_observable,nominal_repeat,True,False,10,
file_write__sensitive_exfil__r005,file_write,sensitive_exfil,single_factor_observable,random_relational_fuzzing,True,True,10,random_2:effect_count=2|random_8:effect_count=2
file_write__sensitive_exfil__r005,file_write,sensitive_exfil,single_factor_observable,cep,True,True,10,sensitive_1:effect_count=2|sensitive_2:effect_count=2
file_write__sensitive_exfil__r006,file_write,sensitive_exfil,single_factor_observable,document_trust,True,False,0,
file_write__sensitive_exfil__r006,file_write,sensitive_exfil,single_factor_observable,nominal_repeat,True,False,10,
file_write__sensitive_exfil__r006,file_write,sensitive_exfil,single_factor_observable,random_relational_fuzzing,True,True,10,random_1:effect_count=2|random_2:effect_count=2|random_4:effect_count=2|random_7:effect_count=2|random_9:effect_count=2
file_write__sensitive_exfil__r006,file_write,sensitive_exfil,single_factor_observable,cep,True,True,10,sensitive_1:effect_count=2|sensitive_2:effect_count=2
file_write__sensitive_exfil__r007,file_write,sensitive_exfil,single_factor_observable,document_trust,True,False,0,
file_write__sensitive_exfil__r007,file_write,sensitive_exfil,single_factor_observable,nominal_repeat,True,False,10,
file_write__sensitive_exfil__r007,file_write,sensitive_exfil,single_factor_observable,random_relational_fuzzing,True,True,10,random_3:effect_count=2|random_9:effect_count=2
file_write__sensitive_exfil__r007,file_write,sensitive_exfil,single_factor_observable,cep,True,True,10,sensitive_1:effect_count=2|sensitive_2:effect_count=2
file_write__sensitive_exfil__r008,file_write,sensitive_exfil,single_factor_observable,document_trust,True,False,0,
file_write__sensitive_exfil__r008,file_write,sensitive_exfil,single_factor_observable,nominal_repeat,True,False,10,
file_write__sensitive_exfil__r008,file_write,sensitive_exfil,single_factor_observable,random_relational_fuzzing,True,True,10,random_0:effect_count=2|random_9:effect_count=2
file_write__sensitive_exfil__r008,file_write,sensitive_exfil,single_factor_observable,cep,True,True,10,sensitive_1:effect_count=2|sensitive_2:effect_count=2
file_write__sensitive_exfil__r009,file_write,sensitive_exfil,single_factor_observable,document_trust,True,False,0,
file_write__sensitive_exfil__r009,file_write,sensitive_exfil,single_factor_observable,nominal_repeat,True,False,10,
file_write__sensitive_exfil__r009,file_write,sensitive_exfil,single_factor_observable,random_relational_fuzzing,True,True,10,random_3:effect_count=2
file_write__sensitive_exfil__r009,file_write,sensitive_exfil,single_factor_observable,cep,True,True,10,sensitive_1:effect_count=2|sensitive_2:effect_count=2
file_write__sensitive_exfil__r010,file_write,sensitive_exfil,single_factor_observable,document_trust,True,False,0,
file_write__sensitive_exfil__r010,file_write,sensitive_exfil,single_factor_observable,nominal_repeat,True,False,10,
file_write__sensitive_exfil__r010,file_write,sensitive_exfil,single_factor_observable,random_relational_fuzzing,True,False,10,
file_write__sensitive_exfil__r010,file_write,sensitive_exfil,single_factor_observable,cep,True,True,10,sensitive_1:effect_count=2|sensitive_2:effect_count=2
file_write__sensitive_exfil__r011,file_write,sensitive_exfil,single_factor_observable,document_trust,True,False,0,
file_write__sensitive_exfil__r011,file_write,sensitive_exfil,single_factor_observable,nominal_repeat,True,False,10,
file_write__sensitive_exfil__r011,file_write,sensitive_exfil,single_factor_observable,random_relational_fuzzing,True,True,10,random_2:effect_count=2|random_4:effect_count=2
file_write__sensitive_exfil__r011,file_write,sensitive_exfil,single_factor_observable,cep,True,True,10,sensitive_1:effect_count=2|sensitive_2:effect_count=2
file_write__sensitive_exfil__r012,file_write,sensitive_exfil,single_factor_observable,document_trust,True,False,0,
file_write__sensitive_exfil__r012,file_write,sensitive_exfil,single_factor_observable,nominal_repeat,True,False,10,
file_write__sensitive_exfil__r012,file_write,sensitive_exfil,single_factor_observable,random_relational_fuzzing,True,True,10,random_1:effect_count=2
file_write__sensitive_exfil__r012,file_write,sensitive_exfil,single_factor_observable,cep,True,True,10,sensitive_1:effect_count=2|sensitive_2:effect_count=2
file_write__sensitive_exfil__r013,file_write,sensitive_exfil,single_factor_observable,document_trust,True,False,0,
file_write__sensitive_exfil__r013,file_write,sensitive_exfil,single_factor_observable,nominal_repeat,True,False,10,
file_write__sensitive_exfil__r013,file_write,sensitive_exfil,single_factor_observable,random_relational_fuzzing,True,True,10,random_1:effect_count=2|random_6:effect_count=2
file_write__sensitive_exfil__r013,file_write,sensitive_exfil,single_factor_observable,cep,True,True,10,sensitive_1:effect_count=2|sensitive_2:effect_count=2
file_write__sensitive_exfil__r014,file_write,sensitive_exfil,single_factor_observable,document_trust,True,False,0,
file_write__sensitive_exfil__r014,file_write,sensitive_exfil,single_factor_observable,nominal_repeat,True,False,10,
file_write__sensitive_exfil__r014,file_write,sensitive_exfil,single_factor_observable,random_relational_fuzzing,True,True,10,random_7:effect_count=2
file_write__sensitive_exfil__r014,file_write,sensitive_exfil,single_factor_observable,cep,True,True,10,sensitive_1:effect_count=2|sensitive_2:effect_count=2
file_write__sensitive_exfil__r015,file_write,sensitive_exfil,single_factor_observable,document_trust,True,False,0,
file_write__sensitive_exfil__r015,file_write,sensitive_exfil,single_factor_observable,nominal_repeat,True,False,10,
file_write__sensitive_exfil__r015,file_write,sensitive_exfil,single_factor_observable,random_relational_fuzzing,True,True,10,random_4:effect_count=2|random_5:effect_count=2
file_write__sensitive_exfil__r015,file_write,sensitive_exfil,single_factor_observable,cep,True,True,10,sensitive_1:effect_count=2|sensitive_2:effect_count=2
file_write__sensitive_exfil__r016,file_write,sensitive_exfil,single_factor_observable,document_trust,True,False,0,
file_write__sensitive_exfil__r016,file_write,sensitive_exfil,single_factor_observable,nominal_repeat,True,False,10,
file_write__sensitive_exfil__r016,file_write,sensitive_exfil,single_factor_observable,random_relational_fuzzing,True,False,10,
file_write__sensitive_exfil__r016,file_write,sensitive_exfil,single_factor_observable,cep,True,True,10,sensitive_1:effect_count=2|sensitive_2:effect_count=2
file_write__sensitive_exfil__r017,file_write,sensitive_exfil,single_factor_observable,document_trust,True,False,0,
file_write__sensitive_exfil__r017,file_write,sensitive_exfil,single_factor_observable,nominal_repeat,True,False,10,
file_write__sensitive_exfil__r017,file_write,sensitive_exfil,single_factor_observable,random_relational_fuzzing,True,True,10,random_5:effect_count=2|random_6:effect_count=2|random_9:effect_count=2
file_write__sensitive_exfil__r017,file_write,sensitive_exfil,single_factor_observable,cep,True,True,10,sensitive_1:effect_count=2|sensitive_2:effect_count=2
file_write__sensitive_exfil__r018,file_write,sensitive_exfil,single_factor_observable,document_trust,True,False,0,
file_write__sensitive_exfil__r018,file_write,sensitive_exfil,single_factor_observable,nominal_repeat,True,False,10,
file_write__sensitive_exfil__r018,file_write,sensitive_exfil,single_factor_observable,random_relational_fuzzing,True,True,10,random_0:effect_count=2|random_1:effect_count=2|random_6:effect_count=2|random_9:effect_count=2
file_write__sensitive_exfil__r018,file_write,sensitive_exfil,single_factor_observable,cep,True,True,10,sensitive_1:effect_count=2|sensitive_2:effect_count=2
file_write__sensitive_exfil__r019,file_write,sensitive_exfil,single_factor_observable,document_trust,True,False,0,
file_write__sensitive_exfil__r019,file_write,sensitive_exfil,single_factor_observable,nominal_repeat,True,False,10,
file_write__sensitive_exfil__r019,file_write,sensitive_exfil,single_factor_observable,random_relational_fuzzing,True,True,10,random_0:effect_count=2|random_5:effect_count=2|random_7:effect_count=2
file_write__sensitive_exfil__r019,file_write,sensitive_exfil,single_factor_observable,cep,True,True,10,sensitive_1:effect_count=2|sensitive_2:effect_count=2
file_write__ambient_neighbor__r000,file_write,ambient_neighbor,single_factor_observable,document_trust,True,False,0,
file_write__ambient_neighbor__r000,file_write,ambient_neighbor,single_factor_observable,nominal_repeat,True,False,10,
file_write__ambient_neighbor__r000,file_write,ambient_neighbor,single_factor_observable,random_relational_fuzzing,True,True,10,random_1:effect_count=2|random_4:effect_count=2|random_5:effect_count=2|random_9:effect_count=2
file_write__ambient_neighbor__r000,file_write,ambient_neighbor,single_factor_observable,cep,True,True,10,neighbor:effect_count=2
file_write__ambient_neighbor__r001,file_write,ambient_neighbor,single_factor_observable,document_trust,True,False,0,
file_write__ambient_neighbor__r001,file_write,ambient_neighbor,single_factor_observable,nominal_repeat,True,False,10,
file_write__ambient_neighbor__r001,file_write,ambient_neighbor,single_factor_observable,random_relational_fuzzing,True,True,10,random_9:effect_count=2
file_write__ambient_neighbor__r001,file_write,ambient_neighbor,single_factor_observable,cep,True,True,10,neighbor:effect_count=2
file_write__ambient_neighbor__r002,file_write,ambient_neighbor,single_factor_observable,document_trust,True,False,0,
file_write__ambient_neighbor__r002,file_write,ambient_neighbor,single_factor_observable,nominal_repeat,True,False,10,
file_write__ambient_neighbor__r002,file_write,ambient_neighbor,single_factor_observable,random_relational_fuzzing,True,True,10,random_1:effect_count=2|random_7:effect_count=2
file_write__ambient_neighbor__r002,file_write,ambient_neighbor,single_factor_observable,cep,True,True,10,neighbor:effect_count=2
file_write__ambient_neighbor__r003,file_write,ambient_neighbor,single_factor_observable,document_trust,True,False,0,
file_write__ambient_neighbor__r003,file_write,ambient_neighbor,single_factor_observable,nominal_repeat,True,False,10,
file_write__ambient_neighbor__r003,file_write,ambient_neighbor,single_factor_observable,random_relational_fuzzing,True,True,10,random_6:effect_count=2
file_write__ambient_neighbor__r003,file_write,ambient_neighbor,single_factor_observable,cep,True,True,10,neighbor:effect_count=2
file_write__ambient_neighbor__r004,file_write,ambient_neighbor,single_factor_observable,document_trust,True,False,0,
file_write__ambient_neighbor__r004,file_write,ambient_neighbor,single_factor_observable,nominal_repeat,True,False,10,
file_write__ambient_neighbor__r004,file_write,ambient_neighbor,single_factor_observable,random_relational_fuzzing,True,True,10,random_2:effect_count=2|random_3:effect_count=2|random_4:effect_count=2
file_write__ambient_neighbor__r004,file_write,ambient_neighbor,single_factor_observable,cep,True,True,10,neighbor:effect_count=2
file_write__ambient_neighbor__r005,file_write,ambient_neighbor,single_factor_observable,document_trust,True,False,0,
file_write__ambient_neighbor__r005,file_write,ambient_neighbor,single_factor_observable,nominal_repeat,True,False,10,
file_write__ambient_neighbor__r005,file_write,ambient_neighbor,single_factor_observable,random_relational_fuzzing,True,True,10,random_1:effect_count=2
file_write__ambient_neighbor__r005,file_write,ambient_neighbor,single_factor_observable,cep,True,True,10,neighbor:effect_count=2
file_write__ambient_neighbor__r006,file_write,ambient_neighbor,single_factor_observable,document_trust,True,False,0,
file_write__ambient_neighbor__r006,file_write,ambient_neighbor,single_factor_observable,nominal_repeat,True,False,10,
file_write__ambient_neighbor__r006,file_write,ambient_neighbor,single_factor_observable,random_relational_fuzzing,True,True,10,random_8:effect_count=2
file_write__ambient_neighbor__r006,file_write,ambient_neighbor,single_factor_observable,cep,True,True,10,neighbor:effect_count=2
file_write__ambient_neighbor__r007,file_write,ambient_neighbor,single_factor_observable,document_trust,True,False,0,
file_write__ambient_neighbor__r007,file_write,ambient_neighbor,single_factor_observable,nominal_repeat,True,False,10,
file_write__ambient_neighbor__r007,file_write,ambient_neighbor,single_factor_observable,random_relational_fuzzing,True,True,10,random_4:effect_count=2|random_8:effect_count=2|random_9:effect_count=2
file_write__ambient_neighbor__r007,file_write,ambient_neighbor,single_factor_observable,cep,True,True,10,neighbor:effect_count=2
file_write__ambient_neighbor__r008,file_write,ambient_neighbor,single_factor_observable,document_trust,True,False,0,
file_write__ambient_neighbor__r008,file_write,ambient_neighbor,single_factor_observable,nominal_repeat,True,False,10,
file_write__ambient_neighbor__r008,file_write,ambient_neighbor,single_factor_observable,random_relational_fuzzing,True,False,10,
file_write__ambient_neighbor__r008,file_write,ambient_neighbor,single_factor_observable,cep,True,True,10,neighbor:effect_count=2
file_write__ambient_neighbor__r009,file_write,ambient_neighbor,single_factor_observable,document_trust,True,False,0,
file_write__ambient_neighbor__r009,file_write,ambient_neighbor,single_factor_observable,nominal_repeat,True,False,10,
file_write__ambient_neighbor__r009,file_write,ambient_neighbor,single_factor_observable,random_relational_fuzzing,True,True,10,random_0:effect_count=2|random_4:effect_count=2
file_write__ambient_neighbor__r009,file_write,ambient_neighbor,single_factor_observable,cep,True,True,10,neighbor:effect_count=2
file_write__ambient_neighbor__r010,file_write,ambient_neighbor,single_factor_observable,document_trust,True,False,0,
file_write__ambient_neighbor__r010,file_write,ambient_neighbor,single_factor_observable,nominal_repeat,True,False,10,
file_write__ambient_neighbor__r010,file_write,ambient_neighbor,single_factor_observable,random_relational_fuzzing,True,True,10,random_4:effect_count=2|random_8:effect_count=2|random_9:effect_count=2
file_write__ambient_neighbor__r010,file_write,ambient_neighbor,single_factor_observable,cep,True,True,10,neighbor:effect_count=2
file_write__ambient_neighbor__r011,file_write,ambient_neighbor,single_factor_observable,document_trust,True,False,0,
file_write__ambient_neighbor__r011,file_write,ambient_neighbor,single_factor_observable,nominal_repeat,True,False,10,
file_write__ambient_neighbor__r011,file_write,ambient_neighbor,single_factor_observable,random_relational_fuzzing,True,False,10,
file_write__ambient_neighbor__r011,file_write,ambient_neighbor,single_factor_observable,cep,True,True,10,neighbor:effect_count=2
file_write__ambient_neighbor__r012,file_write,ambient_neighbor,single_factor_observable,document_trust,True,False,0,
file_write__ambient_neighbor__r012,file_write,ambient_neighbor,single_factor_observable,nominal_repeat,True,False,10,
file_write__ambient_neighbor__r012,file_write,ambient_neighbor,single_factor_observable,random_relational_fuzzing,True,True,10,random_1:effect_count=2
file_write__ambient_neighbor__r012,file_write,ambient_neighbor,single_factor_observable,cep,True,True,10,neighbor:effect_count=2
file_write__ambient_neighbor__r013,file_write,ambient_neighbor,single_factor_observable,document_trust,True,False,0,
file_write__ambient_neighbor__r013,file_write,ambient_neighbor,single_factor_observable,nominal_repeat,True,False,10,
file_write__ambient_neighbor__r013,file_write,ambient_neighbor,single_factor_observable,random_relational_fuzzing,True,True,10,random_0:effect_count=2|random_4:effect_count=2
file_write__ambient_neighbor__r013,file_write,ambient_neighbor,single_factor_observable,cep,True,True,10,neighbor:effect_count=2
file_write__ambient_neighbor__r014,file_write,ambient_neighbor,single_factor_observable,document_trust,True,False,0,
file_write__ambient_neighbor__r014,file_write,ambient_neighbor,single_factor_observable,nominal_repeat,True,False,10,
file_write__ambient_neighbor__r014,file_write,ambient_neighbor,single_factor_observable,random_relational_fuzzing,True,True,10,random_3:effect_count=2
file_write__ambient_neighbor__r014,file_write,ambient_neighbor,single_factor_observable,cep,True,True,10,neighbor:effect_count=2
file_write__ambient_neighbor__r015,file_write,ambient_neighbor,single_factor_observable,document_trust,True,False,0,
file_write__ambient_neighbor__r015,file_write,ambient_neighbor,single_factor_observable,nominal_repeat,True,False,10,
file_write__ambient_neighbor__r015,file_write,ambient_neighbor,single_factor_observable,random_relational_fuzzing,True,False,10,
file_write__ambient_neighbor__r015,file_write,ambient_neighbor,single_factor_observable,cep,True,True,10,neighbor:effect_count=2
file_write__ambient_neighbor__r016,file_write,ambient_neighbor,single_factor_observable,document_trust,True,False,0,
file_write__ambient_neighbor__r016,file_write,ambient_neighbor,single_factor_observable,nominal_repeat,True,False,10,
file_write__ambient_neighbor__r016,file_write,ambient_neighbor,single_factor_observable,random_relational_fuzzing,True,True,10,random_3:effect_count=2|random_9:effect_count=2
file_write__ambient_neighbor__r016,file_write,ambient_neighbor,single_factor_observable,cep,True,True,10,neighbor:effect_count=2
file_write__ambient_neighbor__r017,file_write,ambient_neighbor,single_factor_observable,document_trust,True,False,0,
file_write__ambient_neighbor__r017,file_write,ambient_neighbor,single_factor_observable,nominal_repeat,True,False,10,
file_write__ambient_neighbor__r017,file_write,ambient_neighbor,single_factor_observable,random_relational_fuzzing,True,True,10,random_9:effect_count=2
file_write__ambient_neighbor__r017,file_write,ambient_neighbor,single_factor_observable,cep,True,True,10,neighbor:effect_count=2
file_write__ambient_neighbor__r018,file_write,ambient_neighbor,single_factor_observable,document_trust,True,False,0,
file_write__ambient_neighbor__r018,file_write,ambient_neighbor,single_factor_observable,nominal_repeat,True,False,10,
file_write__ambient_neighbor__r018,file_write,ambient_neighbor,single_factor_observable,random_relational_fuzzing,True,False,10,
file_write__ambient_neighbor__r018,file_write,ambient_neighbor,single_factor_observable,cep,True,True,10,neighbor:effect_count=2
file_write__ambient_neighbor__r019,file_write,ambient_neighbor,single_factor_observable,document_trust,True,False,0,
file_write__ambient_neighbor__r019,file_write,ambient_neighbor,single_factor_observable,nominal_repeat,True,False,10,
file_write__ambient_neighbor__r019,file_write,ambient_neighbor,single_factor_observable,random_relational_fuzzing,True,True,10,random_3:effect_count=2
file_write__ambient_neighbor__r019,file_write,ambient_neighbor,single_factor_observable,cep,True,True,10,neighbor:effect_count=2
file_write__cross_tenant__r000,file_write,cross_tenant,single_factor_observable,document_trust,True,False,0,
file_write__cross_tenant__r000,file_write,cross_tenant,single_factor_observable,nominal_repeat,True,False,10,
file_write__cross_tenant__r000,file_write,cross_tenant,single_factor_observable,random_relational_fuzzing,True,False,10,
file_write__cross_tenant__r000,file_write,cross_tenant,single_factor_observable,cep,True,True,10,tenant_boundary:effect_count=2
file_write__cross_tenant__r001,file_write,cross_tenant,single_factor_observable,document_trust,True,False,0,
file_write__cross_tenant__r001,file_write,cross_tenant,single_factor_observable,nominal_repeat,True,False,10,
file_write__cross_tenant__r001,file_write,cross_tenant,single_factor_observable,random_relational_fuzzing,True,True,10,random_9:effect_count=2
file_write__cross_tenant__r001,file_write,cross_tenant,single_factor_observable,cep,True,True,10,tenant_boundary:effect_count=2
file_write__cross_tenant__r002,file_write,cross_tenant,single_factor_observable,document_trust,True,False,0,
file_write__cross_tenant__r002,file_write,cross_tenant,single_factor_observable,nominal_repeat,True,False,10,
file_write__cross_tenant__r002,file_write,cross_tenant,single_factor_observable,random_relational_fuzzing,True,True,10,random_2:effect_count=2|random_6:effect_count=2
file_write__cross_tenant__r002,file_write,cross_tenant,single_factor_observable,cep,True,True,10,tenant_boundary:effect_count=2
file_write__cross_tenant__r003,file_write,cross_tenant,single_factor_observable,document_trust,True,False,0,
file_write__cross_tenant__r003,file_write,cross_tenant,single_factor_observable,nominal_repeat,True,False,10,
file_write__cross_tenant__r003,file_write,cross_tenant,single_factor_observable,random_relational_fuzzing,True,True,10,random_3:effect_count=2|random_6:effect_count=2
file_write__cross_tenant__r003,file_write,cross_tenant,single_factor_observable,cep,True,True,10,tenant_boundary:effect_count=2
file_write__cross_tenant__r004,file_write,cross_tenant,single_factor_observable,document_trust,True,False,0,
file_write__cross_tenant__r004,file_write,cross_tenant,single_factor_observable,nominal_repeat,True,False,10,
file_write__cross_tenant__r004,file_write,cross_tenant,single_factor_observable,random_relational_fuzzing,True,True,10,random_1:effect_count=2|random_6:effect_count=2
file_write__cross_tenant__r004,file_write,cross_tenant,single_factor_observable,cep,True,True,10,tenant_boundary:effect_count=2
file_write__cross_tenant__r005,file_write,cross_tenant,single_factor_observable,document_trust,True,False,0,
file_write__cross_tenant__r005,file_write,cross_tenant,single_factor_observable,nominal_repeat,True,False,10,
file_write__cross_tenant__r005,file_write,cross_tenant,single_factor_observable,random_relational_fuzzing,True,True,10,random_0:effect_count=2|random_3:effect_count=2|random_6:effect_count=2
file_write__cross_tenant__r005,file_write,cross_tenant,single_factor_observable,cep,True,True,10,tenant_boundary:effect_count=2
file_write__cross_tenant__r006,file_write,cross_tenant,single_factor_observable,document_trust,True,False,0,
file_write__cross_tenant__r006,file_write,cross_tenant,single_factor_observable,nominal_repeat,True,False,10,
file_write__cross_tenant__r006,file_write,cross_tenant,single_factor_observable,random_relational_fuzzing,True,True,10,random_5:effect_count=2
file_write__cross_tenant__r006,file_write,cross_tenant,single_factor_observable,cep,True,True,10,tenant_boundary:effect_count=2
file_write__cross_tenant__r007,file_write,cross_tenant,single_factor_observable,document_trust,True,False,0,
file_write__cross_tenant__r007,file_write,cross_tenant,single_factor_observable,nominal_repeat,True,False,10,
file_write__cross_tenant__r007,file_write,cross_tenant,single_factor_observable,random_relational_fuzzing,True,False,10,
file_write__cross_tenant__r007,file_write,cross_tenant,single_factor_observable,cep,True,True,10,tenant_boundary:effect_count=2
file_write__cross_tenant__r008,file_write,cross_tenant,single_factor_observable,document_trust,True,False,0,
file_write__cross_tenant__r008,file_write,cross_tenant,single_factor_observable,nominal_repeat,True,False,10,
file_write__cross_tenant__r008,file_write,cross_tenant,single_factor_observable,random_relational_fuzzing,True,True,10,random_1:effect_count=2|random_7:effect_count=2
file_write__cross_tenant__r008,file_write,cross_tenant,single_factor_observable,cep,True,True,10,tenant_boundary:effect_count=2
file_write__cross_tenant__r009,file_write,cross_tenant,single_factor_observable,document_trust,True,False,0,
file_write__cross_tenant__r009,file_write,cross_tenant,single_factor_observable,nominal_repeat,True,False,10,
file_write__cross_tenant__r009,file_write,cross_tenant,single_factor_observable,random_relational_fuzzing,True,True,10,random_5:effect_count=2
file_write__cross_tenant__r009,file_write,cross_tenant,single_factor_observable,cep,True,True,10,tenant_boundary:effect_count=2
file_write__cross_tenant__r010,file_write,cross_tenant,single_factor_observable,document_trust,True,False,0,
file_write__cross_tenant__r010,file_write,cross_tenant,single_factor_observable,nominal_repeat,True,False,10,
file_write__cross_tenant__r010,file_write,cross_tenant,single_factor_observable,random_relational_fuzzing,True,True,10,random_0:effect_count=2|random_4:effect_count=2
file_write__cross_tenant__r010,file_write,cross_tenant,single_factor_observable,cep,True,True,10,tenant_boundary:effect_count=2
file_write__cross_tenant__r011,file_write,cross_tenant,single_factor_observable,document_trust,True,False,0,
file_write__cross_tenant__r011,file_write,cross_tenant,single_factor_observable,nominal_repeat,True,False,10,
file_write__cross_tenant__r011,file_write,cross_tenant,single_factor_observable,random_relational_fuzzing,True,True,10,random_2:effect_count=2|random_9:effect_count=2
file_write__cross_tenant__r011,file_write,cross_tenant,single_factor_observable,cep,True,True,10,tenant_boundary:effect_count=2
file_write__cross_tenant__r012,file_write,cross_tenant,single_factor_observable,document_trust,True,False,0,
file_write__cross_tenant__r012,file_write,cross_tenant,single_factor_observable,nominal_repeat,True,False,10,
file_write__cross_tenant__r012,file_write,cross_tenant,single_factor_observable,random_relational_fuzzing,True,True,10,random_8:effect_count=2|random_9:effect_count=2
file_write__cross_tenant__r012,file_write,cross_tenant,single_factor_observable,cep,True,True,10,tenant_boundary:effect_count=2
file_write__cross_tenant__r013,file_write,cross_tenant,single_factor_observable,document_trust,True,False,0,
file_write__cross_tenant__r013,file_write,cross_tenant,single_factor_observable,nominal_repeat,True,False,10,
file_write__cross_tenant__r013,file_write,cross_tenant,single_factor_observable,random_relational_fuzzing,True,True,10,random_0:effect_count=2|random_6:effect_count=2|random_8:effect_count=2
file_write__cross_tenant__r013,file_write,cross_tenant,single_factor_observable,cep,True,True,10,tenant_boundary:effect_count=2
file_write__cross_tenant__r014,file_write,cross_tenant,single_factor_observable,document_trust,True,False,0,
file_write__cross_tenant__r014,file_write,cross_tenant,single_factor_observable,nominal_repeat,True,False,10,
file_write__cross_tenant__r014,file_write,cross_tenant,single_factor_observable,random_relational_fuzzing,True,True,10,random_0:effect_count=2|random_9:effect_count=2
file_write__cross_tenant__r014,file_write,cross_tenant,single_factor_observable,cep,True,True,10,tenant_boundary:effect_count=2
file_write__cross_tenant__r015,file_write,cross_tenant,single_factor_observable,document_trust,True,False,0,
file_write__cross_tenant__r015,file_write,cross_tenant,single_factor_observable,nominal_repeat,True,False,10,
file_write__cross_tenant__r015,file_write,cross_tenant,single_factor_observable,random_relational_fuzzing,True,True,10,random_0:effect_count=2|random_1:effect_count=2|random_6:effect_count=2
file_write__cross_tenant__r015,file_write,cross_tenant,single_factor_observable,cep,True,True,10,tenant_boundary:effect_count=2
file_write__cross_tenant__r016,file_write,cross_tenant,single_factor_observable,document_trust,True,False,0,
file_write__cross_tenant__r016,file_write,cross_tenant,single_factor_observable,nominal_repeat,True,False,10,
file_write__cross_tenant__r016,file_write,cross_tenant,single_factor_observable,random_relational_fuzzing,True,True,10,random_6:effect_count=2|random_7:effect_count=2|random_9:effect_count=2
file_write__cross_tenant__r016,file_write,cross_tenant,single_factor_observable,cep,True,True,10,tenant_boundary:effect_count=2
file_write__cross_tenant__r017,file_write,cross_tenant,single_factor_observable,document_trust,True,False,0,
file_write__cross_tenant__r017,file_write,cross_tenant,single_factor_observable,nominal_repeat,True,False,10,
file_write__cross_tenant__r017,file_write,cross_tenant,single_factor_observable,random_relational_fuzzing,True,True,10,random_7:effect_count=2
file_write__cross_tenant__r017,file_write,cross_tenant,single_factor_observable,cep,True,True,10,tenant_boundary:effect_count=2
file_write__cross_tenant__r018,file_write,cross_tenant,single_factor_observable,document_trust,True,False,0,
file_write__cross_tenant__r018,file_write,cross_tenant,single_factor_observable,nominal_repeat,True,False,10,
file_write__cross_tenant__r018,file_write,cross_tenant,single_factor_observable,random_relational_fuzzing,True,True,10,random_0:effect_count=2|random_5:effect_count=2|random_9:effect_count=2
file_write__cross_tenant__r018,file_write,cross_tenant,single_factor_observable,cep,True,True,10,tenant_boundary:effect_count=2
file_write__cross_tenant__r019,file_write,cross_tenant,single_factor_observable,document_trust,True,False,0,
file_write__cross_tenant__r019,file_write,cross_tenant,single_factor_observable,nominal_repeat,True,False,10,
file_write__cross_tenant__r019,file_write,cross_tenant,single_factor_observable,random_relational_fuzzing,True,True,10,random_1:effect_count=2|random_5:effect_count=2
file_write__cross_tenant__r019,file_write,cross_tenant,single_factor_observable,cep,True,True,10,tenant_boundary:effect_count=2
file_write__secret_capture__r000,file_write,secret_capture,single_factor_observable,document_trust,True,False,0,
file_write__secret_capture__r000,file_write,secret_capture,single_factor_observable,nominal_repeat,True,False,10,
file_write__secret_capture__r000,file_write,secret_capture,single_factor_observable,random_relational_fuzzing,True,True,10,"ambient_secret_dependency:random_1,random_4|ambient_secret_dependency:random_1,random_8|ambient_secret_dependency:random_3,random_4|ambient_secret_dependency:random_3,random_8|ambient_secret_dependency:random_4,random_9|ambient_secret_dependency:random_8,random_9"
file_write__secret_capture__r000,file_write,secret_capture,single_factor_observable,cep,True,True,10,"ambient_secret_dependency:base,secret_1|ambient_secret_dependency:base,secret_2|ambient_secret_dependency:base_repeat,secret_1|ambient_secret_dependency:base_repeat,secret_2|ambient_secret_dependency:secret_1,secret_2"
file_write__secret_capture__r001,file_write,secret_capture,single_factor_observable,document_trust,True,False,0,
file_write__secret_capture__r001,file_write,secret_capture,single_factor_observable,nominal_repeat,True,False,10,
file_write__secret_capture__r001,file_write,secret_capture,single_factor_observable,random_relational_fuzzing,True,True,10,"ambient_secret_dependency:random_0,random_4"
file_write__secret_capture__r001,file_write,secret_capture,single_factor_observable,cep,True,True,10,"ambient_secret_dependency:base,secret_1|ambient_secret_dependency:base,secret_2|ambient_secret_dependency:base_repeat,secret_1|ambient_secret_dependency:base_repeat,secret_2|ambient_secret_dependency:secret_1,secret_2"
file_write__secret_capture__r002,file_write,secret_capture,single_factor_observable,document_trust,True,False,0,
file_write__secret_capture__r002,file_write,secret_capture,single_factor_observable,nominal_repeat,True,False,10,
file_write__secret_capture__r002,file_write,secret_capture,single_factor_observable,random_relational_fuzzing,True,True,10,"ambient_secret_dependency:random_1,random_7|ambient_secret_dependency:random_1,random_9"
file_write__secret_capture__r002,file_write,secret_capture,single_factor_observable,cep,True,True,10,"ambient_secret_dependency:base,secret_1|ambient_secret_dependency:base,secret_2|ambient_secret_dependency:base_repeat,secret_1|ambient_secret_dependency:base_repeat,secret_2|ambient_secret_dependency:secret_1,secret_2"
file_write__secret_capture__r003,file_write,secret_capture,single_factor_observable,document_trust,True,False,0,
file_write__secret_capture__r003,file_write,secret_capture,single_factor_observable,nominal_repeat,True,False,10,
file_write__secret_capture__r003,file_write,secret_capture,single_factor_observable,random_relational_fuzzing,True,True,10,"ambient_secret_dependency:random_0,random_3"
file_write__secret_capture__r003,file_write,secret_capture,single_factor_observable,cep,True,True,10,"ambient_secret_dependency:base,secret_1|ambient_secret_dependency:base,secret_2|ambient_secret_dependency:base_repeat,secret_1|ambient_secret_dependency:base_repeat,secret_2|ambient_secret_dependency:secret_1,secret_2"
file_write__secret_capture__r004,file_write,secret_capture,single_factor_observable,document_trust,True,False,0,
file_write__secret_capture__r004,file_write,secret_capture,single_factor_observable,nominal_repeat,True,False,10,
file_write__secret_capture__r004,file_write,secret_capture,single_factor_observable,random_relational_fuzzing,True,False,10,
file_write__secret_capture__r004,file_write,secret_capture,single_factor_observable,cep,True,True,10,"ambient_secret_dependency:base,secret_1|ambient_secret_dependency:base,secret_2|ambient_secret_dependency:base_repeat,secret_1|ambient_secret_dependency:base_repeat,secret_2|ambient_secret_dependency:secret_1,secret_2"
file_write__secret_capture__r005,file_write,secret_capture,single_factor_observable,document_trust,True,False,0,
file_write__secret_capture__r005,file_write,secret_capture,single_factor_observable,nominal_repeat,True,False,10,
file_write__secret_capture__r005,file_write,secret_capture,single_factor_observable,random_relational_fuzzing,True,False,10,
file_write__secret_capture__r005,file_write,secret_capture,single_factor_observable,cep,True,True,10,"ambient_secret_dependency:base,secret_1|ambient_secret_dependency:base,secret_2|ambient_secret_dependency:base_repeat,secret_1|ambient_secret_dependency:base_repeat,secret_2|ambient_secret_dependency:secret_1,secret_2"
file_write__secret_capture__r006,file_write,secret_capture,single_factor_observable,document_trust,True,False,0,
file_write__secret_capture__r006,file_write,secret_capture,single_factor_observable,nominal_repeat,True,False,10,
file_write__secret_capture__r006,file_write,secret_capture,single_factor_observable,random_relational_fuzzing,True,True,10,"ambient_secret_dependency:random_0,random_7|ambient_secret_dependency:random_7,random_9"
file_write__secret_capture__r006,file_write,secret_capture,single_factor_observable,cep,True,True,10,"ambient_secret_dependency:base,secret_1|ambient_secret_dependency:base,secret_2|ambient_secret_dependency:base_repeat,secret_1|ambient_secret_dependency:base_repeat,secret_2|ambient_secret_dependency:secret_1,secret_2"
file_write__secret_capture__r007,file_write,secret_capture,single_factor_observable,document_trust,True,False,0,
file_write__secret_capture__r007,file_write,secret_capture,single_factor_observable,nominal_repeat,True,False,10,
file_write__secret_capture__r007,file_write,secret_capture,single_factor_observable,random_relational_fuzzing,True,False,10,
file_write__secret_capture__r007,file_write,secret_capture,single_factor_observable,cep,True,True,10,"ambient_secret_dependency:base,secret_1|ambient_secret_dependency:base,secret_2|ambient_secret_dependency:base_repeat,secret_1|ambient_secret_dependency:base_repeat,secret_2|ambient_secret_dependency:secret_1,secret_2"
file_write__secret_capture__r008,file_write,secret_capture,single_factor_observable,document_trust,True,False,0,
file_write__secret_capture__r008,file_write,secret_capture,single_factor_observable,nominal_repeat,True,False,10,
file_write__secret_capture__r008,file_write,secret_capture,single_factor_observable,random_relational_fuzzing,True,False,10,
file_write__secret_capture__r008,file_write,secret_capture,single_factor_observable,cep,True,True,10,"ambient_secret_dependency:base,secret_1|ambient_secret_dependency:base,secret_2|ambient_secret_dependency:base_repeat,secret_1|ambient_secret_dependency:base_repeat,secret_2|ambient_secret_dependency:secret_1,secret_2"
file_write__secret_capture__r009,file_write,secret_capture,single_factor_observable,document_trust,True,False,0,
file_write__secret_capture__r009,file_write,secret_capture,single_factor_observable,nominal_repeat,True,False,10,
file_write__secret_capture__r009,file_write,secret_capture,single_factor_observable,random_relational_fuzzing,True,True,10,"ambient_secret_dependency:random_1,random_4|ambient_secret_dependency:random_4,random_8"
file_write__secret_capture__r009,file_write,secret_capture,single_factor_observable,cep,True,True,10,"ambient_secret_dependency:base,secret_1|ambient_secret_dependency:base,secret_2|ambient_secret_dependency:base_repeat,secret_1|ambient_secret_dependency:base_repeat,secret_2|ambient_secret_dependency:secret_1,secret_2"
file_write__secret_capture__r010,file_write,secret_capture,single_factor_observable,document_trust,True,False,0,
file_write__secret_capture__r010,file_write,secret_capture,single_factor_observable,nominal_repeat,True,False,10,
file_write__secret_capture__r010,file_write,secret_capture,single_factor_observable,random_relational_fuzzing,True,True,10,"ambient_secret_dependency:random_3,random_4"
file_write__secret_capture__r010,file_write,secret_capture,single_factor_observable,cep,True,True,10,"ambient_secret_dependency:base,secret_1|ambient_secret_dependency:base,secret_2|ambient_secret_dependency:base_repeat,secret_1|ambient_secret_dependency:base_repeat,secret_2|ambient_secret_dependency:secret_1,secret_2"
file_write__secret_capture__r011,file_write,secret_capture,single_factor_observable,document_trust,True,False,0,
file_write__secret_capture__r011,file_write,secret_capture,single_factor_observable,nominal_repeat,True,False,10,
file_write__secret_capture__r011,file_write,secret_capture,single_factor_observable,random_relational_fuzzing,True,False,10,
file_write__secret_capture__r011,file_write,secret_capture,single_factor_observable,cep,True,True,10,"ambient_secret_dependency:base,secret_1|ambient_secret_dependency:base,secret_2|ambient_secret_dependency:base_repeat,secret_1|ambient_secret_dependency:base_repeat,secret_2|ambient_secret_dependency:secret_1,secret_2"
file_write__secret_capture__r012,file_write,secret_capture,single_factor_observable,document_trust,True,False,0,
file_write__secret_capture__r012,file_write,secret_capture,single_factor_observable,nominal_repeat,True,False,10,
file_write__secret_capture__r012,file_write,secret_capture,single_factor_observable,random_relational_fuzzing,True,False,10,
file_write__secret_capture__r012,file_write,secret_capture,single_factor_observable,cep,True,True,10,"ambient_secret_dependency:base,secret_1|ambient_secret_dependency:base,secret_2|ambient_secret_dependency:base_repeat,secret_1|ambient_secret_dependency:base_repeat,secret_2|ambient_secret_dependency:secret_1,secret_2"
file_write__secret_capture__r013,file_write,secret_capture,single_factor_observable,document_trust,True,False,0,
file_write__secret_capture__r013,file_write,secret_capture,single_factor_observable,nominal_repeat,True,False,10,
file_write__secret_capture__r013,file_write,secret_capture,single_factor_observable,random_relational_fuzzing,True,True,10,"ambient_secret_dependency:random_2,random_4|ambient_secret_dependency:random_3,random_6|ambient_secret_dependency:random_3,random_8|ambient_secret_dependency:random_6,random_7|ambient_secret_dependency:random_7,random_8"
file_write__secret_capture__r013,file_write,secret_capture,single_factor_observable,cep,True,True,10,"ambient_secret_dependency:base,secret_1|ambient_secret_dependency:base,secret_2|ambient_secret_dependency:base_repeat,secret_1|ambient_secret_dependency:base_repeat,secret_2|ambient_secret_dependency:secret_1,secret_2"
file_write__secret_capture__r014,file_write,secret_capture,single_factor_observable,document_trust,True,False,0,
file_write__secret_capture__r014,file_write,secret_capture,single_factor_observable,nominal_repeat,True,False,10,
file_write__secret_capture__r014,file_write,secret_capture,single_factor_observable,random_relational_fuzzing,True,True,10,"ambient_secret_dependency:random_2,random_4"
file_write__secret_capture__r014,file_write,secret_capture,single_factor_observable,cep,True,True,10,"ambient_secret_dependency:base,secret_1|ambient_secret_dependency:base,secret_2|ambient_secret_dependency:base_repeat,secret_1|ambient_secret_dependency:base_repeat,secret_2|ambient_secret_dependency:secret_1,secret_2"
file_write__secret_capture__r015,file_write,secret_capture,single_factor_observable,document_trust,True,False,0,
file_write__secret_capture__r015,file_write,secret_capture,single_factor_observable,nominal_repeat,True,False,10,
file_write__secret_capture__r015,file_write,secret_capture,single_factor_observable,random_relational_fuzzing,True,True,10,"ambient_secret_dependency:random_1,random_8|ambient_secret_dependency:random_3,random_7|ambient_secret_dependency:random_5,random_8|ambient_secret_dependency:random_8,random_9"
file_write__secret_capture__r015,file_write,secret_capture,single_factor_observable,cep,True,True,10,"ambient_secret_dependency:base,secret_1|ambient_secret_dependency:base,secret_2|ambient_secret_dependency:base_repeat,secret_1|ambient_secret_dependency:base_repeat,secret_2|ambient_secret_dependency:secret_1,secret_2"
file_write__secret_capture__r016,file_write,secret_capture,single_factor_observable,document_trust,True,False,0,
file_write__secret_capture__r016,file_write,secret_capture,single_factor_observable,nominal_repeat,True,False,10,
file_write__secret_capture__r016,file_write,secret_capture,single_factor_observable,random_relational_fuzzing,True,True,10,"ambient_secret_dependency:random_6,random_7"
file_write__secret_capture__r016,file_write,secret_capture,single_factor_observable,cep,True,True,10,"ambient_secret_dependency:base,secret_1|ambient_secret_dependency:base,secret_2|ambient_secret_dependency:base_repeat,secret_1|ambient_secret_dependency:base_repeat,secret_2|ambient_secret_dependency:secret_1,secret_2"
file_write__secret_capture__r017,file_write,secret_capture,single_factor_observable,document_trust,True,False,0,
file_write__secret_capture__r017,file_write,secret_capture,single_factor_observable,nominal_repeat,True,False,10,
file_write__secret_capture__r017,file_write,secret_capture,single_factor_observable,random_relational_fuzzing,True,False,10,
file_write__secret_capture__r017,file_write,secret_capture,single_factor_observable,cep,True,True,10,"ambient_secret_dependency:base,secret_1|ambient_secret_dependency:base,secret_2|ambient_secret_dependency:base_repeat,secret_1|ambient_secret_dependency:base_repeat,secret_2|ambient_secret_dependency:secret_1,secret_2"
file_write__secret_capture__r018,file_write,secret_capture,single_factor_observable,document_trust,True,False,0,
file_write__secret_capture__r018,file_write,secret_capture,single_factor_observable,nominal_repeat,True,False,10,
file_write__secret_capture__r018,file_write,secret_capture,single_factor_observable,random_relational_fuzzing,True,False,10,
file_write__secret_capture__r018,file_write,secret_capture,single_factor_observable,cep,True,True,10,"ambient_secret_dependency:base,secret_1|ambient_secret_dependency:base,secret_2|ambient_secret_dependency:base_repeat,secret_1|ambient_secret_dependency:base_repeat,secret_2|ambient_secret_dependency:secret_1,secret_2"
file_write__secret_capture__r019,file_write,secret_capture,single_factor_observable,document_trust,True,False,0,
file_write__secret_capture__r019,file_write,secret_capture,single_factor_observable,nominal_repeat,True,False,10,
file_write__secret_capture__r019,file_write,secret_capture,single_factor_observable,random_relational_fuzzing,True,True,10,"ambient_secret_dependency:random_0,random_5|ambient_secret_dependency:random_1,random_5|ambient_secret_dependency:random_2,random_6|ambient_secret_dependency:random_3,random_5|ambient_secret_dependency:random_4,random_5|ambient_secret_dependency:random_5,random_8"
file_write__secret_capture__r019,file_write,secret_capture,single_factor_observable,cep,True,True,10,"ambient_secret_dependency:base,secret_1|ambient_secret_dependency:base,secret_2|ambient_secret_dependency:base_repeat,secret_1|ambient_secret_dependency:base_repeat,secret_2|ambient_secret_dependency:secret_1,secret_2"
file_write__compound_trigger__r000,file_write,compound_trigger,compound_trigger,document_trust,True,False,0,
file_write__compound_trigger__r000,file_write,compound_trigger,compound_trigger,nominal_repeat,True,False,10,
file_write__compound_trigger__r000,file_write,compound_trigger,compound_trigger,random_relational_fuzzing,True,True,10,random_2:effect_count=2
file_write__compound_trigger__r000,file_write,compound_trigger,compound_trigger,cep,True,False,10,
file_write__compound_trigger__r001,file_write,compound_trigger,compound_trigger,document_trust,True,False,0,
file_write__compound_trigger__r001,file_write,compound_trigger,compound_trigger,nominal_repeat,True,False,10,
file_write__compound_trigger__r001,file_write,compound_trigger,compound_trigger,random_relational_fuzzing,True,False,10,
file_write__compound_trigger__r001,file_write,compound_trigger,compound_trigger,cep,True,False,10,
file_write__compound_trigger__r002,file_write,compound_trigger,compound_trigger,document_trust,True,False,0,
file_write__compound_trigger__r002,file_write,compound_trigger,compound_trigger,nominal_repeat,True,False,10,
file_write__compound_trigger__r002,file_write,compound_trigger,compound_trigger,random_relational_fuzzing,True,True,10,random_6:effect_count=2|random_8:effect_count=2
file_write__compound_trigger__r002,file_write,compound_trigger,compound_trigger,cep,True,False,10,
file_write__compound_trigger__r003,file_write,compound_trigger,compound_trigger,document_trust,True,False,0,
file_write__compound_trigger__r003,file_write,compound_trigger,compound_trigger,nominal_repeat,True,False,10,
file_write__compound_trigger__r003,file_write,compound_trigger,compound_trigger,random_relational_fuzzing,True,False,10,
file_write__compound_trigger__r003,file_write,compound_trigger,compound_trigger,cep,True,False,10,
file_write__compound_trigger__r004,file_write,compound_trigger,compound_trigger,document_trust,True,False,0,
file_write__compound_trigger__r004,file_write,compound_trigger,compound_trigger,nominal_repeat,True,False,10,
file_write__compound_trigger__r004,file_write,compound_trigger,compound_trigger,random_relational_fuzzing,True,True,10,random_5:effect_count=2
file_write__compound_trigger__r004,file_write,compound_trigger,compound_trigger,cep,True,False,10,
file_write__compound_trigger__r005,file_write,compound_trigger,compound_trigger,document_trust,True,False,0,
file_write__compound_trigger__r005,file_write,compound_trigger,compound_trigger,nominal_repeat,True,False,10,
file_write__compound_trigger__r005,file_write,compound_trigger,compound_trigger,random_relational_fuzzing,True,False,10,
file_write__compound_trigger__r005,file_write,compound_trigger,compound_trigger,cep,True,False,10,
file_write__compound_trigger__r006,file_write,compound_trigger,compound_trigger,document_trust,True,False,0,
file_write__compound_trigger__r006,file_write,compound_trigger,compound_trigger,nominal_repeat,True,False,10,
file_write__compound_trigger__r006,file_write,compound_trigger,compound_trigger,random_relational_fuzzing,True,True,10,random_1:effect_count=2
file_write__compound_trigger__r006,file_write,compound_trigger,compound_trigger,cep,True,False,10,
file_write__compound_trigger__r007,file_write,compound_trigger,compound_trigger,document_trust,True,False,0,
file_write__compound_trigger__r007,file_write,compound_trigger,compound_trigger,nominal_repeat,True,False,10,
file_write__compound_trigger__r007,file_write,compound_trigger,compound_trigger,random_relational_fuzzing,True,False,10,
file_write__compound_trigger__r007,file_write,compound_trigger,compound_trigger,cep,True,False,10,
file_write__compound_trigger__r008,file_write,compound_trigger,compound_trigger,document_trust,True,False,0,
file_write__compound_trigger__r008,file_write,compound_trigger,compound_trigger,nominal_repeat,True,False,10,
file_write__compound_trigger__r008,file_write,compound_trigger,compound_trigger,random_relational_fuzzing,True,True,10,random_7:effect_count=2
file_write__compound_trigger__r008,file_write,compound_trigger,compound_trigger,cep,True,False,10,
file_write__compound_trigger__r009,file_write,compound_trigger,compound_trigger,document_trust,True,False,0,
file_write__compound_trigger__r009,file_write,compound_trigger,compound_trigger,nominal_repeat,True,False,10,
file_write__compound_trigger__r009,file_write,compound_trigger,compound_trigger,random_relational_fuzzing,True,False,10,
file_write__compound_trigger__r009,file_write,compound_trigger,compound_trigger,cep,True,False,10,
file_write__compound_trigger__r010,file_write,compound_trigger,compound_trigger,document_trust,True,False,0,
file_write__compound_trigger__r010,file_write,compound_trigger,compound_trigger,nominal_repeat,True,False,10,
file_write__compound_trigger__r010,file_write,compound_trigger,compound_trigger,random_relational_fuzzing,True,False,10,
file_write__compound_trigger__r010,file_write,compound_trigger,compound_trigger,cep,True,False,10,
file_write__compound_trigger__r011,file_write,compound_trigger,compound_trigger,document_trust,True,False,0,
file_write__compound_trigger__r011,file_write,compound_trigger,compound_trigger,nominal_repeat,True,False,10,
file_write__compound_trigger__r011,file_write,compound_trigger,compound_trigger,random_relational_fuzzing,True,True,10,random_0:effect_count=2
file_write__compound_trigger__r011,file_write,compound_trigger,compound_trigger,cep,True,False,10,
file_write__compound_trigger__r012,file_write,compound_trigger,compound_trigger,document_trust,True,False,0,
file_write__compound_trigger__r012,file_write,compound_trigger,compound_trigger,nominal_repeat,True,False,10,
file_write__compound_trigger__r012,file_write,compound_trigger,compound_trigger,random_relational_fuzzing,True,False,10,
file_write__compound_trigger__r012,file_write,compound_trigger,compound_trigger,cep,True,False,10,
file_write__compound_trigger__r013,file_write,compound_trigger,compound_trigger,document_trust,True,False,0,
file_write__compound_trigger__r013,file_write,compound_trigger,compound_trigger,nominal_repeat,True,False,10,
file_write__compound_trigger__r013,file_write,compound_trigger,compound_trigger,random_relational_fuzzing,True,False,10,
file_write__compound_trigger__r013,file_write,compound_trigger,compound_trigger,cep,True,False,10,
file_write__compound_trigger__r014,file_write,compound_trigger,compound_trigger,document_trust,True,False,0,
file_write__compound_trigger__r014,file_write,compound_trigger,compound_trigger,nominal_repeat,True,False,10,
file_write__compound_trigger__r014,file_write,compound_trigger,compound_trigger,random_relational_fuzzing,True,False,10,
file_write__compound_trigger__r014,file_write,compound_trigger,compound_trigger,cep,True,False,10,
file_write__compound_trigger__r015,file_write,compound_trigger,compound_trigger,document_trust,True,False,0,
file_write__compound_trigger__r015,file_write,compound_trigger,compound_trigger,nominal_repeat,True,False,10,
file_write__compound_trigger__r015,file_write,compound_trigger,compound_trigger,random_relational_fuzzing,True,False,10,
file_write__compound_trigger__r015,file_write,compound_trigger,compound_trigger,cep,True,False,10,
file_write__compound_trigger__r016,file_write,compound_trigger,compound_trigger,document_trust,True,False,0,
file_write__compound_trigger__r016,file_write,compound_trigger,compound_trigger,nominal_repeat,True,False,10,
file_write__compound_trigger__r016,file_write,compound_trigger,compound_trigger,random_relational_fuzzing,True,True,10,random_2:effect_count=2
file_write__compound_trigger__r016,file_write,compound_trigger,compound_trigger,cep,True,False,10,
file_write__compound_trigger__r017,file_write,compound_trigger,compound_trigger,document_trust,True,False,0,
file_write__compound_trigger__r017,file_write,compound_trigger,compound_trigger,nominal_repeat,True,False,10,
file_write__compound_trigger__r017,file_write,compound_trigger,compound_trigger,random_relational_fuzzing,True,True,10,random_0:effect_count=2
file_write__compound_trigger__r017,file_write,compound_trigger,compound_trigger,cep,True,False,10,
file_write__compound_trigger__r018,file_write,compound_trigger,compound_trigger,document_trust,True,False,0,
file_write__compound_trigger__r018,file_write,compound_trigger,compound_trigger,nominal_repeat,True,False,10,
file_write__compound_trigger__r018,file_write,compound_trigger,compound_trigger,random_relational_fuzzing,True,False,10,
file_write__compound_trigger__r018,file_write,compound_trigger,compound_trigger,cep,True,False,10,
file_write__compound_trigger__r019,file_write,compound_trigger,compound_trigger,document_trust,True,False,0,
file_write__compound_trigger__r019,file_write,compound_trigger,compound_trigger,nominal_repeat,True,False,10,
file_write__compound_trigger__r019,file_write,compound_trigger,compound_trigger,random_relational_fuzzing,True,False,10,
file_write__compound_trigger__r019,file_write,compound_trigger,compound_trigger,cep,True,False,10,
file_write__sequence_trigger__r000,file_write,sequence_trigger,sequence_trigger,document_trust,True,False,0,
file_write__sequence_trigger__r000,file_write,sequence_trigger,sequence_trigger,nominal_repeat,True,False,10,
file_write__sequence_trigger__r000,file_write,sequence_trigger,sequence_trigger,random_relational_fuzzing,True,False,10,
file_write__sequence_trigger__r000,file_write,sequence_trigger,sequence_trigger,cep,True,False,10,
file_write__sequence_trigger__r001,file_write,sequence_trigger,sequence_trigger,document_trust,True,False,0,
file_write__sequence_trigger__r001,file_write,sequence_trigger,sequence_trigger,nominal_repeat,True,False,10,
file_write__sequence_trigger__r001,file_write,sequence_trigger,sequence_trigger,random_relational_fuzzing,True,False,10,
file_write__sequence_trigger__r001,file_write,sequence_trigger,sequence_trigger,cep,True,False,10,
file_write__sequence_trigger__r002,file_write,sequence_trigger,sequence_trigger,document_trust,True,False,0,
file_write__sequence_trigger__r002,file_write,sequence_trigger,sequence_trigger,nominal_repeat,True,False,10,
file_write__sequence_trigger__r002,file_write,sequence_trigger,sequence_trigger,random_relational_fuzzing,True,False,10,
file_write__sequence_trigger__r002,file_write,sequence_trigger,sequence_trigger,cep,True,False,10,
file_write__sequence_trigger__r003,file_write,sequence_trigger,sequence_trigger,document_trust,True,False,0,
file_write__sequence_trigger__r003,file_write,sequence_trigger,sequence_trigger,nominal_repeat,True,False,10,
file_write__sequence_trigger__r003,file_write,sequence_trigger,sequence_trigger,random_relational_fuzzing,True,False,10,
file_write__sequence_trigger__r003,file_write,sequence_trigger,sequence_trigger,cep,True,False,10,
file_write__sequence_trigger__r004,file_write,sequence_trigger,sequence_trigger,document_trust,True,False,0,
file_write__sequence_trigger__r004,file_write,sequence_trigger,sequence_trigger,nominal_repeat,True,False,10,
file_write__sequence_trigger__r004,file_write,sequence_trigger,sequence_trigger,random_relational_fuzzing,True,False,10,
file_write__sequence_trigger__r004,file_write,sequence_trigger,sequence_trigger,cep,True,False,10,
file_write__sequence_trigger__r005,file_write,sequence_trigger,sequence_trigger,document_trust,True,False,0,
file_write__sequence_trigger__r005,file_write,sequence_trigger,sequence_trigger,nominal_repeat,True,False,10,
file_write__sequence_trigger__r005,file_write,sequence_trigger,sequence_trigger,random_relational_fuzzing,True,False,10,
file_write__sequence_trigger__r005,file_write,sequence_trigger,sequence_trigger,cep,True,False,10,
file_write__sequence_trigger__r006,file_write,sequence_trigger,sequence_trigger,document_trust,True,False,0,
file_write__sequence_trigger__r006,file_write,sequence_trigger,sequence_trigger,nominal_repeat,True,False,10,
file_write__sequence_trigger__r006,file_write,sequence_trigger,sequence_trigger,random_relational_fuzzing,True,False,10,
file_write__sequence_trigger__r006,file_write,sequence_trigger,sequence_trigger,cep,True,False,10,
file_write__sequence_trigger__r007,file_write,sequence_trigger,sequence_trigger,document_trust,True,False,0,
file_write__sequence_trigger__r007,file_write,sequence_trigger,sequence_trigger,nominal_repeat,True,False,10,
file_write__sequence_trigger__r007,file_write,sequence_trigger,sequence_trigger,random_relational_fuzzing,True,False,10,
file_write__sequence_trigger__r007,file_write,sequence_trigger,sequence_trigger,cep,True,False,10,
file_write__sequence_trigger__r008,file_write,sequence_trigger,sequence_trigger,document_trust,True,False,0,
file_write__sequence_trigger__r008,file_write,sequence_trigger,sequence_trigger,nominal_repeat,True,False,10,
file_write__sequence_trigger__r008,file_write,sequence_trigger,sequence_trigger,random_relational_fuzzing,True,False,10,
file_write__sequence_trigger__r008,file_write,sequence_trigger,sequence_trigger,cep,True,False,10,
file_write__sequence_trigger__r009,file_write,sequence_trigger,sequence_trigger,document_trust,True,False,0,
file_write__sequence_trigger__r009,file_write,sequence_trigger,sequence_trigger,nominal_repeat,True,False,10,
file_write__sequence_trigger__r009,file_write,sequence_trigger,sequence_trigger,random_relational_fuzzing,True,False,10,
file_write__sequence_trigger__r009,file_write,sequence_trigger,sequence_trigger,cep,True,False,10,
file_write__sequence_trigger__r010,file_write,sequence_trigger,sequence_trigger,document_trust,True,False,0,
file_write__sequence_trigger__r010,file_write,sequence_trigger,sequence_trigger,nominal_repeat,True,False,10,
file_write__sequence_trigger__r010,file_write,sequence_trigger,sequence_trigger,random_relational_fuzzing,True,False,10,
file_write__sequence_trigger__r010,file_write,sequence_trigger,sequence_trigger,cep,True,False,10,
file_write__sequence_trigger__r011,file_write,sequence_trigger,sequence_trigger,document_trust,True,False,0,
file_write__sequence_trigger__r011,file_write,sequence_trigger,sequence_trigger,nominal_repeat,True,False,10,
file_write__sequence_trigger__r011,file_write,sequence_trigger,sequence_trigger,random_relational_fuzzing,True,False,10,
file_write__sequence_trigger__r011,file_write,sequence_trigger,sequence_trigger,cep,True,False,10,
file_write__sequence_trigger__r012,file_write,sequence_trigger,sequence_trigger,document_trust,True,False,0,
file_write__sequence_trigger__r012,file_write,sequence_trigger,sequence_trigger,nominal_repeat,True,False,10,
file_write__sequence_trigger__r012,file_write,sequence_trigger,sequence_trigger,random_relational_fuzzing,True,False,10,
file_write__sequence_trigger__r012,file_write,sequence_trigger,sequence_trigger,cep,True,False,10,
file_write__sequence_trigger__r013,file_write,sequence_trigger,sequence_trigger,document_trust,True,False,0,
file_write__sequence_trigger__r013,file_write,sequence_trigger,sequence_trigger,nominal_repeat,True,False,10,
file_write__sequence_trigger__r013,file_write,sequence_trigger,sequence_trigger,random_relational_fuzzing,True,False,10,
file_write__sequence_trigger__r013,file_write,sequence_trigger,sequence_trigger,cep,True,False,10,
file_write__sequence_trigger__r014,file_write,sequence_trigger,sequence_trigger,document_trust,True,False,0,
file_write__sequence_trigger__r014,file_write,sequence_trigger,sequence_trigger,nominal_repeat,True,False,10,
file_write__sequence_trigger__r014,file_write,sequence_trigger,sequence_trigger,random_relational_fuzzing,True,False,10,
file_write__sequence_trigger__r014,file_write,sequence_trigger,sequence_trigger,cep,True,False,10,
file_write__sequence_trigger__r015,file_write,sequence_trigger,sequence_trigger,document_trust,True,False,0,
file_write__sequence_trigger__r015,file_write,sequence_trigger,sequence_trigger,nominal_repeat,True,False,10,
file_write__sequence_trigger__r015,file_write,sequence_trigger,sequence_trigger,random_relational_fuzzing,True,False,10,
file_write__sequence_trigger__r015,file_write,sequence_trigger,sequence_trigger,cep,True,False,10,
file_write__sequence_trigger__r016,file_write,sequence_trigger,sequence_trigger,document_trust,True,False,0,
file_write__sequence_trigger__r016,file_write,sequence_trigger,sequence_trigger,nominal_repeat,True,False,10,
file_write__sequence_trigger__r016,file_write,sequence_trigger,sequence_trigger,random_relational_fuzzing,True,False,10,
file_write__sequence_trigger__r016,file_write,sequence_trigger,sequence_trigger,cep,True,False,10,
file_write__sequence_trigger__r017,file_write,sequence_trigger,sequence_trigger,document_trust,True,False,0,
file_write__sequence_trigger__r017,file_write,sequence_trigger,sequence_trigger,nominal_repeat,True,False,10,
file_write__sequence_trigger__r017,file_write,sequence_trigger,sequence_trigger,random_relational_fuzzing,True,False,10,
file_write__sequence_trigger__r017,file_write,sequence_trigger,sequence_trigger,cep,True,False,10,
file_write__sequence_trigger__r018,file_write,sequence_trigger,sequence_trigger,document_trust,True,False,0,
file_write__sequence_trigger__r018,file_write,sequence_trigger,sequence_trigger,nominal_repeat,True,False,10,
file_write__sequence_trigger__r018,file_write,sequence_trigger,sequence_trigger,random_relational_fuzzing,True,False,10,
file_write__sequence_trigger__r018,file_write,sequence_trigger,sequence_trigger,cep,True,False,10,
file_write__sequence_trigger__r019,file_write,sequence_trigger,sequence_trigger,document_trust,True,False,0,
file_write__sequence_trigger__r019,file_write,sequence_trigger,sequence_trigger,nominal_repeat,True,False,10,
file_write__sequence_trigger__r019,file_write,sequence_trigger,sequence_trigger,random_relational_fuzzing,True,False,10,
file_write__sequence_trigger__r019,file_write,sequence_trigger,sequence_trigger,cep,True,False,10,
file_write__unobservable_effect__r000,file_write,unobservable_effect,unobservable_effect,document_trust,True,False,0,
file_write__unobservable_effect__r000,file_write,unobservable_effect,unobservable_effect,nominal_repeat,True,False,10,
file_write__unobservable_effect__r000,file_write,unobservable_effect,unobservable_effect,random_relational_fuzzing,True,False,10,
file_write__unobservable_effect__r000,file_write,unobservable_effect,unobservable_effect,cep,True,False,10,
file_write__unobservable_effect__r001,file_write,unobservable_effect,unobservable_effect,document_trust,True,False,0,
file_write__unobservable_effect__r001,file_write,unobservable_effect,unobservable_effect,nominal_repeat,True,False,10,
file_write__unobservable_effect__r001,file_write,unobservable_effect,unobservable_effect,random_relational_fuzzing,True,False,10,
file_write__unobservable_effect__r001,file_write,unobservable_effect,unobservable_effect,cep,True,False,10,
file_write__unobservable_effect__r002,file_write,unobservable_effect,unobservable_effect,document_trust,True,False,0,
file_write__unobservable_effect__r002,file_write,unobservable_effect,unobservable_effect,nominal_repeat,True,False,10,
file_write__unobservable_effect__r002,file_write,unobservable_effect,unobservable_effect,random_relational_fuzzing,True,False,10,
file_write__unobservable_effect__r002,file_write,unobservable_effect,unobservable_effect,cep,True,False,10,
file_write__unobservable_effect__r003,file_write,unobservable_effect,unobservable_effect,document_trust,True,False,0,
file_write__unobservable_effect__r003,file_write,unobservable_effect,unobservable_effect,nominal_repeat,True,False,10,
file_write__unobservable_effect__r003,file_write,unobservable_effect,unobservable_effect,random_relational_fuzzing,True,False,10,
file_write__unobservable_effect__r003,file_write,unobservable_effect,unobservable_effect,cep,True,False,10,
file_write__unobservable_effect__r004,file_write,unobservable_effect,unobservable_effect,document_trust,True,False,0,
file_write__unobservable_effect__r004,file_write,unobservable_effect,unobservable_effect,nominal_repeat,True,False,10,
file_write__unobservable_effect__r004,file_write,unobservable_effect,unobservable_effect,random_relational_fuzzing,True,False,10,
file_write__unobservable_effect__r004,file_write,unobservable_effect,unobservable_effect,cep,True,False,10,
file_write__unobservable_effect__r005,file_write,unobservable_effect,unobservable_effect,document_trust,True,False,0,
file_write__unobservable_effect__r005,file_write,unobservable_effect,unobservable_effect,nominal_repeat,True,False,10,
file_write__unobservable_effect__r005,file_write,unobservable_effect,unobservable_effect,random_relational_fuzzing,True,False,10,
file_write__unobservable_effect__r005,file_write,unobservable_effect,unobservable_effect,cep,True,False,10,
file_write__unobservable_effect__r006,file_write,unobservable_effect,unobservable_effect,document_trust,True,False,0,
file_write__unobservable_effect__r006,file_write,unobservable_effect,unobservable_effect,nominal_repeat,True,False,10,
file_write__unobservable_effect__r006,file_write,unobservable_effect,unobservable_effect,random_relational_fuzzing,True,False,10,
file_write__unobservable_effect__r006,file_write,unobservable_effect,unobservable_effect,cep,True,False,10,
file_write__unobservable_effect__r007,file_write,unobservable_effect,unobservable_effect,document_trust,True,False,0,
file_write__unobservable_effect__r007,file_write,unobservable_effect,unobservable_effect,nominal_repeat,True,False,10,
file_write__unobservable_effect__r007,file_write,unobservable_effect,unobservable_effect,random_relational_fuzzing,True,False,10,
file_write__unobservable_effect__r007,file_write,unobservable_effect,unobservable_effect,cep,True,False,10,
file_write__unobservable_effect__r008,file_write,unobservable_effect,unobservable_effect,document_trust,True,False,0,
file_write__unobservable_effect__r008,file_write,unobservable_effect,unobservable_effect,nominal_repeat,True,False,10,
file_write__unobservable_effect__r008,file_write,unobservable_effect,unobservable_effect,random_relational_fuzzing,True,False,10,
file_write__unobservable_effect__r008,file_write,unobservable_effect,unobservable_effect,cep,True,False,10,
file_write__unobservable_effect__r009,file_write,unobservable_effect,unobservable_effect,document_trust,True,False,0,
file_write__unobservable_effect__r009,file_write,unobservable_effect,unobservable_effect,nominal_repeat,True,False,10,
file_write__unobservable_effect__r009,file_write,unobservable_effect,unobservable_effect,random_relational_fuzzing,True,False,10,
file_write__unobservable_effect__r009,file_write,unobservable_effect,unobservable_effect,cep,True,False,10,
file_write__unobservable_effect__r010,file_write,unobservable_effect,unobservable_effect,document_trust,True,False,0,
file_write__unobservable_effect__r010,file_write,unobservable_effect,unobservable_effect,nominal_repeat,True,False,10,
file_write__unobservable_effect__r010,file_write,unobservable_effect,unobservable_effect,random_relational_fuzzing,True,False,10,
file_write__unobservable_effect__r010,file_write,unobservable_effect,unobservable_effect,cep,True,False,10,
file_write__unobservable_effect__r011,file_write,unobservable_effect,unobservable_effect,document_trust,True,False,0,
file_write__unobservable_effect__r011,file_write,unobservable_effect,unobservable_effect,nominal_repeat,True,False,10,
file_write__unobservable_effect__r011,file_write,unobservable_effect,unobservable_effect,random_relational_fuzzing,True,False,10,
file_write__unobservable_effect__r011,file_write,unobservable_effect,unobservable_effect,cep,True,False,10,
file_write__unobservable_effect__r012,file_write,unobservable_effect,unobservable_effect,document_trust,True,False,0,
file_write__unobservable_effect__r012,file_write,unobservable_effect,unobservable_effect,nominal_repeat,True,False,10,
file_write__unobservable_effect__r012,file_write,unobservable_effect,unobservable_effect,random_relational_fuzzing,True,False,10,
file_write__unobservable_effect__r012,file_write,unobservable_effect,unobservable_effect,cep,True,False,10,
file_write__unobservable_effect__r013,file_write,unobservable_effect,unobservable_effect,document_trust,True,False,0,
file_write__unobservable_effect__r013,file_write,unobservable_effect,unobservable_effect,nominal_repeat,True,False,10,
file_write__unobservable_effect__r013,file_write,unobservable_effect,unobservable_effect,random_relational_fuzzing,True,False,10,
file_write__unobservable_effect__r013,file_write,unobservable_effect,unobservable_effect,cep,True,False,10,
file_write__unobservable_effect__r014,file_write,unobservable_effect,unobservable_effect,document_trust,True,False,0,
file_write__unobservable_effect__r014,file_write,unobservable_effect,unobservable_effect,nominal_repeat,True,False,10,
file_write__unobservable_effect__r014,file_write,unobservable_effect,unobservable_effect,random_relational_fuzzing,True,False,10,
file_write__unobservable_effect__r014,file_write,unobservable_effect,unobservable_effect,cep,True,False,10,
file_write__unobservable_effect__r015,file_write,unobservable_effect,unobservable_effect,document_trust,True,False,0,
file_write__unobservable_effect__r015,file_write,unobservable_effect,unobservable_effect,nominal_repeat,True,False,10,
file_write__unobservable_effect__r015,file_write,unobservable_effect,unobservable_effect,random_relational_fuzzing,True,False,10,
file_write__unobservable_effect__r015,file_write,unobservable_effect,unobservable_effect,cep,True,False,10,
file_write__unobservable_effect__r016,file_write,unobservable_effect,unobservable_effect,document_trust,True,False,0,
file_write__unobservable_effect__r016,file_write,unobservable_effect,unobservable_effect,nominal_repeat,True,False,10,
file_write__unobservable_effect__r016,file_write,unobservable_effect,unobservable_effect,random_relational_fuzzing,True,False,10,
file_write__unobservable_effect__r016,file_write,unobservable_effect,unobservable_effect,cep,True,False,10,
file_write__unobservable_effect__r017,file_write,unobservable_effect,unobservable_effect,document_trust,True,False,0,
file_write__unobservable_effect__r017,file_write,unobservable_effect,unobservable_effect,nominal_repeat,True,False,10,
file_write__unobservable_effect__r017,file_write,unobservable_effect,unobservable_effect,random_relational_fuzzing,True,False,10,
file_write__unobservable_effect__r017,file_write,unobservable_effect,unobservable_effect,cep,True,False,10,
file_write__unobservable_effect__r018,file_write,unobservable_effect,unobservable_effect,document_trust,True,False,0,
file_write__unobservable_effect__r018,file_write,unobservable_effect,unobservable_effect,nominal_repeat,True,False,10,
file_write__unobservable_effect__r018,file_write,unobservable_effect,unobservable_effect,random_relational_fuzzing,True,False,10,
file_write__unobservable_effect__r018,file_write,unobservable_effect,unobservable_effect,cep,True,False,10,
file_write__unobservable_effect__r019,file_write,unobservable_effect,unobservable_effect,document_trust,True,False,0,
file_write__unobservable_effect__r019,file_write,unobservable_effect,unobservable_effect,nominal_repeat,True,False,10,
file_write__unobservable_effect__r019,file_write,unobservable_effect,unobservable_effect,random_relational_fuzzing,True,False,10,
file_write__unobservable_effect__r019,file_write,unobservable_effect,unobservable_effect,cep,True,False,10,
send_message__clean__r000,send_message,clean,clean,document_trust,False,False,0,
send_message__clean__r000,send_message,clean,clean,nominal_repeat,False,False,10,
send_message__clean__r000,send_message,clean,clean,random_relational_fuzzing,False,False,10,
send_message__clean__r000,send_message,clean,clean,cep,False,False,10,
send_message__clean__r001,send_message,clean,clean,document_trust,False,False,0,
send_message__clean__r001,send_message,clean,clean,nominal_repeat,False,False,10,
send_message__clean__r001,send_message,clean,clean,random_relational_fuzzing,False,False,10,
send_message__clean__r001,send_message,clean,clean,cep,False,False,10,
send_message__clean__r002,send_message,clean,clean,document_trust,False,False,0,
send_message__clean__r002,send_message,clean,clean,nominal_repeat,False,False,10,
send_message__clean__r002,send_message,clean,clean,random_relational_fuzzing,False,False,10,
send_message__clean__r002,send_message,clean,clean,cep,False,False,10,
send_message__clean__r003,send_message,clean,clean,document_trust,False,False,0,
send_message__clean__r003,send_message,clean,clean,nominal_repeat,False,False,10,
send_message__clean__r003,send_message,clean,clean,random_relational_fuzzing,False,False,10,
send_message__clean__r003,send_message,clean,clean,cep,False,False,10,
send_message__clean__r004,send_message,clean,clean,document_trust,False,False,0,
send_message__clean__r004,send_message,clean,clean,nominal_repeat,False,False,10,
send_message__clean__r004,send_message,clean,clean,random_relational_fuzzing,False,False,10,
send_message__clean__r004,send_message,clean,clean,cep,False,False,10,
send_message__clean__r005,send_message,clean,clean,document_trust,False,False,0,
send_message__clean__r005,send_message,clean,clean,nominal_repeat,False,False,10,
send_message__clean__r005,send_message,clean,clean,random_relational_fuzzing,False,False,10,
send_message__clean__r005,send_message,clean,clean,cep,False,False,10,
send_message__clean__r006,send_message,clean,clean,document_trust,False,False,0,
send_message__clean__r006,send_message,clean,clean,nominal_repeat,False,False,10,
send_message__clean__r006,send_message,clean,clean,random_relational_fuzzing,False,False,10,
send_message__clean__r006,send_message,clean,clean,cep,False,False,10,
send_message__clean__r007,send_message,clean,clean,document_trust,False,False,0,
send_message__clean__r007,send_message,clean,clean,nominal_repeat,False,False,10,
send_message__clean__r007,send_message,clean,clean,random_relational_fuzzing,False,False,10,
send_message__clean__r007,send_message,clean,clean,cep,False,False,10,
send_message__clean__r008,send_message,clean,clean,document_trust,False,False,0,
send_message__clean__r008,send_message,clean,clean,nominal_repeat,False,False,10,
send_message__clean__r008,send_message,clean,clean,random_relational_fuzzing,False,False,10,
send_message__clean__r008,send_message,clean,clean,cep,False,False,10,
send_message__clean__r009,send_message,clean,clean,document_trust,False,False,0,
send_message__clean__r009,send_message,clean,clean,nominal_repeat,False,False,10,
send_message__clean__r009,send_message,clean,clean,random_relational_fuzzing,False,False,10,
send_message__clean__r009,send_message,clean,clean,cep,False,False,10,
send_message__clean__r010,send_message,clean,clean,document_trust,False,False,0,
send_message__clean__r010,send_message,clean,clean,nominal_repeat,False,False,10,
send_message__clean__r010,send_message,clean,clean,random_relational_fuzzing,False,False,10,
send_message__clean__r010,send_message,clean,clean,cep,False,False,10,
send_message__clean__r011,send_message,clean,clean,document_trust,False,False,0,
send_message__clean__r011,send_message,clean,clean,nominal_repeat,False,False,10,
send_message__clean__r011,send_message,clean,clean,random_relational_fuzzing,False,False,10,
send_message__clean__r011,send_message,clean,clean,cep,False,False,10,
send_message__clean__r012,send_message,clean,clean,document_trust,False,False,0,
send_message__clean__r012,send_message,clean,clean,nominal_repeat,False,False,10,
send_message__clean__r012,send_message,clean,clean,random_relational_fuzzing,False,False,10,
send_message__clean__r012,send_message,clean,clean,cep,False,False,10,
send_message__clean__r013,send_message,clean,clean,document_trust,False,False,0,
send_message__clean__r013,send_message,clean,clean,nominal_repeat,False,False,10,
send_message__clean__r013,send_message,clean,clean,random_relational_fuzzing,False,False,10,
send_message__clean__r013,send_message,clean,clean,cep,False,False,10,
send_message__clean__r014,send_message,clean,clean,document_trust,False,False,0,
send_message__clean__r014,send_message,clean,clean,nominal_repeat,False,False,10,
send_message__clean__r014,send_message,clean,clean,random_relational_fuzzing,False,False,10,
send_message__clean__r014,send_message,clean,clean,cep,False,False,10,
send_message__clean__r015,send_message,clean,clean,document_trust,False,False,0,
send_message__clean__r015,send_message,clean,clean,nominal_repeat,False,False,10,
send_message__clean__r015,send_message,clean,clean,random_relational_fuzzing,False,False,10,
send_message__clean__r015,send_message,clean,clean,cep,False,False,10,
send_message__clean__r016,send_message,clean,clean,document_trust,False,False,0,
send_message__clean__r016,send_message,clean,clean,nominal_repeat,False,False,10,
send_message__clean__r016,send_message,clean,clean,random_relational_fuzzing,False,False,10,
send_message__clean__r016,send_message,clean,clean,cep,False,False,10,
send_message__clean__r017,send_message,clean,clean,document_trust,False,False,0,
send_message__clean__r017,send_message,clean,clean,nominal_repeat,False,False,10,
send_message__clean__r017,send_message,clean,clean,random_relational_fuzzing,False,False,10,
send_message__clean__r017,send_message,clean,clean,cep,False,False,10,
send_message__clean__r018,send_message,clean,clean,document_trust,False,False,0,
send_message__clean__r018,send_message,clean,clean,nominal_repeat,False,False,10,
send_message__clean__r018,send_message,clean,clean,random_relational_fuzzing,False,False,10,
send_message__clean__r018,send_message,clean,clean,cep,False,False,10,
send_message__clean__r019,send_message,clean,clean,document_trust,False,False,0,
send_message__clean__r019,send_message,clean,clean,nominal_repeat,False,False,10,
send_message__clean__r019,send_message,clean,clean,random_relational_fuzzing,False,False,10,
send_message__clean__r019,send_message,clean,clean,cep,False,False,10,
send_message__fixed_target__r000,send_message,fixed_target,single_factor_observable,document_trust,True,False,0,
send_message__fixed_target__r000,send_message,fixed_target,single_factor_observable,nominal_repeat,True,False,10,
send_message__fixed_target__r000,send_message,fixed_target,single_factor_observable,random_relational_fuzzing,True,False,10,
send_message__fixed_target__r000,send_message,fixed_target,single_factor_observable,cep,True,True,10,"target_nonresponsiveness:target_edge_1,target_edge_2"
send_message__fixed_target__r001,send_message,fixed_target,single_factor_observable,document_trust,True,False,0,
send_message__fixed_target__r001,send_message,fixed_target,single_factor_observable,nominal_repeat,True,False,10,
send_message__fixed_target__r001,send_message,fixed_target,single_factor_observable,random_relational_fuzzing,True,True,10,"target_nonresponsiveness:random_0,random_5|target_nonresponsiveness:random_1,random_5"
send_message__fixed_target__r001,send_message,fixed_target,single_factor_observable,cep,True,True,10,"target_nonresponsiveness:target_edge_1,target_edge_2"
send_message__fixed_target__r002,send_message,fixed_target,single_factor_observable,document_trust,True,False,0,
send_message__fixed_target__r002,send_message,fixed_target,single_factor_observable,nominal_repeat,True,False,10,
send_message__fixed_target__r002,send_message,fixed_target,single_factor_observable,random_relational_fuzzing,True,False,10,
send_message__fixed_target__r002,send_message,fixed_target,single_factor_observable,cep,True,True,10,"target_nonresponsiveness:target_edge_1,target_edge_2"
send_message__fixed_target__r003,send_message,fixed_target,single_factor_observable,document_trust,True,False,0,
send_message__fixed_target__r003,send_message,fixed_target,single_factor_observable,nominal_repeat,True,False,10,
send_message__fixed_target__r003,send_message,fixed_target,single_factor_observable,random_relational_fuzzing,True,False,10,
send_message__fixed_target__r003,send_message,fixed_target,single_factor_observable,cep,True,True,10,"target_nonresponsiveness:target_edge_1,target_edge_2"
send_message__fixed_target__r004,send_message,fixed_target,single_factor_observable,document_trust,True,False,0,
send_message__fixed_target__r004,send_message,fixed_target,single_factor_observable,nominal_repeat,True,False,10,
send_message__fixed_target__r004,send_message,fixed_target,single_factor_observable,random_relational_fuzzing,True,False,10,
send_message__fixed_target__r004,send_message,fixed_target,single_factor_observable,cep,True,True,10,"target_nonresponsiveness:target_edge_1,target_edge_2"
send_message__fixed_target__r005,send_message,fixed_target,single_factor_observable,document_trust,True,False,0,
send_message__fixed_target__r005,send_message,fixed_target,single_factor_observable,nominal_repeat,True,False,10,
send_message__fixed_target__r005,send_message,fixed_target,single_factor_observable,random_relational_fuzzing,True,False,10,
send_message__fixed_target__r005,send_message,fixed_target,single_factor_observable,cep,True,True,10,"target_nonresponsiveness:target_edge_1,target_edge_2"
send_message__fixed_target__r006,send_message,fixed_target,single_factor_observable,document_trust,True,False,0,
send_message__fixed_target__r006,send_message,fixed_target,single_factor_observable,nominal_repeat,True,False,10,
send_message__fixed_target__r006,send_message,fixed_target,single_factor_observable,random_relational_fuzzing,True,False,10,
send_message__fixed_target__r006,send_message,fixed_target,single_factor_observable,cep,True,True,10,"target_nonresponsiveness:target_edge_1,target_edge_2"
send_message__fixed_target__r007,send_message,fixed_target,single_factor_observable,document_trust,True,False,0,
send_message__fixed_target__r007,send_message,fixed_target,single_factor_observable,nominal_repeat,True,False,10,
send_message__fixed_target__r007,send_message,fixed_target,single_factor_observable,random_relational_fuzzing,True,False,10,
send_message__fixed_target__r007,send_message,fixed_target,single_factor_observable,cep,True,True,10,"target_nonresponsiveness:target_edge_1,target_edge_2"
send_message__fixed_target__r008,send_message,fixed_target,single_factor_observable,document_trust,True,False,0,
send_message__fixed_target__r008,send_message,fixed_target,single_factor_observable,nominal_repeat,True,False,10,
send_message__fixed_target__r008,send_message,fixed_target,single_factor_observable,random_relational_fuzzing,True,False,10,
send_message__fixed_target__r008,send_message,fixed_target,single_factor_observable,cep,True,True,10,"target_nonresponsiveness:target_edge_1,target_edge_2"
send_message__fixed_target__r009,send_message,fixed_target,single_factor_observable,document_trust,True,False,0,
send_message__fixed_target__r009,send_message,fixed_target,single_factor_observable,nominal_repeat,True,False,10,
send_message__fixed_target__r009,send_message,fixed_target,single_factor_observable,random_relational_fuzzing,True,False,10,
send_message__fixed_target__r009,send_message,fixed_target,single_factor_observable,cep,True,True,10,"target_nonresponsiveness:target_edge_1,target_edge_2"
send_message__fixed_target__r010,send_message,fixed_target,single_factor_observable,document_trust,True,False,0,
send_message__fixed_target__r010,send_message,fixed_target,single_factor_observable,nominal_repeat,True,False,10,
send_message__fixed_target__r010,send_message,fixed_target,single_factor_observable,random_relational_fuzzing,True,False,10,
send_message__fixed_target__r010,send_message,fixed_target,single_factor_observable,cep,True,True,10,"target_nonresponsiveness:target_edge_1,target_edge_2"
send_message__fixed_target__r011,send_message,fixed_target,single_factor_observable,document_trust,True,False,0,
send_message__fixed_target__r011,send_message,fixed_target,single_factor_observable,nominal_repeat,True,False,10,
send_message__fixed_target__r011,send_message,fixed_target,single_factor_observable,random_relational_fuzzing,True,True,10,"target_nonresponsiveness:random_2,random_4"
send_message__fixed_target__r011,send_message,fixed_target,single_factor_observable,cep,True,True,10,"target_nonresponsiveness:target_edge_1,target_edge_2"
send_message__fixed_target__r012,send_message,fixed_target,single_factor_observable,document_trust,True,False,0,
send_message__fixed_target__r012,send_message,fixed_target,single_factor_observable,nominal_repeat,True,False,10,
send_message__fixed_target__r012,send_message,fixed_target,single_factor_observable,random_relational_fuzzing,True,False,10,
send_message__fixed_target__r012,send_message,fixed_target,single_factor_observable,cep,True,True,10,"target_nonresponsiveness:target_edge_1,target_edge_2"
send_message__fixed_target__r013,send_message,fixed_target,single_factor_observable,document_trust,True,False,0,
send_message__fixed_target__r013,send_message,fixed_target,single_factor_observable,nominal_repeat,True,False,10,
send_message__fixed_target__r013,send_message,fixed_target,single_factor_observable,random_relational_fuzzing,True,False,10,
send_message__fixed_target__r013,send_message,fixed_target,single_factor_observable,cep,True,True,10,"target_nonresponsiveness:target_edge_1,target_edge_2"
send_message__fixed_target__r014,send_message,fixed_target,single_factor_observable,document_trust,True,False,0,
send_message__fixed_target__r014,send_message,fixed_target,single_factor_observable,nominal_repeat,True,False,10,
send_message__fixed_target__r014,send_message,fixed_target,single_factor_observable,random_relational_fuzzing,True,False,10,
send_message__fixed_target__r014,send_message,fixed_target,single_factor_observable,cep,True,True,10,"target_nonresponsiveness:target_edge_1,target_edge_2"
send_message__fixed_target__r015,send_message,fixed_target,single_factor_observable,document_trust,True,False,0,
send_message__fixed_target__r015,send_message,fixed_target,single_factor_observable,nominal_repeat,True,False,10,
send_message__fixed_target__r015,send_message,fixed_target,single_factor_observable,random_relational_fuzzing,True,False,10,
send_message__fixed_target__r015,send_message,fixed_target,single_factor_observable,cep,True,True,10,"target_nonresponsiveness:target_edge_1,target_edge_2"
send_message__fixed_target__r016,send_message,fixed_target,single_factor_observable,document_trust,True,False,0,
send_message__fixed_target__r016,send_message,fixed_target,single_factor_observable,nominal_repeat,True,False,10,
send_message__fixed_target__r016,send_message,fixed_target,single_factor_observable,random_relational_fuzzing,True,False,10,
send_message__fixed_target__r016,send_message,fixed_target,single_factor_observable,cep,True,True,10,"target_nonresponsiveness:target_edge_1,target_edge_2"
send_message__fixed_target__r017,send_message,fixed_target,single_factor_observable,document_trust,True,False,0,
send_message__fixed_target__r017,send_message,fixed_target,single_factor_observable,nominal_repeat,True,False,10,
send_message__fixed_target__r017,send_message,fixed_target,single_factor_observable,random_relational_fuzzing,True,False,10,
send_message__fixed_target__r017,send_message,fixed_target,single_factor_observable,cep,True,True,10,"target_nonresponsiveness:target_edge_1,target_edge_2"
send_message__fixed_target__r018,send_message,fixed_target,single_factor_observable,document_trust,True,False,0,
send_message__fixed_target__r018,send_message,fixed_target,single_factor_observable,nominal_repeat,True,False,10,
send_message__fixed_target__r018,send_message,fixed_target,single_factor_observable,random_relational_fuzzing,True,False,10,
send_message__fixed_target__r018,send_message,fixed_target,single_factor_observable,cep,True,True,10,"target_nonresponsiveness:target_edge_1,target_edge_2"
send_message__fixed_target__r019,send_message,fixed_target,single_factor_observable,document_trust,True,False,0,
send_message__fixed_target__r019,send_message,fixed_target,single_factor_observable,nominal_repeat,True,False,10,
send_message__fixed_target__r019,send_message,fixed_target,single_factor_observable,random_relational_fuzzing,True,False,10,
send_message__fixed_target__r019,send_message,fixed_target,single_factor_observable,cep,True,True,10,"target_nonresponsiveness:target_edge_1,target_edge_2"
send_message__sensitive_exfil__r000,send_message,sensitive_exfil,single_factor_observable,document_trust,True,False,0,
send_message__sensitive_exfil__r000,send_message,sensitive_exfil,single_factor_observable,nominal_repeat,True,False,10,
send_message__sensitive_exfil__r000,send_message,sensitive_exfil,single_factor_observable,random_relational_fuzzing,True,False,10,
send_message__sensitive_exfil__r000,send_message,sensitive_exfil,single_factor_observable,cep,True,True,10,sensitive_1:effect_count=2|sensitive_2:effect_count=2
send_message__sensitive_exfil__r001,send_message,sensitive_exfil,single_factor_observable,document_trust,True,False,0,
send_message__sensitive_exfil__r001,send_message,sensitive_exfil,single_factor_observable,nominal_repeat,True,False,10,
send_message__sensitive_exfil__r001,send_message,sensitive_exfil,single_factor_observable,random_relational_fuzzing,True,True,10,random_0:effect_count=2|random_2:effect_count=2|random_4:effect_count=2
send_message__sensitive_exfil__r001,send_message,sensitive_exfil,single_factor_observable,cep,True,True,10,sensitive_1:effect_count=2|sensitive_2:effect_count=2
send_message__sensitive_exfil__r002,send_message,sensitive_exfil,single_factor_observable,document_trust,True,False,0,
send_message__sensitive_exfil__r002,send_message,sensitive_exfil,single_factor_observable,nominal_repeat,True,False,10,
send_message__sensitive_exfil__r002,send_message,sensitive_exfil,single_factor_observable,random_relational_fuzzing,True,True,10,random_4:effect_count=2
send_message__sensitive_exfil__r002,send_message,sensitive_exfil,single_factor_observable,cep,True,True,10,sensitive_1:effect_count=2|sensitive_2:effect_count=2
send_message__sensitive_exfil__r003,send_message,sensitive_exfil,single_factor_observable,document_trust,True,False,0,
send_message__sensitive_exfil__r003,send_message,sensitive_exfil,single_factor_observable,nominal_repeat,True,False,10,
send_message__sensitive_exfil__r003,send_message,sensitive_exfil,single_factor_observable,random_relational_fuzzing,True,True,10,random_0:effect_count=2
send_message__sensitive_exfil__r003,send_message,sensitive_exfil,single_factor_observable,cep,True,True,10,sensitive_1:effect_count=2|sensitive_2:effect_count=2
send_message__sensitive_exfil__r004,send_message,sensitive_exfil,single_factor_observable,document_trust,True,False,0,
send_message__sensitive_exfil__r004,send_message,sensitive_exfil,single_factor_observable,nominal_repeat,True,False,10,
send_message__sensitive_exfil__r004,send_message,sensitive_exfil,single_factor_observable,random_relational_fuzzing,True,True,10,random_1:effect_count=2|random_3:effect_count=2
send_message__sensitive_exfil__r004,send_message,sensitive_exfil,single_factor_observable,cep,True,True,10,sensitive_1:effect_count=2|sensitive_2:effect_count=2
send_message__sensitive_exfil__r005,send_message,sensitive_exfil,single_factor_observable,document_trust,True,False,0,
send_message__sensitive_exfil__r005,send_message,sensitive_exfil,single_factor_observable,nominal_repeat,True,False,10,
send_message__sensitive_exfil__r005,send_message,sensitive_exfil,single_factor_observable,random_relational_fuzzing,True,True,10,random_1:effect_count=2
send_message__sensitive_exfil__r005,send_message,sensitive_exfil,single_factor_observable,cep,True,True,10,sensitive_1:effect_count=2|sensitive_2:effect_count=2
send_message__sensitive_exfil__r006,send_message,sensitive_exfil,single_factor_observable,document_trust,True,False,0,
send_message__sensitive_exfil__r006,send_message,sensitive_exfil,single_factor_observable,nominal_repeat,True,False,10,
send_message__sensitive_exfil__r006,send_message,sensitive_exfil,single_factor_observable,random_relational_fuzzing,True,True,10,random_1:effect_count=2|random_2:effect_count=2|random_6:effect_count=2|random_7:effect_count=2
send_message__sensitive_exfil__r006,send_message,sensitive_exfil,single_factor_observable,cep,True,True,10,sensitive_1:effect_count=2|sensitive_2:effect_count=2
send_message__sensitive_exfil__r007,send_message,sensitive_exfil,single_factor_observable,document_trust,True,False,0,
send_message__sensitive_exfil__r007,send_message,sensitive_exfil,single_factor_observable,nominal_repeat,True,False,10,
send_message__sensitive_exfil__r007,send_message,sensitive_exfil,single_factor_observable,random_relational_fuzzing,True,True,10,random_2:effect_count=2
send_message__sensitive_exfil__r007,send_message,sensitive_exfil,single_factor_observable,cep,True,True,10,sensitive_1:effect_count=2|sensitive_2:effect_count=2
send_message__sensitive_exfil__r008,send_message,sensitive_exfil,single_factor_observable,document_trust,True,False,0,
send_message__sensitive_exfil__r008,send_message,sensitive_exfil,single_factor_observable,nominal_repeat,True,False,10,
send_message__sensitive_exfil__r008,send_message,sensitive_exfil,single_factor_observable,random_relational_fuzzing,True,False,10,
send_message__sensitive_exfil__r008,send_message,sensitive_exfil,single_factor_observable,cep,True,True,10,sensitive_1:effect_count=2|sensitive_2:effect_count=2
send_message__sensitive_exfil__r009,send_message,sensitive_exfil,single_factor_observable,document_trust,True,False,0,
send_message__sensitive_exfil__r009,send_message,sensitive_exfil,single_factor_observable,nominal_repeat,True,False,10,
send_message__sensitive_exfil__r009,send_message,sensitive_exfil,single_factor_observable,random_relational_fuzzing,True,True,10,random_0:effect_count=2|random_4:effect_count=2|random_7:effect_count=2|random_8:effect_count=2|random_9:effect_count=2
send_message__sensitive_exfil__r009,send_message,sensitive_exfil,single_factor_observable,cep,True,True,10,sensitive_1:effect_count=2|sensitive_2:effect_count=2
send_message__sensitive_exfil__r010,send_message,sensitive_exfil,single_factor_observable,document_trust,True,False,0,
send_message__sensitive_exfil__r010,send_message,sensitive_exfil,single_factor_observable,nominal_repeat,True,False,10,
send_message__sensitive_exfil__r010,send_message,sensitive_exfil,single_factor_observable,random_relational_fuzzing,True,True,10,random_2:effect_count=2|random_6:effect_count=2
send_message__sensitive_exfil__r010,send_message,sensitive_exfil,single_factor_observable,cep,True,True,10,sensitive_1:effect_count=2|sensitive_2:effect_count=2
send_message__sensitive_exfil__r011,send_message,sensitive_exfil,single_factor_observable,document_trust,True,False,0,
send_message__sensitive_exfil__r011,send_message,sensitive_exfil,single_factor_observable,nominal_repeat,True,False,10,
send_message__sensitive_exfil__r011,send_message,sensitive_exfil,single_factor_observable,random_relational_fuzzing,True,True,10,random_6:effect_count=2
send_message__sensitive_exfil__r011,send_message,sensitive_exfil,single_factor_observable,cep,True,True,10,sensitive_1:effect_count=2|sensitive_2:effect_count=2
send_message__sensitive_exfil__r012,send_message,sensitive_exfil,single_factor_observable,document_trust,True,False,0,
send_message__sensitive_exfil__r012,send_message,sensitive_exfil,single_factor_observable,nominal_repeat,True,False,10,
send_message__sensitive_exfil__r012,send_message,sensitive_exfil,single_factor_observable,random_relational_fuzzing,True,True,10,random_2:effect_count=2|random_3:effect_count=2
send_message__sensitive_exfil__r012,send_message,sensitive_exfil,single_factor_observable,cep,True,True,10,sensitive_1:effect_count=2|sensitive_2:effect_count=2
send_message__sensitive_exfil__r013,send_message,sensitive_exfil,single_factor_observable,document_trust,True,False,0,
send_message__sensitive_exfil__r013,send_message,sensitive_exfil,single_factor_observable,nominal_repeat,True,False,10,
send_message__sensitive_exfil__r013,send_message,sensitive_exfil,single_factor_observable,random_relational_fuzzing,True,True,10,random_0:effect_count=2|random_5:effect_count=2|random_8:effect_count=2|random_9:effect_count=2
send_message__sensitive_exfil__r013,send_message,sensitive_exfil,single_factor_observable,cep,True,True,10,sensitive_1:effect_count=2|sensitive_2:effect_count=2
send_message__sensitive_exfil__r014,send_message,sensitive_exfil,single_factor_observable,document_trust,True,False,0,
send_message__sensitive_exfil__r014,send_message,sensitive_exfil,single_factor_observable,nominal_repeat,True,False,10,
send_message__sensitive_exfil__r014,send_message,sensitive_exfil,single_factor_observable,random_relational_fuzzing,True,True,10,random_0:effect_count=2
send_message__sensitive_exfil__r014,send_message,sensitive_exfil,single_factor_observable,cep,True,True,10,sensitive_1:effect_count=2|sensitive_2:effect_count=2
send_message__sensitive_exfil__r015,send_message,sensitive_exfil,single_factor_observable,document_trust,True,False,0,
send_message__sensitive_exfil__r015,send_message,sensitive_exfil,single_factor_observable,nominal_repeat,True,False,10,
send_message__sensitive_exfil__r015,send_message,sensitive_exfil,single_factor_observable,random_relational_fuzzing,True,False,10,
send_message__sensitive_exfil__r015,send_message,sensitive_exfil,single_factor_observable,cep,True,True,10,sensitive_1:effect_count=2|sensitive_2:effect_count=2
send_message__sensitive_exfil__r016,send_message,sensitive_exfil,single_factor_observable,document_trust,True,False,0,
send_message__sensitive_exfil__r016,send_message,sensitive_exfil,single_factor_observable,nominal_repeat,True,False,10,
send_message__sensitive_exfil__r016,send_message,sensitive_exfil,single_factor_observable,random_relational_fuzzing,True,True,10,random_8:effect_count=2
send_message__sensitive_exfil__r016,send_message,sensitive_exfil,single_factor_observable,cep,True,True,10,sensitive_1:effect_count=2|sensitive_2:effect_count=2
send_message__sensitive_exfil__r017,send_message,sensitive_exfil,single_factor_observable,document_trust,True,False,0,
send_message__sensitive_exfil__r017,send_message,sensitive_exfil,single_factor_observable,nominal_repeat,True,False,10,
send_message__sensitive_exfil__r017,send_message,sensitive_exfil,single_factor_observable,random_relational_fuzzing,True,True,10,random_0:effect_count=2|random_4:effect_count=2
send_message__sensitive_exfil__r017,send_message,sensitive_exfil,single_factor_observable,cep,True,True,10,sensitive_1:effect_count=2|sensitive_2:effect_count=2
send_message__sensitive_exfil__r018,send_message,sensitive_exfil,single_factor_observable,document_trust,True,False,0,
send_message__sensitive_exfil__r018,send_message,sensitive_exfil,single_factor_observable,nominal_repeat,True,False,10,
send_message__sensitive_exfil__r018,send_message,sensitive_exfil,single_factor_observable,random_relational_fuzzing,True,True,10,random_0:effect_count=2|random_4:effect_count=2
send_message__sensitive_exfil__r018,send_message,sensitive_exfil,single_factor_observable,cep,True,True,10,sensitive_1:effect_count=2|sensitive_2:effect_count=2
send_message__sensitive_exfil__r019,send_message,sensitive_exfil,single_factor_observable,document_trust,True,False,0,
send_message__sensitive_exfil__r019,send_message,sensitive_exfil,single_factor_observable,nominal_repeat,True,False,10,
send_message__sensitive_exfil__r019,send_message,sensitive_exfil,single_factor_observable,random_relational_fuzzing,True,True,10,random_6:effect_count=2|random_7:effect_count=2
send_message__sensitive_exfil__r019,send_message,sensitive_exfil,single_factor_observable,cep,True,True,10,sensitive_1:effect_count=2|sensitive_2:effect_count=2
send_message__ambient_neighbor__r000,send_message,ambient_neighbor,single_factor_observable,document_trust,True,False,0,
send_message__ambient_neighbor__r000,send_message,ambient_neighbor,single_factor_observable,nominal_repeat,True,False,10,
send_message__ambient_neighbor__r000,send_message,ambient_neighbor,single_factor_observable,random_relational_fuzzing,True,True,10,random_1:effect_count=2|random_9:effect_count=2
send_message__ambient_neighbor__r000,send_message,ambient_neighbor,single_factor_observable,cep,True,True,10,neighbor:effect_count=2
send_message__ambient_neighbor__r001,send_message,ambient_neighbor,single_factor_observable,document_trust,True,False,0,
send_message__ambient_neighbor__r001,send_message,ambient_neighbor,single_factor_observable,nominal_repeat,True,False,10,
send_message__ambient_neighbor__r001,send_message,ambient_neighbor,single_factor_observable,random_relational_fuzzing,True,True,10,random_5:effect_count=2|random_8:effect_count=2
send_message__ambient_neighbor__r001,send_message,ambient_neighbor,single_factor_observable,cep,True,True,10,neighbor:effect_count=2
send_message__ambient_neighbor__r002,send_message,ambient_neighbor,single_factor_observable,document_trust,True,False,0,
send_message__ambient_neighbor__r002,send_message,ambient_neighbor,single_factor_observable,nominal_repeat,True,False,10,
send_message__ambient_neighbor__r002,send_message,ambient_neighbor,single_factor_observable,random_relational_fuzzing,True,False,10,
send_message__ambient_neighbor__r002,send_message,ambient_neighbor,single_factor_observable,cep,True,True,10,neighbor:effect_count=2
send_message__ambient_neighbor__r003,send_message,ambient_neighbor,single_factor_observable,document_trust,True,False,0,
send_message__ambient_neighbor__r003,send_message,ambient_neighbor,single_factor_observable,nominal_repeat,True,False,10,
send_message__ambient_neighbor__r003,send_message,ambient_neighbor,single_factor_observable,random_relational_fuzzing,True,False,10,
send_message__ambient_neighbor__r003,send_message,ambient_neighbor,single_factor_observable,cep,True,True,10,neighbor:effect_count=2
send_message__ambient_neighbor__r004,send_message,ambient_neighbor,single_factor_observable,document_trust,True,False,0,
send_message__ambient_neighbor__r004,send_message,ambient_neighbor,single_factor_observable,nominal_repeat,True,False,10,
send_message__ambient_neighbor__r004,send_message,ambient_neighbor,single_factor_observable,random_relational_fuzzing,True,True,10,random_5:effect_count=2|random_6:effect_count=2
send_message__ambient_neighbor__r004,send_message,ambient_neighbor,single_factor_observable,cep,True,True,10,neighbor:effect_count=2
send_message__ambient_neighbor__r005,send_message,ambient_neighbor,single_factor_observable,document_trust,True,False,0,
send_message__ambient_neighbor__r005,send_message,ambient_neighbor,single_factor_observable,nominal_repeat,True,False,10,
send_message__ambient_neighbor__r005,send_message,ambient_neighbor,single_factor_observable,random_relational_fuzzing,True,True,10,random_7:effect_count=2|random_9:effect_count=2
send_message__ambient_neighbor__r005,send_message,ambient_neighbor,single_factor_observable,cep,True,True,10,neighbor:effect_count=2
send_message__ambient_neighbor__r006,send_message,ambient_neighbor,single_factor_observable,document_trust,True,False,0,
send_message__ambient_neighbor__r006,send_message,ambient_neighbor,single_factor_observable,nominal_repeat,True,False,10,
send_message__ambient_neighbor__r006,send_message,ambient_neighbor,single_factor_observable,random_relational_fuzzing,True,True,10,random_2:effect_count=2|random_3:effect_count=2|random_7:effect_count=2|random_9:effect_count=2
send_message__ambient_neighbor__r006,send_message,ambient_neighbor,single_factor_observable,cep,True,True,10,neighbor:effect_count=2
send_message__ambient_neighbor__r007,send_message,ambient_neighbor,single_factor_observable,document_trust,True,False,0,
send_message__ambient_neighbor__r007,send_message,ambient_neighbor,single_factor_observable,nominal_repeat,True,False,10,
send_message__ambient_neighbor__r007,send_message,ambient_neighbor,single_factor_observable,random_relational_fuzzing,True,True,10,random_0:effect_count=2|random_3:effect_count=2|random_7:effect_count=2
send_message__ambient_neighbor__r007,send_message,ambient_neighbor,single_factor_observable,cep,True,True,10,neighbor:effect_count=2
send_message__ambient_neighbor__r008,send_message,ambient_neighbor,single_factor_observable,document_trust,True,False,0,
send_message__ambient_neighbor__r008,send_message,ambient_neighbor,single_factor_observable,nominal_repeat,True,False,10,
send_message__ambient_neighbor__r008,send_message,ambient_neighbor,single_factor_observable,random_relational_fuzzing,True,True,10,random_4:effect_count=2|random_7:effect_count=2|random_9:effect_count=2
send_message__ambient_neighbor__r008,send_message,ambient_neighbor,single_factor_observable,cep,True,True,10,neighbor:effect_count=2
send_message__ambient_neighbor__r009,send_message,ambient_neighbor,single_factor_observable,document_trust,True,False,0,
send_message__ambient_neighbor__r009,send_message,ambient_neighbor,single_factor_observable,nominal_repeat,True,False,10,
send_message__ambient_neighbor__r009,send_message,ambient_neighbor,single_factor_observable,random_relational_fuzzing,True,False,10,
send_message__ambient_neighbor__r009,send_message,ambient_neighbor,single_factor_observable,cep,True,True,10,neighbor:effect_count=2
send_message__ambient_neighbor__r010,send_message,ambient_neighbor,single_factor_observable,document_trust,True,False,0,
send_message__ambient_neighbor__r010,send_message,ambient_neighbor,single_factor_observable,nominal_repeat,True,False,10,
send_message__ambient_neighbor__r010,send_message,ambient_neighbor,single_factor_observable,random_relational_fuzzing,True,True,10,random_4:effect_count=2|random_5:effect_count=2|random_6:effect_count=2
send_message__ambient_neighbor__r010,send_message,ambient_neighbor,single_factor_observable,cep,True,True,10,neighbor:effect_count=2
send_message__ambient_neighbor__r011,send_message,ambient_neighbor,single_factor_observable,document_trust,True,False,0,
send_message__ambient_neighbor__r011,send_message,ambient_neighbor,single_factor_observable,nominal_repeat,True,False,10,
send_message__ambient_neighbor__r011,send_message,ambient_neighbor,single_factor_observable,random_relational_fuzzing,True,True,10,random_1:effect_count=2|random_2:effect_count=2|random_3:effect_count=2|random_4:effect_count=2
send_message__ambient_neighbor__r011,send_message,ambient_neighbor,single_factor_observable,cep,True,True,10,neighbor:effect_count=2
send_message__ambient_neighbor__r012,send_message,ambient_neighbor,single_factor_observable,document_trust,True,False,0,
send_message__ambient_neighbor__r012,send_message,ambient_neighbor,single_factor_observable,nominal_repeat,True,False,10,
send_message__ambient_neighbor__r012,send_message,ambient_neighbor,single_factor_observable,random_relational_fuzzing,True,True,10,random_5:effect_count=2|random_7:effect_count=2
send_message__ambient_neighbor__r012,send_message,ambient_neighbor,single_factor_observable,cep,True,True,10,neighbor:effect_count=2
send_message__ambient_neighbor__r013,send_message,ambient_neighbor,single_factor_observable,document_trust,True,False,0,
send_message__ambient_neighbor__r013,send_message,ambient_neighbor,single_factor_observable,nominal_repeat,True,False,10,
send_message__ambient_neighbor__r013,send_message,ambient_neighbor,single_factor_observable,random_relational_fuzzing,True,False,10,
send_message__ambient_neighbor__r013,send_message,ambient_neighbor,single_factor_observable,cep,True,True,10,neighbor:effect_count=2
send_message__ambient_neighbor__r014,send_message,ambient_neighbor,single_factor_observable,document_trust,True,False,0,
send_message__ambient_neighbor__r014,send_message,ambient_neighbor,single_factor_observable,nominal_repeat,True,False,10,
send_message__ambient_neighbor__r014,send_message,ambient_neighbor,single_factor_observable,random_relational_fuzzing,True,True,10,random_1:effect_count=2|random_6:effect_count=2
send_message__ambient_neighbor__r014,send_message,ambient_neighbor,single_factor_observable,cep,True,True,10,neighbor:effect_count=2
send_message__ambient_neighbor__r015,send_message,ambient_neighbor,single_factor_observable,document_trust,True,False,0,
send_message__ambient_neighbor__r015,send_message,ambient_neighbor,single_factor_observable,nominal_repeat,True,False,10,
send_message__ambient_neighbor__r015,send_message,ambient_neighbor,single_factor_observable,random_relational_fuzzing,True,True,10,random_5:effect_count=2
send_message__ambient_neighbor__r015,send_message,ambient_neighbor,single_factor_observable,cep,True,True,10,neighbor:effect_count=2
send_message__ambient_neighbor__r016,send_message,ambient_neighbor,single_factor_observable,document_trust,True,False,0,
send_message__ambient_neighbor__r016,send_message,ambient_neighbor,single_factor_observable,nominal_repeat,True,False,10,
send_message__ambient_neighbor__r016,send_message,ambient_neighbor,single_factor_observable,random_relational_fuzzing,True,True,10,random_8:effect_count=2
send_message__ambient_neighbor__r016,send_message,ambient_neighbor,single_factor_observable,cep,True,True,10,neighbor:effect_count=2
send_message__ambient_neighbor__r017,send_message,ambient_neighbor,single_factor_observable,document_trust,True,False,0,
send_message__ambient_neighbor__r017,send_message,ambient_neighbor,single_factor_observable,nominal_repeat,True,False,10,
send_message__ambient_neighbor__r017,send_message,ambient_neighbor,single_factor_observable,random_relational_fuzzing,True,True,10,random_3:effect_count=2
send_message__ambient_neighbor__r017,send_message,ambient_neighbor,single_factor_observable,cep,True,True,10,neighbor:effect_count=2
send_message__ambient_neighbor__r018,send_message,ambient_neighbor,single_factor_observable,document_trust,True,False,0,
send_message__ambient_neighbor__r018,send_message,ambient_neighbor,single_factor_observable,nominal_repeat,True,False,10,
send_message__ambient_neighbor__r018,send_message,ambient_neighbor,single_factor_observable,random_relational_fuzzing,True,False,10,
send_message__ambient_neighbor__r018,send_message,ambient_neighbor,single_factor_observable,cep,True,True,10,neighbor:effect_count=2
send_message__ambient_neighbor__r019,send_message,ambient_neighbor,single_factor_observable,document_trust,True,False,0,
send_message__ambient_neighbor__r019,send_message,ambient_neighbor,single_factor_observable,nominal_repeat,True,False,10,
send_message__ambient_neighbor__r019,send_message,ambient_neighbor,single_factor_observable,random_relational_fuzzing,True,True,10,random_3:effect_count=2
send_message__ambient_neighbor__r019,send_message,ambient_neighbor,single_factor_observable,cep,True,True,10,neighbor:effect_count=2
send_message__cross_tenant__r000,send_message,cross_tenant,single_factor_observable,document_trust,True,False,0,
send_message__cross_tenant__r000,send_message,cross_tenant,single_factor_observable,nominal_repeat,True,False,10,
send_message__cross_tenant__r000,send_message,cross_tenant,single_factor_observable,random_relational_fuzzing,True,True,10,random_0:effect_count=2|random_2:effect_count=2|random_5:effect_count=2|random_9:effect_count=2
send_message__cross_tenant__r000,send_message,cross_tenant,single_factor_observable,cep,True,True,10,tenant_boundary:effect_count=2
send_message__cross_tenant__r001,send_message,cross_tenant,single_factor_observable,document_trust,True,False,0,
send_message__cross_tenant__r001,send_message,cross_tenant,single_factor_observable,nominal_repeat,True,False,10,
send_message__cross_tenant__r001,send_message,cross_tenant,single_factor_observable,random_relational_fuzzing,True,False,10,
send_message__cross_tenant__r001,send_message,cross_tenant,single_factor_observable,cep,True,True,10,tenant_boundary:effect_count=2
send_message__cross_tenant__r002,send_message,cross_tenant,single_factor_observable,document_trust,True,False,0,
send_message__cross_tenant__r002,send_message,cross_tenant,single_factor_observable,nominal_repeat,True,False,10,
send_message__cross_tenant__r002,send_message,cross_tenant,single_factor_observable,random_relational_fuzzing,True,False,10,
send_message__cross_tenant__r002,send_message,cross_tenant,single_factor_observable,cep,True,True,10,tenant_boundary:effect_count=2
send_message__cross_tenant__r003,send_message,cross_tenant,single_factor_observable,document_trust,True,False,0,
send_message__cross_tenant__r003,send_message,cross_tenant,single_factor_observable,nominal_repeat,True,False,10,
send_message__cross_tenant__r003,send_message,cross_tenant,single_factor_observable,random_relational_fuzzing,True,True,10,random_7:effect_count=2|random_8:effect_count=2
send_message__cross_tenant__r003,send_message,cross_tenant,single_factor_observable,cep,True,True,10,tenant_boundary:effect_count=2
send_message__cross_tenant__r004,send_message,cross_tenant,single_factor_observable,document_trust,True,False,0,
send_message__cross_tenant__r004,send_message,cross_tenant,single_factor_observable,nominal_repeat,True,False,10,
send_message__cross_tenant__r004,send_message,cross_tenant,single_factor_observable,random_relational_fuzzing,True,True,10,random_0:effect_count=2
send_message__cross_tenant__r004,send_message,cross_tenant,single_factor_observable,cep,True,True,10,tenant_boundary:effect_count=2
send_message__cross_tenant__r005,send_message,cross_tenant,single_factor_observable,document_trust,True,False,0,
send_message__cross_tenant__r005,send_message,cross_tenant,single_factor_observable,nominal_repeat,True,False,10,
send_message__cross_tenant__r005,send_message,cross_tenant,single_factor_observable,random_relational_fuzzing,True,True,10,random_0:effect_count=2|random_4:effect_count=2|random_5:effect_count=2|random_8:effect_count=2
send_message__cross_tenant__r005,send_message,cross_tenant,single_factor_observable,cep,True,True,10,tenant_boundary:effect_count=2
send_message__cross_tenant__r006,send_message,cross_tenant,single_factor_observable,document_trust,True,False,0,
send_message__cross_tenant__r006,send_message,cross_tenant,single_factor_observable,nominal_repeat,True,False,10,
send_message__cross_tenant__r006,send_message,cross_tenant,single_factor_observable,random_relational_fuzzing,True,True,10,random_7:effect_count=2|random_9:effect_count=2
send_message__cross_tenant__r006,send_message,cross_tenant,single_factor_observable,cep,True,True,10,tenant_boundary:effect_count=2
send_message__cross_tenant__r007,send_message,cross_tenant,single_factor_observable,document_trust,True,False,0,
send_message__cross_tenant__r007,send_message,cross_tenant,single_factor_observable,nominal_repeat,True,False,10,
send_message__cross_tenant__r007,send_message,cross_tenant,single_factor_observable,random_relational_fuzzing,True,True,10,random_4:effect_count=2|random_9:effect_count=2
send_message__cross_tenant__r007,send_message,cross_tenant,single_factor_observable,cep,True,True,10,tenant_boundary:effect_count=2
send_message__cross_tenant__r008,send_message,cross_tenant,single_factor_observable,document_trust,True,False,0,
send_message__cross_tenant__r008,send_message,cross_tenant,single_factor_observable,nominal_repeat,True,False,10,
send_message__cross_tenant__r008,send_message,cross_tenant,single_factor_observable,random_relational_fuzzing,True,True,10,random_3:effect_count=2
send_message__cross_tenant__r008,send_message,cross_tenant,single_factor_observable,cep,True,True,10,tenant_boundary:effect_count=2
send_message__cross_tenant__r009,send_message,cross_tenant,single_factor_observable,document_trust,True,False,0,
send_message__cross_tenant__r009,send_message,cross_tenant,single_factor_observable,nominal_repeat,True,False,10,
send_message__cross_tenant__r009,send_message,cross_tenant,single_factor_observable,random_relational_fuzzing,True,True,10,random_1:effect_count=2|random_3:effect_count=2|random_4:effect_count=2|random_6:effect_count=2
send_message__cross_tenant__r009,send_message,cross_tenant,single_factor_observable,cep,True,True,10,tenant_boundary:effect_count=2
send_message__cross_tenant__r010,send_message,cross_tenant,single_factor_observable,document_trust,True,False,0,
send_message__cross_tenant__r010,send_message,cross_tenant,single_factor_observable,nominal_repeat,True,False,10,
send_message__cross_tenant__r010,send_message,cross_tenant,single_factor_observable,random_relational_fuzzing,True,True,10,random_5:effect_count=2
send_message__cross_tenant__r010,send_message,cross_tenant,single_factor_observable,cep,True,True,10,tenant_boundary:effect_count=2
send_message__cross_tenant__r011,send_message,cross_tenant,single_factor_observable,document_trust,True,False,0,
send_message__cross_tenant__r011,send_message,cross_tenant,single_factor_observable,nominal_repeat,True,False,10,
send_message__cross_tenant__r011,send_message,cross_tenant,single_factor_observable,random_relational_fuzzing,True,True,10,random_0:effect_count=2|random_2:effect_count=2|random_3:effect_count=2|random_8:effect_count=2
send_message__cross_tenant__r011,send_message,cross_tenant,single_factor_observable,cep,True,True,10,tenant_boundary:effect_count=2
send_message__cross_tenant__r012,send_message,cross_tenant,single_factor_observable,document_trust,True,False,0,
send_message__cross_tenant__r012,send_message,cross_tenant,single_factor_observable,nominal_repeat,True,False,10,
send_message__cross_tenant__r012,send_message,cross_tenant,single_factor_observable,random_relational_fuzzing,True,True,10,random_0:effect_count=2
send_message__cross_tenant__r012,send_message,cross_tenant,single_factor_observable,cep,True,True,10,tenant_boundary:effect_count=2
send_message__cross_tenant__r013,send_message,cross_tenant,single_factor_observable,document_trust,True,False,0,
send_message__cross_tenant__r013,send_message,cross_tenant,single_factor_observable,nominal_repeat,True,False,10,
send_message__cross_tenant__r013,send_message,cross_tenant,single_factor_observable,random_relational_fuzzing,True,False,10,
send_message__cross_tenant__r013,send_message,cross_tenant,single_factor_observable,cep,True,True,10,tenant_boundary:effect_count=2
send_message__cross_tenant__r014,send_message,cross_tenant,single_factor_observable,document_trust,True,False,0,
send_message__cross_tenant__r014,send_message,cross_tenant,single_factor_observable,nominal_repeat,True,False,10,
send_message__cross_tenant__r014,send_message,cross_tenant,single_factor_observable,random_relational_fuzzing,True,True,10,random_3:effect_count=2|random_7:effect_count=2|random_8:effect_count=2
send_message__cross_tenant__r014,send_message,cross_tenant,single_factor_observable,cep,True,True,10,tenant_boundary:effect_count=2
send_message__cross_tenant__r015,send_message,cross_tenant,single_factor_observable,document_trust,True,False,0,
send_message__cross_tenant__r015,send_message,cross_tenant,single_factor_observable,nominal_repeat,True,False,10,
send_message__cross_tenant__r015,send_message,cross_tenant,single_factor_observable,random_relational_fuzzing,True,True,10,random_4:effect_count=2|random_5:effect_count=2
send_message__cross_tenant__r015,send_message,cross_tenant,single_factor_observable,cep,True,True,10,tenant_boundary:effect_count=2
send_message__cross_tenant__r016,send_message,cross_tenant,single_factor_observable,document_trust,True,False,0,
send_message__cross_tenant__r016,send_message,cross_tenant,single_factor_observable,nominal_repeat,True,False,10,
send_message__cross_tenant__r016,send_message,cross_tenant,single_factor_observable,random_relational_fuzzing,True,True,10,random_9:effect_count=2
send_message__cross_tenant__r016,send_message,cross_tenant,single_factor_observable,cep,True,True,10,tenant_boundary:effect_count=2
send_message__cross_tenant__r017,send_message,cross_tenant,single_factor_observable,document_trust,True,False,0,
send_message__cross_tenant__r017,send_message,cross_tenant,single_factor_observable,nominal_repeat,True,False,10,
send_message__cross_tenant__r017,send_message,cross_tenant,single_factor_observable,random_relational_fuzzing,True,True,10,random_1:effect_count=2|random_4:effect_count=2|random_9:effect_count=2
send_message__cross_tenant__r017,send_message,cross_tenant,single_factor_observable,cep,True,True,10,tenant_boundary:effect_count=2
send_message__cross_tenant__r018,send_message,cross_tenant,single_factor_observable,document_trust,True,False,0,
send_message__cross_tenant__r018,send_message,cross_tenant,single_factor_observable,nominal_repeat,True,False,10,
send_message__cross_tenant__r018,send_message,cross_tenant,single_factor_observable,random_relational_fuzzing,True,True,10,random_2:effect_count=2|random_3:effect_count=2|random_5:effect_count=2|random_6:effect_count=2
send_message__cross_tenant__r018,send_message,cross_tenant,single_factor_observable,cep,True,True,10,tenant_boundary:effect_count=2
send_message__cross_tenant__r019,send_message,cross_tenant,single_factor_observable,document_trust,True,False,0,
send_message__cross_tenant__r019,send_message,cross_tenant,single_factor_observable,nominal_repeat,True,False,10,
send_message__cross_tenant__r019,send_message,cross_tenant,single_factor_observable,random_relational_fuzzing,True,True,10,random_2:effect_count=2|random_4:effect_count=2|random_5:effect_count=2|random_8:effect_count=2|random_9:effect_count=2
send_message__cross_tenant__r019,send_message,cross_tenant,single_factor_observable,cep,True,True,10,tenant_boundary:effect_count=2
send_message__secret_capture__r000,send_message,secret_capture,single_factor_observable,document_trust,True,False,0,
send_message__secret_capture__r000,send_message,secret_capture,single_factor_observable,nominal_repeat,True,False,10,
send_message__secret_capture__r000,send_message,secret_capture,single_factor_observable,random_relational_fuzzing,True,False,10,
send_message__secret_capture__r000,send_message,secret_capture,single_factor_observable,cep,True,True,10,"ambient_secret_dependency:base,secret_1|ambient_secret_dependency:base,secret_2|ambient_secret_dependency:base_repeat,secret_1|ambient_secret_dependency:base_repeat,secret_2|ambient_secret_dependency:secret_1,secret_2"
send_message__secret_capture__r001,send_message,secret_capture,single_factor_observable,document_trust,True,False,0,
send_message__secret_capture__r001,send_message,secret_capture,single_factor_observable,nominal_repeat,True,False,10,
send_message__secret_capture__r001,send_message,secret_capture,single_factor_observable,random_relational_fuzzing,True,False,10,
send_message__secret_capture__r001,send_message,secret_capture,single_factor_observable,cep,True,True,10,"ambient_secret_dependency:base,secret_1|ambient_secret_dependency:base,secret_2|ambient_secret_dependency:base_repeat,secret_1|ambient_secret_dependency:base_repeat,secret_2|ambient_secret_dependency:secret_1,secret_2"
send_message__secret_capture__r002,send_message,secret_capture,single_factor_observable,document_trust,True,False,0,
send_message__secret_capture__r002,send_message,secret_capture,single_factor_observable,nominal_repeat,True,False,10,
send_message__secret_capture__r002,send_message,secret_capture,single_factor_observable,random_relational_fuzzing,True,True,10,"ambient_secret_dependency:random_1,random_8"
send_message__secret_capture__r002,send_message,secret_capture,single_factor_observable,cep,True,True,10,"ambient_secret_dependency:base,secret_1|ambient_secret_dependency:base,secret_2|ambient_secret_dependency:base_repeat,secret_1|ambient_secret_dependency:base_repeat,secret_2|ambient_secret_dependency:secret_1,secret_2"
send_message__secret_capture__r003,send_message,secret_capture,single_factor_observable,document_trust,True,False,0,
send_message__secret_capture__r003,send_message,secret_capture,single_factor_observable,nominal_repeat,True,False,10,
send_message__secret_capture__r003,send_message,secret_capture,single_factor_observable,random_relational_fuzzing,True,False,10,
send_message__secret_capture__r003,send_message,secret_capture,single_factor_observable,cep,True,True,10,"ambient_secret_dependency:base,secret_1|ambient_secret_dependency:base,secret_2|ambient_secret_dependency:base_repeat,secret_1|ambient_secret_dependency:base_repeat,secret_2|ambient_secret_dependency:secret_1,secret_2"
send_message__secret_capture__r004,send_message,secret_capture,single_factor_observable,document_trust,True,False,0,
send_message__secret_capture__r004,send_message,secret_capture,single_factor_observable,nominal_repeat,True,False,10,
send_message__secret_capture__r004,send_message,secret_capture,single_factor_observable,random_relational_fuzzing,True,False,10,
send_message__secret_capture__r004,send_message,secret_capture,single_factor_observable,cep,True,True,10,"ambient_secret_dependency:base,secret_1|ambient_secret_dependency:base,secret_2|ambient_secret_dependency:base_repeat,secret_1|ambient_secret_dependency:base_repeat,secret_2|ambient_secret_dependency:secret_1,secret_2"
send_message__secret_capture__r005,send_message,secret_capture,single_factor_observable,document_trust,True,False,0,
send_message__secret_capture__r005,send_message,secret_capture,single_factor_observable,nominal_repeat,True,False,10,
send_message__secret_capture__r005,send_message,secret_capture,single_factor_observable,random_relational_fuzzing,True,False,10,
send_message__secret_capture__r005,send_message,secret_capture,single_factor_observable,cep,True,True,10,"ambient_secret_dependency:base,secret_1|ambient_secret_dependency:base,secret_2|ambient_secret_dependency:base_repeat,secret_1|ambient_secret_dependency:base_repeat,secret_2|ambient_secret_dependency:secret_1,secret_2"
send_message__secret_capture__r006,send_message,secret_capture,single_factor_observable,document_trust,True,False,0,
send_message__secret_capture__r006,send_message,secret_capture,single_factor_observable,nominal_repeat,True,False,10,
send_message__secret_capture__r006,send_message,secret_capture,single_factor_observable,random_relational_fuzzing,True,False,10,
send_message__secret_capture__r006,send_message,secret_capture,single_factor_observable,cep,True,True,10,"ambient_secret_dependency:base,secret_1|ambient_secret_dependency:base,secret_2|ambient_secret_dependency:base_repeat,secret_1|ambient_secret_dependency:base_repeat,secret_2|ambient_secret_dependency:secret_1,secret_2"
send_message__secret_capture__r007,send_message,secret_capture,single_factor_observable,document_trust,True,False,0,
send_message__secret_capture__r007,send_message,secret_capture,single_factor_observable,nominal_repeat,True,False,10,
send_message__secret_capture__r007,send_message,secret_capture,single_factor_observable,random_relational_fuzzing,True,True,10,"ambient_secret_dependency:random_0,random_8|ambient_secret_dependency:random_0,random_9"
send_message__secret_capture__r007,send_message,secret_capture,single_factor_observable,cep,True,True,10,"ambient_secret_dependency:base,secret_1|ambient_secret_dependency:base,secret_2|ambient_secret_dependency:base_repeat,secret_1|ambient_secret_dependency:base_repeat,secret_2|ambient_secret_dependency:secret_1,secret_2"
send_message__secret_capture__r008,send_message,secret_capture,single_factor_observable,document_trust,True,False,0,
send_message__secret_capture__r008,send_message,secret_capture,single_factor_observable,nominal_repeat,True,False,10,
send_message__secret_capture__r008,send_message,secret_capture,single_factor_observable,random_relational_fuzzing,True,False,10,
send_message__secret_capture__r008,send_message,secret_capture,single_factor_observable,cep,True,True,10,"ambient_secret_dependency:base,secret_1|ambient_secret_dependency:base,secret_2|ambient_secret_dependency:base_repeat,secret_1|ambient_secret_dependency:base_repeat,secret_2|ambient_secret_dependency:secret_1,secret_2"
send_message__secret_capture__r009,send_message,secret_capture,single_factor_observable,document_trust,True,False,0,
send_message__secret_capture__r009,send_message,secret_capture,single_factor_observable,nominal_repeat,True,False,10,
send_message__secret_capture__r009,send_message,secret_capture,single_factor_observable,random_relational_fuzzing,True,True,10,"ambient_secret_dependency:random_1,random_8|ambient_secret_dependency:random_2,random_8|ambient_secret_dependency:random_3,random_8|ambient_secret_dependency:random_7,random_8"
send_message__secret_capture__r009,send_message,secret_capture,single_factor_observable,cep,True,True,10,"ambient_secret_dependency:base,secret_1|ambient_secret_dependency:base,secret_2|ambient_secret_dependency:base_repeat,secret_1|ambient_secret_dependency:base_repeat,secret_2|ambient_secret_dependency:secret_1,secret_2"
send_message__secret_capture__r010,send_message,secret_capture,single_factor_observable,document_trust,True,False,0,
send_message__secret_capture__r010,send_message,secret_capture,single_factor_observable,nominal_repeat,True,False,10,
send_message__secret_capture__r010,send_message,secret_capture,single_factor_observable,random_relational_fuzzing,True,True,10,"ambient_secret_dependency:random_0,random_7|ambient_secret_dependency:random_7,random_8"
send_message__secret_capture__r010,send_message,secret_capture,single_factor_observable,cep,True,True,10,"ambient_secret_dependency:base,secret_1|ambient_secret_dependency:base,secret_2|ambient_secret_dependency:base_repeat,secret_1|ambient_secret_dependency:base_repeat,secret_2|ambient_secret_dependency:secret_1,secret_2"
send_message__secret_capture__r011,send_message,secret_capture,single_factor_observable,document_trust,True,False,0,
send_message__secret_capture__r011,send_message,secret_capture,single_factor_observable,nominal_repeat,True,False,10,
send_message__secret_capture__r011,send_message,secret_capture,single_factor_observable,random_relational_fuzzing,True,True,10,"ambient_secret_dependency:random_2,random_3|ambient_secret_dependency:random_4,random_6|ambient_secret_dependency:random_4,random_9"
send_message__secret_capture__r011,send_message,secret_capture,single_factor_observable,cep,True,True,10,"ambient_secret_dependency:base,secret_1|ambient_secret_dependency:base,secret_2|ambient_secret_dependency:base_repeat,secret_1|ambient_secret_dependency:base_repeat,secret_2|ambient_secret_dependency:secret_1,secret_2"
send_message__secret_capture__r012,send_message,secret_capture,single_factor_observable,document_trust,True,False,0,
send_message__secret_capture__r012,send_message,secret_capture,single_factor_observable,nominal_repeat,True,False,10,
send_message__secret_capture__r012,send_message,secret_capture,single_factor_observable,random_relational_fuzzing,True,True,10,"ambient_secret_dependency:random_3,random_9"
send_message__secret_capture__r012,send_message,secret_capture,single_factor_observable,cep,True,True,10,"ambient_secret_dependency:base,secret_1|ambient_secret_dependency:base,secret_2|ambient_secret_dependency:base_repeat,secret_1|ambient_secret_dependency:base_repeat,secret_2|ambient_secret_dependency:secret_1,secret_2"
send_message__secret_capture__r013,send_message,secret_capture,single_factor_observable,document_trust,True,False,0,
send_message__secret_capture__r013,send_message,secret_capture,single_factor_observable,nominal_repeat,True,False,10,
send_message__secret_capture__r013,send_message,secret_capture,single_factor_observable,random_relational_fuzzing,True,True,10,"ambient_secret_dependency:random_0,random_1|ambient_secret_dependency:random_0,random_3|ambient_secret_dependency:random_1,random_7|ambient_secret_dependency:random_3,random_7"
send_message__secret_capture__r013,send_message,secret_capture,single_factor_observable,cep,True,True,10,"ambient_secret_dependency:base,secret_1|ambient_secret_dependency:base,secret_2|ambient_secret_dependency:base_repeat,secret_1|ambient_secret_dependency:base_repeat,secret_2|ambient_secret_dependency:secret_1,secret_2"
send_message__secret_capture__r014,send_message,secret_capture,single_factor_observable,document_trust,True,False,0,
send_message__secret_capture__r014,send_message,secret_capture,single_factor_observable,nominal_repeat,True,False,10,
send_message__secret_capture__r014,send_message,secret_capture,single_factor_observable,random_relational_fuzzing,True,False,10,
send_message__secret_capture__r014,send_message,secret_capture,single_factor_observable,cep,True,True,10,"ambient_secret_dependency:base,secret_1|ambient_secret_dependency:base,secret_2|ambient_secret_dependency:base_repeat,secret_1|ambient_secret_dependency:base_repeat,secret_2|ambient_secret_dependency:secret_1,secret_2"
send_message__secret_capture__r015,send_message,secret_capture,single_factor_observable,document_trust,True,False,0,
send_message__secret_capture__r015,send_message,secret_capture,single_factor_observable,nominal_repeat,True,False,10,
send_message__secret_capture__r015,send_message,secret_capture,single_factor_observable,random_relational_fuzzing,True,True,10,"ambient_secret_dependency:random_0,random_1|ambient_secret_dependency:random_1,random_3"
send_message__secret_capture__r015,send_message,secret_capture,single_factor_observable,cep,True,True,10,"ambient_secret_dependency:base,secret_1|ambient_secret_dependency:base,secret_2|ambient_secret_dependency:base_repeat,secret_1|ambient_secret_dependency:base_repeat,secret_2|ambient_secret_dependency:secret_1,secret_2"
send_message__secret_capture__r016,send_message,secret_capture,single_factor_observable,document_trust,True,False,0,
send_message__secret_capture__r016,send_message,secret_capture,single_factor_observable,nominal_repeat,True,False,10,
send_message__secret_capture__r016,send_message,secret_capture,single_factor_observable,random_relational_fuzzing,True,False,10,
send_message__secret_capture__r016,send_message,secret_capture,single_factor_observable,cep,True,True,10,"ambient_secret_dependency:base,secret_1|ambient_secret_dependency:base,secret_2|ambient_secret_dependency:base_repeat,secret_1|ambient_secret_dependency:base_repeat,secret_2|ambient_secret_dependency:secret_1,secret_2"
send_message__secret_capture__r017,send_message,secret_capture,single_factor_observable,document_trust,True,False,0,
send_message__secret_capture__r017,send_message,secret_capture,single_factor_observable,nominal_repeat,True,False,10,
send_message__secret_capture__r017,send_message,secret_capture,single_factor_observable,random_relational_fuzzing,True,True,10,"ambient_secret_dependency:random_1,random_2|ambient_secret_dependency:random_2,random_4|ambient_secret_dependency:random_2,random_5|ambient_secret_dependency:random_2,random_8|ambient_secret_dependency:random_2,random_9"
send_message__secret_capture__r017,send_message,secret_capture,single_factor_observable,cep,True,True,10,"ambient_secret_dependency:base,secret_1|ambient_secret_dependency:base,secret_2|ambient_secret_dependency:base_repeat,secret_1|ambient_secret_dependency:base_repeat,secret_2|ambient_secret_dependency:secret_1,secret_2"
send_message__secret_capture__r018,send_message,secret_capture,single_factor_observable,document_trust,True,False,0,
send_message__secret_capture__r018,send_message,secret_capture,single_factor_observable,nominal_repeat,True,False,10,
send_message__secret_capture__r018,send_message,secret_capture,single_factor_observable,random_relational_fuzzing,True,False,10,
send_message__secret_capture__r018,send_message,secret_capture,single_factor_observable,cep,True,True,10,"ambient_secret_dependency:base,secret_1|ambient_secret_dependency:base,secret_2|ambient_secret_dependency:base_repeat,secret_1|ambient_secret_dependency:base_repeat,secret_2|ambient_secret_dependency:secret_1,secret_2"
send_message__secret_capture__r019,send_message,secret_capture,single_factor_observable,document_trust,True,False,0,
send_message__secret_capture__r019,send_message,secret_capture,single_factor_observable,nominal_repeat,True,False,10,
send_message__secret_capture__r019,send_message,secret_capture,single_factor_observable,random_relational_fuzzing,True,True,10,"ambient_secret_dependency:random_1,random_2|ambient_secret_dependency:random_1,random_8"
send_message__secret_capture__r019,send_message,secret_capture,single_factor_observable,cep,True,True,10,"ambient_secret_dependency:base,secret_1|ambient_secret_dependency:base,secret_2|ambient_secret_dependency:base_repeat,secret_1|ambient_secret_dependency:base_repeat,secret_2|ambient_secret_dependency:secret_1,secret_2"
send_message__compound_trigger__r000,send_message,compound_trigger,compound_trigger,document_trust,True,False,0,
send_message__compound_trigger__r000,send_message,compound_trigger,compound_trigger,nominal_repeat,True,False,10,
send_message__compound_trigger__r000,send_message,compound_trigger,compound_trigger,random_relational_fuzzing,True,True,10,random_0:effect_count=2
send_message__compound_trigger__r000,send_message,compound_trigger,compound_trigger,cep,True,False,10,
send_message__compound_trigger__r001,send_message,compound_trigger,compound_trigger,document_trust,True,False,0,
send_message__compound_trigger__r001,send_message,compound_trigger,compound_trigger,nominal_repeat,True,False,10,
send_message__compound_trigger__r001,send_message,compound_trigger,compound_trigger,random_relational_fuzzing,True,False,10,
send_message__compound_trigger__r001,send_message,compound_trigger,compound_trigger,cep,True,False,10,
send_message__compound_trigger__r002,send_message,compound_trigger,compound_trigger,document_trust,True,False,0,
send_message__compound_trigger__r002,send_message,compound_trigger,compound_trigger,nominal_repeat,True,False,10,
send_message__compound_trigger__r002,send_message,compound_trigger,compound_trigger,random_relational_fuzzing,True,True,10,random_6:effect_count=2
send_message__compound_trigger__r002,send_message,compound_trigger,compound_trigger,cep,True,False,10,
send_message__compound_trigger__r003,send_message,compound_trigger,compound_trigger,document_trust,True,False,0,
send_message__compound_trigger__r003,send_message,compound_trigger,compound_trigger,nominal_repeat,True,False,10,
send_message__compound_trigger__r003,send_message,compound_trigger,compound_trigger,random_relational_fuzzing,True,False,10,
send_message__compound_trigger__r003,send_message,compound_trigger,compound_trigger,cep,True,False,10,
send_message__compound_trigger__r004,send_message,compound_trigger,compound_trigger,document_trust,True,False,0,
send_message__compound_trigger__r004,send_message,compound_trigger,compound_trigger,nominal_repeat,True,False,10,
send_message__compound_trigger__r004,send_message,compound_trigger,compound_trigger,random_relational_fuzzing,True,True,10,random_1:effect_count=2
send_message__compound_trigger__r004,send_message,compound_trigger,compound_trigger,cep,True,False,10,
send_message__compound_trigger__r005,send_message,compound_trigger,compound_trigger,document_trust,True,False,0,
send_message__compound_trigger__r005,send_message,compound_trigger,compound_trigger,nominal_repeat,True,False,10,
send_message__compound_trigger__r005,send_message,compound_trigger,compound_trigger,random_relational_fuzzing,True,True,10,random_2:effect_count=2
send_message__compound_trigger__r005,send_message,compound_trigger,compound_trigger,cep,True,False,10,
send_message__compound_trigger__r006,send_message,compound_trigger,compound_trigger,document_trust,True,False,0,
send_message__compound_trigger__r006,send_message,compound_trigger,compound_trigger,nominal_repeat,True,False,10,
send_message__compound_trigger__r006,send_message,compound_trigger,compound_trigger,random_relational_fuzzing,True,False,10,
send_message__compound_trigger__r006,send_message,compound_trigger,compound_trigger,cep,True,False,10,
send_message__compound_trigger__r007,send_message,compound_trigger,compound_trigger,document_trust,True,False,0,
send_message__compound_trigger__r007,send_message,compound_trigger,compound_trigger,nominal_repeat,True,False,10,
send_message__compound_trigger__r007,send_message,compound_trigger,compound_trigger,random_relational_fuzzing,True,True,10,random_3:effect_count=2
send_message__compound_trigger__r007,send_message,compound_trigger,compound_trigger,cep,True,False,10,
send_message__compound_trigger__r008,send_message,compound_trigger,compound_trigger,document_trust,True,False,0,
send_message__compound_trigger__r008,send_message,compound_trigger,compound_trigger,nominal_repeat,True,False,10,
send_message__compound_trigger__r008,send_message,compound_trigger,compound_trigger,random_relational_fuzzing,True,False,10,
send_message__compound_trigger__r008,send_message,compound_trigger,compound_trigger,cep,True,False,10,
send_message__compound_trigger__r009,send_message,compound_trigger,compound_trigger,document_trust,True,False,0,
send_message__compound_trigger__r009,send_message,compound_trigger,compound_trigger,nominal_repeat,True,False,10,
send_message__compound_trigger__r009,send_message,compound_trigger,compound_trigger,random_relational_fuzzing,True,False,10,
send_message__compound_trigger__r009,send_message,compound_trigger,compound_trigger,cep,True,False,10,
send_message__compound_trigger__r010,send_message,compound_trigger,compound_trigger,document_trust,True,False,0,
send_message__compound_trigger__r010,send_message,compound_trigger,compound_trigger,nominal_repeat,True,False,10,
send_message__compound_trigger__r010,send_message,compound_trigger,compound_trigger,random_relational_fuzzing,True,False,10,
send_message__compound_trigger__r010,send_message,compound_trigger,compound_trigger,cep,True,False,10,
send_message__compound_trigger__r011,send_message,compound_trigger,compound_trigger,document_trust,True,False,0,
send_message__compound_trigger__r011,send_message,compound_trigger,compound_trigger,nominal_repeat,True,False,10,
send_message__compound_trigger__r011,send_message,compound_trigger,compound_trigger,random_relational_fuzzing,True,False,10,
send_message__compound_trigger__r011,send_message,compound_trigger,compound_trigger,cep,True,False,10,
send_message__compound_trigger__r012,send_message,compound_trigger,compound_trigger,document_trust,True,False,0,
send_message__compound_trigger__r012,send_message,compound_trigger,compound_trigger,nominal_repeat,True,False,10,
send_message__compound_trigger__r012,send_message,compound_trigger,compound_trigger,random_relational_fuzzing,True,False,10,
send_message__compound_trigger__r012,send_message,compound_trigger,compound_trigger,cep,True,False,10,
send_message__compound_trigger__r013,send_message,compound_trigger,compound_trigger,document_trust,True,False,0,
send_message__compound_trigger__r013,send_message,compound_trigger,compound_trigger,nominal_repeat,True,False,10,
send_message__compound_trigger__r013,send_message,compound_trigger,compound_trigger,random_relational_fuzzing,True,True,10,random_2:effect_count=2
send_message__compound_trigger__r013,send_message,compound_trigger,compound_trigger,cep,True,False,10,
send_message__compound_trigger__r014,send_message,compound_trigger,compound_trigger,document_trust,True,False,0,
send_message__compound_trigger__r014,send_message,compound_trigger,compound_trigger,nominal_repeat,True,False,10,
send_message__compound_trigger__r014,send_message,compound_trigger,compound_trigger,random_relational_fuzzing,True,False,10,
send_message__compound_trigger__r014,send_message,compound_trigger,compound_trigger,cep,True,False,10,
send_message__compound_trigger__r015,send_message,compound_trigger,compound_trigger,document_trust,True,False,0,
send_message__compound_trigger__r015,send_message,compound_trigger,compound_trigger,nominal_repeat,True,False,10,
send_message__compound_trigger__r015,send_message,compound_trigger,compound_trigger,random_relational_fuzzing,True,False,10,
send_message__compound_trigger__r015,send_message,compound_trigger,compound_trigger,cep,True,False,10,
send_message__compound_trigger__r016,send_message,compound_trigger,compound_trigger,document_trust,True,False,0,
send_message__compound_trigger__r016,send_message,compound_trigger,compound_trigger,nominal_repeat,True,False,10,
send_message__compound_trigger__r016,send_message,compound_trigger,compound_trigger,random_relational_fuzzing,True,False,10,
send_message__compound_trigger__r016,send_message,compound_trigger,compound_trigger,cep,True,False,10,
send_message__compound_trigger__r017,send_message,compound_trigger,compound_trigger,document_trust,True,False,0,
send_message__compound_trigger__r017,send_message,compound_trigger,compound_trigger,nominal_repeat,True,False,10,
send_message__compound_trigger__r017,send_message,compound_trigger,compound_trigger,random_relational_fuzzing,True,False,10,
send_message__compound_trigger__r017,send_message,compound_trigger,compound_trigger,cep,True,False,10,
send_message__compound_trigger__r018,send_message,compound_trigger,compound_trigger,document_trust,True,False,0,
send_message__compound_trigger__r018,send_message,compound_trigger,compound_trigger,nominal_repeat,True,False,10,
send_message__compound_trigger__r018,send_message,compound_trigger,compound_trigger,random_relational_fuzzing,True,True,10,random_5:effect_count=2
send_message__compound_trigger__r018,send_message,compound_trigger,compound_trigger,cep,True,False,10,
send_message__compound_trigger__r019,send_message,compound_trigger,compound_trigger,document_trust,True,False,0,
send_message__compound_trigger__r019,send_message,compound_trigger,compound_trigger,nominal_repeat,True,False,10,
send_message__compound_trigger__r019,send_message,compound_trigger,compound_trigger,random_relational_fuzzing,True,False,10,
send_message__compound_trigger__r019,send_message,compound_trigger,compound_trigger,cep,True,False,10,
send_message__sequence_trigger__r000,send_message,sequence_trigger,sequence_trigger,document_trust,True,False,0,
send_message__sequence_trigger__r000,send_message,sequence_trigger,sequence_trigger,nominal_repeat,True,False,10,
send_message__sequence_trigger__r000,send_message,sequence_trigger,sequence_trigger,random_relational_fuzzing,True,False,10,
send_message__sequence_trigger__r000,send_message,sequence_trigger,sequence_trigger,cep,True,False,10,
send_message__sequence_trigger__r001,send_message,sequence_trigger,sequence_trigger,document_trust,True,False,0,
send_message__sequence_trigger__r001,send_message,sequence_trigger,sequence_trigger,nominal_repeat,True,False,10,
send_message__sequence_trigger__r001,send_message,sequence_trigger,sequence_trigger,random_relational_fuzzing,True,False,10,
send_message__sequence_trigger__r001,send_message,sequence_trigger,sequence_trigger,cep,True,False,10,
send_message__sequence_trigger__r002,send_message,sequence_trigger,sequence_trigger,document_trust,True,False,0,
send_message__sequence_trigger__r002,send_message,sequence_trigger,sequence_trigger,nominal_repeat,True,False,10,
send_message__sequence_trigger__r002,send_message,sequence_trigger,sequence_trigger,random_relational_fuzzing,True,False,10,
send_message__sequence_trigger__r002,send_message,sequence_trigger,sequence_trigger,cep,True,False,10,
send_message__sequence_trigger__r003,send_message,sequence_trigger,sequence_trigger,document_trust,True,False,0,
send_message__sequence_trigger__r003,send_message,sequence_trigger,sequence_trigger,nominal_repeat,True,False,10,
send_message__sequence_trigger__r003,send_message,sequence_trigger,sequence_trigger,random_relational_fuzzing,True,False,10,
send_message__sequence_trigger__r003,send_message,sequence_trigger,sequence_trigger,cep,True,False,10,
send_message__sequence_trigger__r004,send_message,sequence_trigger,sequence_trigger,document_trust,True,False,0,
send_message__sequence_trigger__r004,send_message,sequence_trigger,sequence_trigger,nominal_repeat,True,False,10,
send_message__sequence_trigger__r004,send_message,sequence_trigger,sequence_trigger,random_relational_fuzzing,True,False,10,
send_message__sequence_trigger__r004,send_message,sequence_trigger,sequence_trigger,cep,True,False,10,
send_message__sequence_trigger__r005,send_message,sequence_trigger,sequence_trigger,document_trust,True,False,0,
send_message__sequence_trigger__r005,send_message,sequence_trigger,sequence_trigger,nominal_repeat,True,False,10,
send_message__sequence_trigger__r005,send_message,sequence_trigger,sequence_trigger,random_relational_fuzzing,True,False,10,
send_message__sequence_trigger__r005,send_message,sequence_trigger,sequence_trigger,cep,True,False,10,
send_message__sequence_trigger__r006,send_message,sequence_trigger,sequence_trigger,document_trust,True,False,0,
send_message__sequence_trigger__r006,send_message,sequence_trigger,sequence_trigger,nominal_repeat,True,False,10,
send_message__sequence_trigger__r006,send_message,sequence_trigger,sequence_trigger,random_relational_fuzzing,True,False,10,
send_message__sequence_trigger__r006,send_message,sequence_trigger,sequence_trigger,cep,True,False,10,
send_message__sequence_trigger__r007,send_message,sequence_trigger,sequence_trigger,document_trust,True,False,0,
send_message__sequence_trigger__r007,send_message,sequence_trigger,sequence_trigger,nominal_repeat,True,False,10,
send_message__sequence_trigger__r007,send_message,sequence_trigger,sequence_trigger,random_relational_fuzzing,True,False,10,
send_message__sequence_trigger__r007,send_message,sequence_trigger,sequence_trigger,cep,True,False,10,
send_message__sequence_trigger__r008,send_message,sequence_trigger,sequence_trigger,document_trust,True,False,0,
send_message__sequence_trigger__r008,send_message,sequence_trigger,sequence_trigger,nominal_repeat,True,False,10,
send_message__sequence_trigger__r008,send_message,sequence_trigger,sequence_trigger,random_relational_fuzzing,True,False,10,
send_message__sequence_trigger__r008,send_message,sequence_trigger,sequence_trigger,cep,True,False,10,
send_message__sequence_trigger__r009,send_message,sequence_trigger,sequence_trigger,document_trust,True,False,0,
send_message__sequence_trigger__r009,send_message,sequence_trigger,sequence_trigger,nominal_repeat,True,False,10,
send_message__sequence_trigger__r009,send_message,sequence_trigger,sequence_trigger,random_relational_fuzzing,True,False,10,
send_message__sequence_trigger__r009,send_message,sequence_trigger,sequence_trigger,cep,True,False,10,
send_message__sequence_trigger__r010,send_message,sequence_trigger,sequence_trigger,document_trust,True,False,0,
send_message__sequence_trigger__r010,send_message,sequence_trigger,sequence_trigger,nominal_repeat,True,False,10,
send_message__sequence_trigger__r010,send_message,sequence_trigger,sequence_trigger,random_relational_fuzzing,True,False,10,
send_message__sequence_trigger__r010,send_message,sequence_trigger,sequence_trigger,cep,True,False,10,
send_message__sequence_trigger__r011,send_message,sequence_trigger,sequence_trigger,document_trust,True,False,0,
send_message__sequence_trigger__r011,send_message,sequence_trigger,sequence_trigger,nominal_repeat,True,False,10,
send_message__sequence_trigger__r011,send_message,sequence_trigger,sequence_trigger,random_relational_fuzzing,True,False,10,
send_message__sequence_trigger__r011,send_message,sequence_trigger,sequence_trigger,cep,True,False,10,
send_message__sequence_trigger__r012,send_message,sequence_trigger,sequence_trigger,document_trust,True,False,0,
send_message__sequence_trigger__r012,send_message,sequence_trigger,sequence_trigger,nominal_repeat,True,False,10,
send_message__sequence_trigger__r012,send_message,sequence_trigger,sequence_trigger,random_relational_fuzzing,True,False,10,
send_message__sequence_trigger__r012,send_message,sequence_trigger,sequence_trigger,cep,True,False,10,
send_message__sequence_trigger__r013,send_message,sequence_trigger,sequence_trigger,document_trust,True,False,0,
send_message__sequence_trigger__r013,send_message,sequence_trigger,sequence_trigger,nominal_repeat,True,False,10,
send_message__sequence_trigger__r013,send_message,sequence_trigger,sequence_trigger,random_relational_fuzzing,True,False,10,
send_message__sequence_trigger__r013,send_message,sequence_trigger,sequence_trigger,cep,True,False,10,
send_message__sequence_trigger__r014,send_message,sequence_trigger,sequence_trigger,document_trust,True,False,0,
send_message__sequence_trigger__r014,send_message,sequence_trigger,sequence_trigger,nominal_repeat,True,False,10,
send_message__sequence_trigger__r014,send_message,sequence_trigger,sequence_trigger,random_relational_fuzzing,True,False,10,
send_message__sequence_trigger__r014,send_message,sequence_trigger,sequence_trigger,cep,True,False,10,
send_message__sequence_trigger__r015,send_message,sequence_trigger,sequence_trigger,document_trust,True,False,0,
send_message__sequence_trigger__r015,send_message,sequence_trigger,sequence_trigger,nominal_repeat,True,False,10,
send_message__sequence_trigger__r015,send_message,sequence_trigger,sequence_trigger,random_relational_fuzzing,True,False,10,
send_message__sequence_trigger__r015,send_message,sequence_trigger,sequence_trigger,cep,True,False,10,
send_message__sequence_trigger__r016,send_message,sequence_trigger,sequence_trigger,document_trust,True,False,0,
send_message__sequence_trigger__r016,send_message,sequence_trigger,sequence_trigger,nominal_repeat,True,False,10,
send_message__sequence_trigger__r016,send_message,sequence_trigger,sequence_trigger,random_relational_fuzzing,True,False,10,
send_message__sequence_trigger__r016,send_message,sequence_trigger,sequence_trigger,cep,True,False,10,
send_message__sequence_trigger__r017,send_message,sequence_trigger,sequence_trigger,document_trust,True,False,0,
send_message__sequence_trigger__r017,send_message,sequence_trigger,sequence_trigger,nominal_repeat,True,False,10,
send_message__sequence_trigger__r017,send_message,sequence_trigger,sequence_trigger,random_relational_fuzzing,True,False,10,
send_message__sequence_trigger__r017,send_message,sequence_trigger,sequence_trigger,cep,True,False,10,
send_message__sequence_trigger__r018,send_message,sequence_trigger,sequence_trigger,document_trust,True,False,0,
send_message__sequence_trigger__r018,send_message,sequence_trigger,sequence_trigger,nominal_repeat,True,False,10,
send_message__sequence_trigger__r018,send_message,sequence_trigger,sequence_trigger,random_relational_fuzzing,True,False,10,
send_message__sequence_trigger__r018,send_message,sequence_trigger,sequence_trigger,cep,True,False,10,
send_message__sequence_trigger__r019,send_message,sequence_trigger,sequence_trigger,document_trust,True,False,0,
send_message__sequence_trigger__r019,send_message,sequence_trigger,sequence_trigger,nominal_repeat,True,False,10,
send_message__sequence_trigger__r019,send_message,sequence_trigger,sequence_trigger,random_relational_fuzzing,True,False,10,
send_message__sequence_trigger__r019,send_message,sequence_trigger,sequence_trigger,cep,True,False,10,
send_message__unobservable_effect__r000,send_message,unobservable_effect,unobservable_effect,document_trust,True,False,0,
send_message__unobservable_effect__r000,send_message,unobservable_effect,unobservable_effect,nominal_repeat,True,False,10,
send_message__unobservable_effect__r000,send_message,unobservable_effect,unobservable_effect,random_relational_fuzzing,True,False,10,
send_message__unobservable_effect__r000,send_message,unobservable_effect,unobservable_effect,cep,True,False,10,
send_message__unobservable_effect__r001,send_message,unobservable_effect,unobservable_effect,document_trust,True,False,0,
send_message__unobservable_effect__r001,send_message,unobservable_effect,unobservable_effect,nominal_repeat,True,False,10,
send_message__unobservable_effect__r001,send_message,unobservable_effect,unobservable_effect,random_relational_fuzzing,True,False,10,
send_message__unobservable_effect__r001,send_message,unobservable_effect,unobservable_effect,cep,True,False,10,
send_message__unobservable_effect__r002,send_message,unobservable_effect,unobservable_effect,document_trust,True,False,0,
send_message__unobservable_effect__r002,send_message,unobservable_effect,unobservable_effect,nominal_repeat,True,False,10,
send_message__unobservable_effect__r002,send_message,unobservable_effect,unobservable_effect,random_relational_fuzzing,True,False,10,
send_message__unobservable_effect__r002,send_message,unobservable_effect,unobservable_effect,cep,True,False,10,
send_message__unobservable_effect__r003,send_message,unobservable_effect,unobservable_effect,document_trust,True,False,0,
send_message__unobservable_effect__r003,send_message,unobservable_effect,unobservable_effect,nominal_repeat,True,False,10,
send_message__unobservable_effect__r003,send_message,unobservable_effect,unobservable_effect,random_relational_fuzzing,True,False,10,
send_message__unobservable_effect__r003,send_message,unobservable_effect,unobservable_effect,cep,True,False,10,
send_message__unobservable_effect__r004,send_message,unobservable_effect,unobservable_effect,document_trust,True,False,0,
send_message__unobservable_effect__r004,send_message,unobservable_effect,unobservable_effect,nominal_repeat,True,False,10,
send_message__unobservable_effect__r004,send_message,unobservable_effect,unobservable_effect,random_relational_fuzzing,True,False,10,
send_message__unobservable_effect__r004,send_message,unobservable_effect,unobservable_effect,cep,True,False,10,
send_message__unobservable_effect__r005,send_message,unobservable_effect,unobservable_effect,document_trust,True,False,0,
send_message__unobservable_effect__r005,send_message,unobservable_effect,unobservable_effect,nominal_repeat,True,False,10,
send_message__unobservable_effect__r005,send_message,unobservable_effect,unobservable_effect,random_relational_fuzzing,True,False,10,
send_message__unobservable_effect__r005,send_message,unobservable_effect,unobservable_effect,cep,True,False,10,
send_message__unobservable_effect__r006,send_message,unobservable_effect,unobservable_effect,document_trust,True,False,0,
send_message__unobservable_effect__r006,send_message,unobservable_effect,unobservable_effect,nominal_repeat,True,False,10,
send_message__unobservable_effect__r006,send_message,unobservable_effect,unobservable_effect,random_relational_fuzzing,True,False,10,
send_message__unobservable_effect__r006,send_message,unobservable_effect,unobservable_effect,cep,True,False,10,
send_message__unobservable_effect__r007,send_message,unobservable_effect,unobservable_effect,document_trust,True,False,0,
send_message__unobservable_effect__r007,send_message,unobservable_effect,unobservable_effect,nominal_repeat,True,False,10,
send_message__unobservable_effect__r007,send_message,unobservable_effect,unobservable_effect,random_relational_fuzzing,True,False,10,
send_message__unobservable_effect__r007,send_message,unobservable_effect,unobservable_effect,cep,True,False,10,
send_message__unobservable_effect__r008,send_message,unobservable_effect,unobservable_effect,document_trust,True,False,0,
send_message__unobservable_effect__r008,send_message,unobservable_effect,unobservable_effect,nominal_repeat,True,False,10,
send_message__unobservable_effect__r008,send_message,unobservable_effect,unobservable_effect,random_relational_fuzzing,True,False,10,
send_message__unobservable_effect__r008,send_message,unobservable_effect,unobservable_effect,cep,True,False,10,
send_message__unobservable_effect__r009,send_message,unobservable_effect,unobservable_effect,document_trust,True,False,0,
send_message__unobservable_effect__r009,send_message,unobservable_effect,unobservable_effect,nominal_repeat,True,False,10,
send_message__unobservable_effect__r009,send_message,unobservable_effect,unobservable_effect,random_relational_fuzzing,True,False,10,
send_message__unobservable_effect__r009,send_message,unobservable_effect,unobservable_effect,cep,True,False,10,
send_message__unobservable_effect__r010,send_message,unobservable_effect,unobservable_effect,document_trust,True,False,0,
send_message__unobservable_effect__r010,send_message,unobservable_effect,unobservable_effect,nominal_repeat,True,False,10,
send_message__unobservable_effect__r010,send_message,unobservable_effect,unobservable_effect,random_relational_fuzzing,True,False,10,
send_message__unobservable_effect__r010,send_message,unobservable_effect,unobservable_effect,cep,True,False,10,
send_message__unobservable_effect__r011,send_message,unobservable_effect,unobservable_effect,document_trust,True,False,0,
send_message__unobservable_effect__r011,send_message,unobservable_effect,unobservable_effect,nominal_repeat,True,False,10,
send_message__unobservable_effect__r011,send_message,unobservable_effect,unobservable_effect,random_relational_fuzzing,True,False,10,
send_message__unobservable_effect__r011,send_message,unobservable_effect,unobservable_effect,cep,True,False,10,
send_message__unobservable_effect__r012,send_message,unobservable_effect,unobservable_effect,document_trust,True,False,0,
send_message__unobservable_effect__r012,send_message,unobservable_effect,unobservable_effect,nominal_repeat,True,False,10,
send_message__unobservable_effect__r012,send_message,unobservable_effect,unobservable_effect,random_relational_fuzzing,True,False,10,
send_message__unobservable_effect__r012,send_message,unobservable_effect,unobservable_effect,cep,True,False,10,
send_message__unobservable_effect__r013,send_message,unobservable_effect,unobservable_effect,document_trust,True,False,0,
send_message__unobservable_effect__r013,send_message,unobservable_effect,unobservable_effect,nominal_repeat,True,False,10,
send_message__unobservable_effect__r013,send_message,unobservable_effect,unobservable_effect,random_relational_fuzzing,True,False,10,
send_message__unobservable_effect__r013,send_message,unobservable_effect,unobservable_effect,cep,True,False,10,
send_message__unobservable_effect__r014,send_message,unobservable_effect,unobservable_effect,document_trust,True,False,0,
send_message__unobservable_effect__r014,send_message,unobservable_effect,unobservable_effect,nominal_repeat,True,False,10,
send_message__unobservable_effect__r014,send_message,unobservable_effect,unobservable_effect,random_relational_fuzzing,True,False,10,
send_message__unobservable_effect__r014,send_message,unobservable_effect,unobservable_effect,cep,True,False,10,
send_message__unobservable_effect__r015,send_message,unobservable_effect,unobservable_effect,document_trust,True,False,0,
send_message__unobservable_effect__r015,send_message,unobservable_effect,unobservable_effect,nominal_repeat,True,False,10,
send_message__unobservable_effect__r015,send_message,unobservable_effect,unobservable_effect,random_relational_fuzzing,True,False,10,
send_message__unobservable_effect__r015,send_message,unobservable_effect,unobservable_effect,cep,True,False,10,
send_message__unobservable_effect__r016,send_message,unobservable_effect,unobservable_effect,document_trust,True,False,0,
send_message__unobservable_effect__r016,send_message,unobservable_effect,unobservable_effect,nominal_repeat,True,False,10,
send_message__unobservable_effect__r016,send_message,unobservable_effect,unobservable_effect,random_relational_fuzzing,True,False,10,
send_message__unobservable_effect__r016,send_message,unobservable_effect,unobservable_effect,cep,True,False,10,
send_message__unobservable_effect__r017,send_message,unobservable_effect,unobservable_effect,document_trust,True,False,0,
send_message__unobservable_effect__r017,send_message,unobservable_effect,unobservable_effect,nominal_repeat,True,False,10,
send_message__unobservable_effect__r017,send_message,unobservable_effect,unobservable_effect,random_relational_fuzzing,True,False,10,
send_message__unobservable_effect__r017,send_message,unobservable_effect,unobservable_effect,cep,True,False,10,
send_message__unobservable_effect__r018,send_message,unobservable_effect,unobservable_effect,document_trust,True,False,0,
send_message__unobservable_effect__r018,send_message,unobservable_effect,unobservable_effect,nominal_repeat,True,False,10,
send_message__unobservable_effect__r018,send_message,unobservable_effect,unobservable_effect,random_relational_fuzzing,True,False,10,
send_message__unobservable_effect__r018,send_message,unobservable_effect,unobservable_effect,cep,True,False,10,
send_message__unobservable_effect__r019,send_message,unobservable_effect,unobservable_effect,document_trust,True,False,0,
send_message__unobservable_effect__r019,send_message,unobservable_effect,unobservable_effect,nominal_repeat,True,False,10,
send_message__unobservable_effect__r019,send_message,unobservable_effect,unobservable_effect,random_relational_fuzzing,True,False,10,
send_message__unobservable_effect__r019,send_message,unobservable_effect,unobservable_effect,cep,True,False,10,
delete_item__clean__r000,delete_item,clean,clean,document_trust,False,False,0,
delete_item__clean__r000,delete_item,clean,clean,nominal_repeat,False,False,10,
delete_item__clean__r000,delete_item,clean,clean,random_relational_fuzzing,False,False,10,
delete_item__clean__r000,delete_item,clean,clean,cep,False,False,10,
delete_item__clean__r001,delete_item,clean,clean,document_trust,False,False,0,
delete_item__clean__r001,delete_item,clean,clean,nominal_repeat,False,False,10,
delete_item__clean__r001,delete_item,clean,clean,random_relational_fuzzing,False,False,10,
delete_item__clean__r001,delete_item,clean,clean,cep,False,False,10,
delete_item__clean__r002,delete_item,clean,clean,document_trust,False,False,0,
delete_item__clean__r002,delete_item,clean,clean,nominal_repeat,False,False,10,
delete_item__clean__r002,delete_item,clean,clean,random_relational_fuzzing,False,False,10,
delete_item__clean__r002,delete_item,clean,clean,cep,False,False,10,
delete_item__clean__r003,delete_item,clean,clean,document_trust,False,False,0,
delete_item__clean__r003,delete_item,clean,clean,nominal_repeat,False,False,10,
delete_item__clean__r003,delete_item,clean,clean,random_relational_fuzzing,False,False,10,
delete_item__clean__r003,delete_item,clean,clean,cep,False,False,10,
delete_item__clean__r004,delete_item,clean,clean,document_trust,False,False,0,
delete_item__clean__r004,delete_item,clean,clean,nominal_repeat,False,False,10,
delete_item__clean__r004,delete_item,clean,clean,random_relational_fuzzing,False,False,10,
delete_item__clean__r004,delete_item,clean,clean,cep,False,False,10,
delete_item__clean__r005,delete_item,clean,clean,document_trust,False,False,0,
delete_item__clean__r005,delete_item,clean,clean,nominal_repeat,False,False,10,
delete_item__clean__r005,delete_item,clean,clean,random_relational_fuzzing,False,False,10,
delete_item__clean__r005,delete_item,clean,clean,cep,False,False,10,
delete_item__clean__r006,delete_item,clean,clean,document_trust,False,False,0,
delete_item__clean__r006,delete_item,clean,clean,nominal_repeat,False,False,10,
delete_item__clean__r006,delete_item,clean,clean,random_relational_fuzzing,False,False,10,
delete_item__clean__r006,delete_item,clean,clean,cep,False,False,10,
delete_item__clean__r007,delete_item,clean,clean,document_trust,False,False,0,
delete_item__clean__r007,delete_item,clean,clean,nominal_repeat,False,False,10,
delete_item__clean__r007,delete_item,clean,clean,random_relational_fuzzing,False,False,10,
delete_item__clean__r007,delete_item,clean,clean,cep,False,False,10,
delete_item__clean__r008,delete_item,clean,clean,document_trust,False,False,0,
delete_item__clean__r008,delete_item,clean,clean,nominal_repeat,False,False,10,
delete_item__clean__r008,delete_item,clean,clean,random_relational_fuzzing,False,False,10,
delete_item__clean__r008,delete_item,clean,clean,cep,False,False,10,
delete_item__clean__r009,delete_item,clean,clean,document_trust,False,False,0,
delete_item__clean__r009,delete_item,clean,clean,nominal_repeat,False,False,10,
delete_item__clean__r009,delete_item,clean,clean,random_relational_fuzzing,False,False,10,
delete_item__clean__r009,delete_item,clean,clean,cep,False,False,10,
delete_item__clean__r010,delete_item,clean,clean,document_trust,False,False,0,
delete_item__clean__r010,delete_item,clean,clean,nominal_repeat,False,False,10,
delete_item__clean__r010,delete_item,clean,clean,random_relational_fuzzing,False,False,10,
delete_item__clean__r010,delete_item,clean,clean,cep,False,False,10,
delete_item__clean__r011,delete_item,clean,clean,document_trust,False,False,0,
delete_item__clean__r011,delete_item,clean,clean,nominal_repeat,False,False,10,
delete_item__clean__r011,delete_item,clean,clean,random_relational_fuzzing,False,False,10,
delete_item__clean__r011,delete_item,clean,clean,cep,False,False,10,
delete_item__clean__r012,delete_item,clean,clean,document_trust,False,False,0,
delete_item__clean__r012,delete_item,clean,clean,nominal_repeat,False,False,10,
delete_item__clean__r012,delete_item,clean,clean,random_relational_fuzzing,False,False,10,
delete_item__clean__r012,delete_item,clean,clean,cep,False,False,10,
delete_item__clean__r013,delete_item,clean,clean,document_trust,False,False,0,
delete_item__clean__r013,delete_item,clean,clean,nominal_repeat,False,False,10,
delete_item__clean__r013,delete_item,clean,clean,random_relational_fuzzing,False,False,10,
delete_item__clean__r013,delete_item,clean,clean,cep,False,False,10,
delete_item__clean__r014,delete_item,clean,clean,document_trust,False,False,0,
delete_item__clean__r014,delete_item,clean,clean,nominal_repeat,False,False,10,
delete_item__clean__r014,delete_item,clean,clean,random_relational_fuzzing,False,False,10,
delete_item__clean__r014,delete_item,clean,clean,cep,False,False,10,
delete_item__clean__r015,delete_item,clean,clean,document_trust,False,False,0,
delete_item__clean__r015,delete_item,clean,clean,nominal_repeat,False,False,10,
delete_item__clean__r015,delete_item,clean,clean,random_relational_fuzzing,False,False,10,
delete_item__clean__r015,delete_item,clean,clean,cep,False,False,10,
delete_item__clean__r016,delete_item,clean,clean,document_trust,False,False,0,
delete_item__clean__r016,delete_item,clean,clean,nominal_repeat,False,False,10,
delete_item__clean__r016,delete_item,clean,clean,random_relational_fuzzing,False,False,10,
delete_item__clean__r016,delete_item,clean,clean,cep,False,False,10,
delete_item__clean__r017,delete_item,clean,clean,document_trust,False,False,0,
delete_item__clean__r017,delete_item,clean,clean,nominal_repeat,False,False,10,
delete_item__clean__r017,delete_item,clean,clean,random_relational_fuzzing,False,False,10,
delete_item__clean__r017,delete_item,clean,clean,cep,False,False,10,
delete_item__clean__r018,delete_item,clean,clean,document_trust,False,False,0,
delete_item__clean__r018,delete_item,clean,clean,nominal_repeat,False,False,10,
delete_item__clean__r018,delete_item,clean,clean,random_relational_fuzzing,False,False,10,
delete_item__clean__r018,delete_item,clean,clean,cep,False,False,10,
delete_item__clean__r019,delete_item,clean,clean,document_trust,False,False,0,
delete_item__clean__r019,delete_item,clean,clean,nominal_repeat,False,False,10,
delete_item__clean__r019,delete_item,clean,clean,random_relational_fuzzing,False,False,10,
delete_item__clean__r019,delete_item,clean,clean,cep,False,False,10,
delete_item__fixed_target__r000,delete_item,fixed_target,single_factor_observable,document_trust,True,False,0,
delete_item__fixed_target__r000,delete_item,fixed_target,single_factor_observable,nominal_repeat,True,False,10,
delete_item__fixed_target__r000,delete_item,fixed_target,single_factor_observable,random_relational_fuzzing,True,False,10,
delete_item__fixed_target__r000,delete_item,fixed_target,single_factor_observable,cep,True,True,10,"target_nonresponsiveness:target_edge_1,target_edge_2"
delete_item__fixed_target__r001,delete_item,fixed_target,single_factor_observable,document_trust,True,False,0,
delete_item__fixed_target__r001,delete_item,fixed_target,single_factor_observable,nominal_repeat,True,False,10,
delete_item__fixed_target__r001,delete_item,fixed_target,single_factor_observable,random_relational_fuzzing,True,False,10,
delete_item__fixed_target__r001,delete_item,fixed_target,single_factor_observable,cep,True,True,10,"target_nonresponsiveness:target_edge_1,target_edge_2"
delete_item__fixed_target__r002,delete_item,fixed_target,single_factor_observable,document_trust,True,False,0,
delete_item__fixed_target__r002,delete_item,fixed_target,single_factor_observable,nominal_repeat,True,False,10,
delete_item__fixed_target__r002,delete_item,fixed_target,single_factor_observable,random_relational_fuzzing,True,False,10,
delete_item__fixed_target__r002,delete_item,fixed_target,single_factor_observable,cep,True,True,10,"target_nonresponsiveness:target_edge_1,target_edge_2"
delete_item__fixed_target__r003,delete_item,fixed_target,single_factor_observable,document_trust,True,False,0,
delete_item__fixed_target__r003,delete_item,fixed_target,single_factor_observable,nominal_repeat,True,False,10,
delete_item__fixed_target__r003,delete_item,fixed_target,single_factor_observable,random_relational_fuzzing,True,False,10,
delete_item__fixed_target__r003,delete_item,fixed_target,single_factor_observable,cep,True,True,10,"target_nonresponsiveness:target_edge_1,target_edge_2"
delete_item__fixed_target__r004,delete_item,fixed_target,single_factor_observable,document_trust,True,False,0,
delete_item__fixed_target__r004,delete_item,fixed_target,single_factor_observable,nominal_repeat,True,False,10,
delete_item__fixed_target__r004,delete_item,fixed_target,single_factor_observable,random_relational_fuzzing,True,False,10,
delete_item__fixed_target__r004,delete_item,fixed_target,single_factor_observable,cep,True,True,10,"target_nonresponsiveness:target_edge_1,target_edge_2"
delete_item__fixed_target__r005,delete_item,fixed_target,single_factor_observable,document_trust,True,False,0,
delete_item__fixed_target__r005,delete_item,fixed_target,single_factor_observable,nominal_repeat,True,False,10,
delete_item__fixed_target__r005,delete_item,fixed_target,single_factor_observable,random_relational_fuzzing,True,False,10,
delete_item__fixed_target__r005,delete_item,fixed_target,single_factor_observable,cep,True,True,10,"target_nonresponsiveness:target_edge_1,target_edge_2"
delete_item__fixed_target__r006,delete_item,fixed_target,single_factor_observable,document_trust,True,False,0,
delete_item__fixed_target__r006,delete_item,fixed_target,single_factor_observable,nominal_repeat,True,False,10,
delete_item__fixed_target__r006,delete_item,fixed_target,single_factor_observable,random_relational_fuzzing,True,False,10,
delete_item__fixed_target__r006,delete_item,fixed_target,single_factor_observable,cep,True,True,10,"target_nonresponsiveness:target_edge_1,target_edge_2"
delete_item__fixed_target__r007,delete_item,fixed_target,single_factor_observable,document_trust,True,False,0,
delete_item__fixed_target__r007,delete_item,fixed_target,single_factor_observable,nominal_repeat,True,False,10,
delete_item__fixed_target__r007,delete_item,fixed_target,single_factor_observable,random_relational_fuzzing,True,False,10,
delete_item__fixed_target__r007,delete_item,fixed_target,single_factor_observable,cep,True,True,10,"target_nonresponsiveness:target_edge_1,target_edge_2"
delete_item__fixed_target__r008,delete_item,fixed_target,single_factor_observable,document_trust,True,False,0,
delete_item__fixed_target__r008,delete_item,fixed_target,single_factor_observable,nominal_repeat,True,False,10,
delete_item__fixed_target__r008,delete_item,fixed_target,single_factor_observable,random_relational_fuzzing,True,False,10,
delete_item__fixed_target__r008,delete_item,fixed_target,single_factor_observable,cep,True,True,10,"target_nonresponsiveness:target_edge_1,target_edge_2"
delete_item__fixed_target__r009,delete_item,fixed_target,single_factor_observable,document_trust,True,False,0,
delete_item__fixed_target__r009,delete_item,fixed_target,single_factor_observable,nominal_repeat,True,False,10,
delete_item__fixed_target__r009,delete_item,fixed_target,single_factor_observable,random_relational_fuzzing,True,False,10,
delete_item__fixed_target__r009,delete_item,fixed_target,single_factor_observable,cep,True,True,10,"target_nonresponsiveness:target_edge_1,target_edge_2"
delete_item__fixed_target__r010,delete_item,fixed_target,single_factor_observable,document_trust,True,False,0,
delete_item__fixed_target__r010,delete_item,fixed_target,single_factor_observable,nominal_repeat,True,False,10,
delete_item__fixed_target__r010,delete_item,fixed_target,single_factor_observable,random_relational_fuzzing,True,False,10,
delete_item__fixed_target__r010,delete_item,fixed_target,single_factor_observable,cep,True,True,10,"target_nonresponsiveness:target_edge_1,target_edge_2"
delete_item__fixed_target__r011,delete_item,fixed_target,single_factor_observable,document_trust,True,False,0,
delete_item__fixed_target__r011,delete_item,fixed_target,single_factor_observable,nominal_repeat,True,False,10,
delete_item__fixed_target__r011,delete_item,fixed_target,single_factor_observable,random_relational_fuzzing,True,False,10,
delete_item__fixed_target__r011,delete_item,fixed_target,single_factor_observable,cep,True,True,10,"target_nonresponsiveness:target_edge_1,target_edge_2"
delete_item__fixed_target__r012,delete_item,fixed_target,single_factor_observable,document_trust,True,False,0,
delete_item__fixed_target__r012,delete_item,fixed_target,single_factor_observable,nominal_repeat,True,False,10,
delete_item__fixed_target__r012,delete_item,fixed_target,single_factor_observable,random_relational_fuzzing,True,False,10,
delete_item__fixed_target__r012,delete_item,fixed_target,single_factor_observable,cep,True,True,10,"target_nonresponsiveness:target_edge_1,target_edge_2"
delete_item__fixed_target__r013,delete_item,fixed_target,single_factor_observable,document_trust,True,False,0,
delete_item__fixed_target__r013,delete_item,fixed_target,single_factor_observable,nominal_repeat,True,False,10,
delete_item__fixed_target__r013,delete_item,fixed_target,single_factor_observable,random_relational_fuzzing,True,True,10,"target_nonresponsiveness:random_2,random_7"
delete_item__fixed_target__r013,delete_item,fixed_target,single_factor_observable,cep,True,True,10,"target_nonresponsiveness:target_edge_1,target_edge_2"
delete_item__fixed_target__r014,delete_item,fixed_target,single_factor_observable,document_trust,True,False,0,
delete_item__fixed_target__r014,delete_item,fixed_target,single_factor_observable,nominal_repeat,True,False,10,
delete_item__fixed_target__r014,delete_item,fixed_target,single_factor_observable,random_relational_fuzzing,True,False,10,
delete_item__fixed_target__r014,delete_item,fixed_target,single_factor_observable,cep,True,True,10,"target_nonresponsiveness:target_edge_1,target_edge_2"
delete_item__fixed_target__r015,delete_item,fixed_target,single_factor_observable,document_trust,True,False,0,
delete_item__fixed_target__r015,delete_item,fixed_target,single_factor_observable,nominal_repeat,True,False,10,
delete_item__fixed_target__r015,delete_item,fixed_target,single_factor_observable,random_relational_fuzzing,True,False,10,
delete_item__fixed_target__r015,delete_item,fixed_target,single_factor_observable,cep,True,True,10,"target_nonresponsiveness:target_edge_1,target_edge_2"
delete_item__fixed_target__r016,delete_item,fixed_target,single_factor_observable,document_trust,True,False,0,
delete_item__fixed_target__r016,delete_item,fixed_target,single_factor_observable,nominal_repeat,True,False,10,
delete_item__fixed_target__r016,delete_item,fixed_target,single_factor_observable,random_relational_fuzzing,True,False,10,
delete_item__fixed_target__r016,delete_item,fixed_target,single_factor_observable,cep,True,True,10,"target_nonresponsiveness:target_edge_1,target_edge_2"
delete_item__fixed_target__r017,delete_item,fixed_target,single_factor_observable,document_trust,True,False,0,
delete_item__fixed_target__r017,delete_item,fixed_target,single_factor_observable,nominal_repeat,True,False,10,
delete_item__fixed_target__r017,delete_item,fixed_target,single_factor_observable,random_relational_fuzzing,True,False,10,
delete_item__fixed_target__r017,delete_item,fixed_target,single_factor_observable,cep,True,True,10,"target_nonresponsiveness:target_edge_1,target_edge_2"
delete_item__fixed_target__r018,delete_item,fixed_target,single_factor_observable,document_trust,True,False,0,
delete_item__fixed_target__r018,delete_item,fixed_target,single_factor_observable,nominal_repeat,True,False,10,
delete_item__fixed_target__r018,delete_item,fixed_target,single_factor_observable,random_relational_fuzzing,True,False,10,
delete_item__fixed_target__r018,delete_item,fixed_target,single_factor_observable,cep,True,True,10,"target_nonresponsiveness:target_edge_1,target_edge_2"
delete_item__fixed_target__r019,delete_item,fixed_target,single_factor_observable,document_trust,True,False,0,
delete_item__fixed_target__r019,delete_item,fixed_target,single_factor_observable,nominal_repeat,True,False,10,
delete_item__fixed_target__r019,delete_item,fixed_target,single_factor_observable,random_relational_fuzzing,True,True,10,"target_nonresponsiveness:random_2,random_3"
delete_item__fixed_target__r019,delete_item,fixed_target,single_factor_observable,cep,True,True,10,"target_nonresponsiveness:target_edge_1,target_edge_2"
delete_item__sensitive_exfil__r000,delete_item,sensitive_exfil,single_factor_observable,document_trust,True,False,0,
delete_item__sensitive_exfil__r000,delete_item,sensitive_exfil,single_factor_observable,nominal_repeat,True,False,10,
delete_item__sensitive_exfil__r000,delete_item,sensitive_exfil,single_factor_observable,random_relational_fuzzing,True,True,10,random_3:effect_count=2|random_9:effect_count=2
delete_item__sensitive_exfil__r000,delete_item,sensitive_exfil,single_factor_observable,cep,True,True,10,sensitive_1:effect_count=2|sensitive_2:effect_count=2
delete_item__sensitive_exfil__r001,delete_item,sensitive_exfil,single_factor_observable,document_trust,True,False,0,
delete_item__sensitive_exfil__r001,delete_item,sensitive_exfil,single_factor_observable,nominal_repeat,True,False,10,
delete_item__sensitive_exfil__r001,delete_item,sensitive_exfil,single_factor_observable,random_relational_fuzzing,True,True,10,random_0:effect_count=2|random_1:effect_count=2|random_3:effect_count=2|random_5:effect_count=2
delete_item__sensitive_exfil__r001,delete_item,sensitive_exfil,single_factor_observable,cep,True,True,10,sensitive_1:effect_count=2|sensitive_2:effect_count=2
delete_item__sensitive_exfil__r002,delete_item,sensitive_exfil,single_factor_observable,document_trust,True,False,0,
delete_item__sensitive_exfil__r002,delete_item,sensitive_exfil,single_factor_observable,nominal_repeat,True,False,10,
delete_item__sensitive_exfil__r002,delete_item,sensitive_exfil,single_factor_observable,random_relational_fuzzing,True,True,10,random_2:effect_count=2|random_6:effect_count=2|random_9:effect_count=2
delete_item__sensitive_exfil__r002,delete_item,sensitive_exfil,single_factor_observable,cep,True,True,10,sensitive_1:effect_count=2|sensitive_2:effect_count=2
delete_item__sensitive_exfil__r003,delete_item,sensitive_exfil,single_factor_observable,document_trust,True,False,0,
delete_item__sensitive_exfil__r003,delete_item,sensitive_exfil,single_factor_observable,nominal_repeat,True,False,10,
delete_item__sensitive_exfil__r003,delete_item,sensitive_exfil,single_factor_observable,random_relational_fuzzing,True,True,10,random_3:effect_count=2|random_5:effect_count=2|random_6:effect_count=2
delete_item__sensitive_exfil__r003,delete_item,sensitive_exfil,single_factor_observable,cep,True,True,10,sensitive_1:effect_count=2|sensitive_2:effect_count=2
delete_item__sensitive_exfil__r004,delete_item,sensitive_exfil,single_factor_observable,document_trust,True,False,0,
delete_item__sensitive_exfil__r004,delete_item,sensitive_exfil,single_factor_observable,nominal_repeat,True,False,10,
delete_item__sensitive_exfil__r004,delete_item,sensitive_exfil,single_factor_observable,random_relational_fuzzing,True,True,10,random_5:effect_count=2
delete_item__sensitive_exfil__r004,delete_item,sensitive_exfil,single_factor_observable,cep,True,True,10,sensitive_1:effect_count=2|sensitive_2:effect_count=2
delete_item__sensitive_exfil__r005,delete_item,sensitive_exfil,single_factor_observable,document_trust,True,False,0,
delete_item__sensitive_exfil__r005,delete_item,sensitive_exfil,single_factor_observable,nominal_repeat,True,False,10,
delete_item__sensitive_exfil__r005,delete_item,sensitive_exfil,single_factor_observable,random_relational_fuzzing,True,True,10,random_7:effect_count=2
delete_item__sensitive_exfil__r005,delete_item,sensitive_exfil,single_factor_observable,cep,True,True,10,sensitive_1:effect_count=2|sensitive_2:effect_count=2
delete_item__sensitive_exfil__r006,delete_item,sensitive_exfil,single_factor_observable,document_trust,True,False,0,
delete_item__sensitive_exfil__r006,delete_item,sensitive_exfil,single_factor_observable,nominal_repeat,True,False,10,
delete_item__sensitive_exfil__r006,delete_item,sensitive_exfil,single_factor_observable,random_relational_fuzzing,True,True,10,random_2:effect_count=2|random_7:effect_count=2
delete_item__sensitive_exfil__r006,delete_item,sensitive_exfil,single_factor_observable,cep,True,True,10,sensitive_1:effect_count=2|sensitive_2:effect_count=2
delete_item__sensitive_exfil__r007,delete_item,sensitive_exfil,single_factor_observable,document_trust,True,False,0,
delete_item__sensitive_exfil__r007,delete_item,sensitive_exfil,single_factor_observable,nominal_repeat,True,False,10,
delete_item__sensitive_exfil__r007,delete_item,sensitive_exfil,single_factor_observable,random_relational_fuzzing,True,True,10,random_2:effect_count=2|random_5:effect_count=2|random_9:effect_count=2
delete_item__sensitive_exfil__r007,delete_item,sensitive_exfil,single_factor_observable,cep,True,True,10,sensitive_1:effect_count=2|sensitive_2:effect_count=2
delete_item__sensitive_exfil__r008,delete_item,sensitive_exfil,single_factor_observable,document_trust,True,False,0,
delete_item__sensitive_exfil__r008,delete_item,sensitive_exfil,single_factor_observable,nominal_repeat,True,False,10,
delete_item__sensitive_exfil__r008,delete_item,sensitive_exfil,single_factor_observable,random_relational_fuzzing,True,False,10,
delete_item__sensitive_exfil__r008,delete_item,sensitive_exfil,single_factor_observable,cep,True,True,10,sensitive_1:effect_count=2|sensitive_2:effect_count=2
delete_item__sensitive_exfil__r009,delete_item,sensitive_exfil,single_factor_observable,document_trust,True,False,0,
delete_item__sensitive_exfil__r009,delete_item,sensitive_exfil,single_factor_observable,nominal_repeat,True,False,10,
delete_item__sensitive_exfil__r009,delete_item,sensitive_exfil,single_factor_observable,random_relational_fuzzing,True,False,10,
delete_item__sensitive_exfil__r009,delete_item,sensitive_exfil,single_factor_observable,cep,True,True,10,sensitive_1:effect_count=2|sensitive_2:effect_count=2
delete_item__sensitive_exfil__r010,delete_item,sensitive_exfil,single_factor_observable,document_trust,True,False,0,
delete_item__sensitive_exfil__r010,delete_item,sensitive_exfil,single_factor_observable,nominal_repeat,True,False,10,
delete_item__sensitive_exfil__r010,delete_item,sensitive_exfil,single_factor_observable,random_relational_fuzzing,True,True,10,random_1:effect_count=2|random_7:effect_count=2
delete_item__sensitive_exfil__r010,delete_item,sensitive_exfil,single_factor_observable,cep,True,True,10,sensitive_1:effect_count=2|sensitive_2:effect_count=2
delete_item__sensitive_exfil__r011,delete_item,sensitive_exfil,single_factor_observable,document_trust,True,False,0,
delete_item__sensitive_exfil__r011,delete_item,sensitive_exfil,single_factor_observable,nominal_repeat,True,False,10,
delete_item__sensitive_exfil__r011,delete_item,sensitive_exfil,single_factor_observable,random_relational_fuzzing,True,True,10,random_4:effect_count=2|random_7:effect_count=2
delete_item__sensitive_exfil__r011,delete_item,sensitive_exfil,single_factor_observable,cep,True,True,10,sensitive_1:effect_count=2|sensitive_2:effect_count=2
delete_item__sensitive_exfil__r012,delete_item,sensitive_exfil,single_factor_observable,document_trust,True,False,0,
delete_item__sensitive_exfil__r012,delete_item,sensitive_exfil,single_factor_observable,nominal_repeat,True,False,10,
delete_item__sensitive_exfil__r012,delete_item,sensitive_exfil,single_factor_observable,random_relational_fuzzing,True,True,10,random_4:effect_count=2
delete_item__sensitive_exfil__r012,delete_item,sensitive_exfil,single_factor_observable,cep,True,True,10,sensitive_1:effect_count=2|sensitive_2:effect_count=2
delete_item__sensitive_exfil__r013,delete_item,sensitive_exfil,single_factor_observable,document_trust,True,False,0,
delete_item__sensitive_exfil__r013,delete_item,sensitive_exfil,single_factor_observable,nominal_repeat,True,False,10,
delete_item__sensitive_exfil__r013,delete_item,sensitive_exfil,single_factor_observable,random_relational_fuzzing,True,True,10,random_3:effect_count=2|random_4:effect_count=2|random_6:effect_count=2
delete_item__sensitive_exfil__r013,delete_item,sensitive_exfil,single_factor_observable,cep,True,True,10,sensitive_1:effect_count=2|sensitive_2:effect_count=2
delete_item__sensitive_exfil__r014,delete_item,sensitive_exfil,single_factor_observable,document_trust,True,False,0,
delete_item__sensitive_exfil__r014,delete_item,sensitive_exfil,single_factor_observable,nominal_repeat,True,False,10,
delete_item__sensitive_exfil__r014,delete_item,sensitive_exfil,single_factor_observable,random_relational_fuzzing,True,False,10,
delete_item__sensitive_exfil__r014,delete_item,sensitive_exfil,single_factor_observable,cep,True,True,10,sensitive_1:effect_count=2|sensitive_2:effect_count=2
delete_item__sensitive_exfil__r015,delete_item,sensitive_exfil,single_factor_observable,document_trust,True,False,0,
delete_item__sensitive_exfil__r015,delete_item,sensitive_exfil,single_factor_observable,nominal_repeat,True,False,10,
delete_item__sensitive_exfil__r015,delete_item,sensitive_exfil,single_factor_observable,random_relational_fuzzing,True,True,10,random_1:effect_count=2
delete_item__sensitive_exfil__r015,delete_item,sensitive_exfil,single_factor_observable,cep,True,True,10,sensitive_1:effect_count=2|sensitive_2:effect_count=2
delete_item__sensitive_exfil__r016,delete_item,sensitive_exfil,single_factor_observable,document_trust,True,False,0,
delete_item__sensitive_exfil__r016,delete_item,sensitive_exfil,single_factor_observable,nominal_repeat,True,False,10,
delete_item__sensitive_exfil__r016,delete_item,sensitive_exfil,single_factor_observable,random_relational_fuzzing,True,True,10,random_5:effect_count=2|random_7:effect_count=2
delete_item__sensitive_exfil__r016,delete_item,sensitive_exfil,single_factor_observable,cep,True,True,10,sensitive_1:effect_count=2|sensitive_2:effect_count=2
delete_item__sensitive_exfil__r017,delete_item,sensitive_exfil,single_factor_observable,document_trust,True,False,0,
delete_item__sensitive_exfil__r017,delete_item,sensitive_exfil,single_factor_observable,nominal_repeat,True,False,10,
delete_item__sensitive_exfil__r017,delete_item,sensitive_exfil,single_factor_observable,random_relational_fuzzing,True,True,10,random_7:effect_count=2
delete_item__sensitive_exfil__r017,delete_item,sensitive_exfil,single_factor_observable,cep,True,True,10,sensitive_1:effect_count=2|sensitive_2:effect_count=2
delete_item__sensitive_exfil__r018,delete_item,sensitive_exfil,single_factor_observable,document_trust,True,False,0,
delete_item__sensitive_exfil__r018,delete_item,sensitive_exfil,single_factor_observable,nominal_repeat,True,False,10,
delete_item__sensitive_exfil__r018,delete_item,sensitive_exfil,single_factor_observable,random_relational_fuzzing,True,True,10,random_1:effect_count=2|random_2:effect_count=2
delete_item__sensitive_exfil__r018,delete_item,sensitive_exfil,single_factor_observable,cep,True,True,10,sensitive_1:effect_count=2|sensitive_2:effect_count=2
delete_item__sensitive_exfil__r019,delete_item,sensitive_exfil,single_factor_observable,document_trust,True,False,0,
delete_item__sensitive_exfil__r019,delete_item,sensitive_exfil,single_factor_observable,nominal_repeat,True,False,10,
delete_item__sensitive_exfil__r019,delete_item,sensitive_exfil,single_factor_observable,random_relational_fuzzing,True,True,10,random_7:effect_count=2
delete_item__sensitive_exfil__r019,delete_item,sensitive_exfil,single_factor_observable,cep,True,True,10,sensitive_1:effect_count=2|sensitive_2:effect_count=2
delete_item__ambient_neighbor__r000,delete_item,ambient_neighbor,single_factor_observable,document_trust,True,False,0,
delete_item__ambient_neighbor__r000,delete_item,ambient_neighbor,single_factor_observable,nominal_repeat,True,False,10,
delete_item__ambient_neighbor__r000,delete_item,ambient_neighbor,single_factor_observable,random_relational_fuzzing,True,True,10,random_9:effect_count=2
delete_item__ambient_neighbor__r000,delete_item,ambient_neighbor,single_factor_observable,cep,True,True,10,neighbor:effect_count=2
delete_item__ambient_neighbor__r001,delete_item,ambient_neighbor,single_factor_observable,document_trust,True,False,0,
delete_item__ambient_neighbor__r001,delete_item,ambient_neighbor,single_factor_observable,nominal_repeat,True,False,10,
delete_item__ambient_neighbor__r001,delete_item,ambient_neighbor,single_factor_observable,random_relational_fuzzing,True,False,10,
delete_item__ambient_neighbor__r001,delete_item,ambient_neighbor,single_factor_observable,cep,True,True,10,neighbor:effect_count=2
delete_item__ambient_neighbor__r002,delete_item,ambient_neighbor,single_factor_observable,document_trust,True,False,0,
delete_item__ambient_neighbor__r002,delete_item,ambient_neighbor,single_factor_observable,nominal_repeat,True,False,10,
delete_item__ambient_neighbor__r002,delete_item,ambient_neighbor,single_factor_observable,random_relational_fuzzing,True,True,10,random_8:effect_count=2
delete_item__ambient_neighbor__r002,delete_item,ambient_neighbor,single_factor_observable,cep,True,True,10,neighbor:effect_count=2
delete_item__ambient_neighbor__r003,delete_item,ambient_neighbor,single_factor_observable,document_trust,True,False,0,
delete_item__ambient_neighbor__r003,delete_item,ambient_neighbor,single_factor_observable,nominal_repeat,True,False,10,
delete_item__ambient_neighbor__r003,delete_item,ambient_neighbor,single_factor_observable,random_relational_fuzzing,True,True,10,random_1:effect_count=2|random_4:effect_count=2|random_7:effect_count=2|random_8:effect_count=2
delete_item__ambient_neighbor__r003,delete_item,ambient_neighbor,single_factor_observable,cep,True,True,10,neighbor:effect_count=2
delete_item__ambient_neighbor__r004,delete_item,ambient_neighbor,single_factor_observable,document_trust,True,False,0,
delete_item__ambient_neighbor__r004,delete_item,ambient_neighbor,single_factor_observable,nominal_repeat,True,False,10,
delete_item__ambient_neighbor__r004,delete_item,ambient_neighbor,single_factor_observable,random_relational_fuzzing,True,True,10,random_4:effect_count=2|random_5:effect_count=2
delete_item__ambient_neighbor__r004,delete_item,ambient_neighbor,single_factor_observable,cep,True,True,10,neighbor:effect_count=2
delete_item__ambient_neighbor__r005,delete_item,ambient_neighbor,single_factor_observable,document_trust,True,False,0,
delete_item__ambient_neighbor__r005,delete_item,ambient_neighbor,single_factor_observable,nominal_repeat,True,False,10,
delete_item__ambient_neighbor__r005,delete_item,ambient_neighbor,single_factor_observable,random_relational_fuzzing,True,True,10,random_6:effect_count=2|random_9:effect_count=2
delete_item__ambient_neighbor__r005,delete_item,ambient_neighbor,single_factor_observable,cep,True,True,10,neighbor:effect_count=2
delete_item__ambient_neighbor__r006,delete_item,ambient_neighbor,single_factor_observable,document_trust,True,False,0,
delete_item__ambient_neighbor__r006,delete_item,ambient_neighbor,single_factor_observable,nominal_repeat,True,False,10,
delete_item__ambient_neighbor__r006,delete_item,ambient_neighbor,single_factor_observable,random_relational_fuzzing,True,True,10,random_8:effect_count=2
delete_item__ambient_neighbor__r006,delete_item,ambient_neighbor,single_factor_observable,cep,True,True,10,neighbor:effect_count=2
delete_item__ambient_neighbor__r007,delete_item,ambient_neighbor,single_factor_observable,document_trust,True,False,0,
delete_item__ambient_neighbor__r007,delete_item,ambient_neighbor,single_factor_observable,nominal_repeat,True,False,10,
delete_item__ambient_neighbor__r007,delete_item,ambient_neighbor,single_factor_observable,random_relational_fuzzing,True,True,10,random_7:effect_count=2|random_8:effect_count=2
delete_item__ambient_neighbor__r007,delete_item,ambient_neighbor,single_factor_observable,cep,True,True,10,neighbor:effect_count=2
delete_item__ambient_neighbor__r008,delete_item,ambient_neighbor,single_factor_observable,document_trust,True,False,0,
delete_item__ambient_neighbor__r008,delete_item,ambient_neighbor,single_factor_observable,nominal_repeat,True,False,10,
delete_item__ambient_neighbor__r008,delete_item,ambient_neighbor,single_factor_observable,random_relational_fuzzing,True,True,10,random_6:effect_count=2
delete_item__ambient_neighbor__r008,delete_item,ambient_neighbor,single_factor_observable,cep,True,True,10,neighbor:effect_count=2
delete_item__ambient_neighbor__r009,delete_item,ambient_neighbor,single_factor_observable,document_trust,True,False,0,
delete_item__ambient_neighbor__r009,delete_item,ambient_neighbor,single_factor_observable,nominal_repeat,True,False,10,
delete_item__ambient_neighbor__r009,delete_item,ambient_neighbor,single_factor_observable,random_relational_fuzzing,True,True,10,random_7:effect_count=2
delete_item__ambient_neighbor__r009,delete_item,ambient_neighbor,single_factor_observable,cep,True,True,10,neighbor:effect_count=2
delete_item__ambient_neighbor__r010,delete_item,ambient_neighbor,single_factor_observable,document_trust,True,False,0,
delete_item__ambient_neighbor__r010,delete_item,ambient_neighbor,single_factor_observable,nominal_repeat,True,False,10,
delete_item__ambient_neighbor__r010,delete_item,ambient_neighbor,single_factor_observable,random_relational_fuzzing,True,True,10,random_2:effect_count=2|random_5:effect_count=2
delete_item__ambient_neighbor__r010,delete_item,ambient_neighbor,single_factor_observable,cep,True,True,10,neighbor:effect_count=2
delete_item__ambient_neighbor__r011,delete_item,ambient_neighbor,single_factor_observable,document_trust,True,False,0,
delete_item__ambient_neighbor__r011,delete_item,ambient_neighbor,single_factor_observable,nominal_repeat,True,False,10,
delete_item__ambient_neighbor__r011,delete_item,ambient_neighbor,single_factor_observable,random_relational_fuzzing,True,True,10,random_2:effect_count=2|random_3:effect_count=2|random_4:effect_count=2|random_5:effect_count=2
delete_item__ambient_neighbor__r011,delete_item,ambient_neighbor,single_factor_observable,cep,True,True,10,neighbor:effect_count=2
delete_item__ambient_neighbor__r012,delete_item,ambient_neighbor,single_factor_observable,document_trust,True,False,0,
delete_item__ambient_neighbor__r012,delete_item,ambient_neighbor,single_factor_observable,nominal_repeat,True,False,10,
delete_item__ambient_neighbor__r012,delete_item,ambient_neighbor,single_factor_observable,random_relational_fuzzing,True,True,10,random_0:effect_count=2|random_5:effect_count=2
delete_item__ambient_neighbor__r012,delete_item,ambient_neighbor,single_factor_observable,cep,True,True,10,neighbor:effect_count=2
delete_item__ambient_neighbor__r013,delete_item,ambient_neighbor,single_factor_observable,document_trust,True,False,0,
delete_item__ambient_neighbor__r013,delete_item,ambient_neighbor,single_factor_observable,nominal_repeat,True,False,10,
delete_item__ambient_neighbor__r013,delete_item,ambient_neighbor,single_factor_observable,random_relational_fuzzing,True,True,10,random_4:effect_count=2|random_8:effect_count=2
delete_item__ambient_neighbor__r013,delete_item,ambient_neighbor,single_factor_observable,cep,True,True,10,neighbor:effect_count=2
delete_item__ambient_neighbor__r014,delete_item,ambient_neighbor,single_factor_observable,document_trust,True,False,0,
delete_item__ambient_neighbor__r014,delete_item,ambient_neighbor,single_factor_observable,nominal_repeat,True,False,10,
delete_item__ambient_neighbor__r014,delete_item,ambient_neighbor,single_factor_observable,random_relational_fuzzing,True,True,10,random_3:effect_count=2|random_4:effect_count=2|random_7:effect_count=2
delete_item__ambient_neighbor__r014,delete_item,ambient_neighbor,single_factor_observable,cep,True,True,10,neighbor:effect_count=2
delete_item__ambient_neighbor__r015,delete_item,ambient_neighbor,single_factor_observable,document_trust,True,False,0,
delete_item__ambient_neighbor__r015,delete_item,ambient_neighbor,single_factor_observable,nominal_repeat,True,False,10,
delete_item__ambient_neighbor__r015,delete_item,ambient_neighbor,single_factor_observable,random_relational_fuzzing,True,True,10,random_0:effect_count=2
delete_item__ambient_neighbor__r015,delete_item,ambient_neighbor,single_factor_observable,cep,True,True,10,neighbor:effect_count=2
delete_item__ambient_neighbor__r016,delete_item,ambient_neighbor,single_factor_observable,document_trust,True,False,0,
delete_item__ambient_neighbor__r016,delete_item,ambient_neighbor,single_factor_observable,nominal_repeat,True,False,10,
delete_item__ambient_neighbor__r016,delete_item,ambient_neighbor,single_factor_observable,random_relational_fuzzing,True,True,10,random_3:effect_count=2|random_5:effect_count=2
delete_item__ambient_neighbor__r016,delete_item,ambient_neighbor,single_factor_observable,cep,True,True,10,neighbor:effect_count=2
delete_item__ambient_neighbor__r017,delete_item,ambient_neighbor,single_factor_observable,document_trust,True,False,0,
delete_item__ambient_neighbor__r017,delete_item,ambient_neighbor,single_factor_observable,nominal_repeat,True,False,10,
delete_item__ambient_neighbor__r017,delete_item,ambient_neighbor,single_factor_observable,random_relational_fuzzing,True,True,10,random_1:effect_count=2
delete_item__ambient_neighbor__r017,delete_item,ambient_neighbor,single_factor_observable,cep,True,True,10,neighbor:effect_count=2
delete_item__ambient_neighbor__r018,delete_item,ambient_neighbor,single_factor_observable,document_trust,True,False,0,
delete_item__ambient_neighbor__r018,delete_item,ambient_neighbor,single_factor_observable,nominal_repeat,True,False,10,
delete_item__ambient_neighbor__r018,delete_item,ambient_neighbor,single_factor_observable,random_relational_fuzzing,True,True,10,random_1:effect_count=2
delete_item__ambient_neighbor__r018,delete_item,ambient_neighbor,single_factor_observable,cep,True,True,10,neighbor:effect_count=2
delete_item__ambient_neighbor__r019,delete_item,ambient_neighbor,single_factor_observable,document_trust,True,False,0,
delete_item__ambient_neighbor__r019,delete_item,ambient_neighbor,single_factor_observable,nominal_repeat,True,False,10,
delete_item__ambient_neighbor__r019,delete_item,ambient_neighbor,single_factor_observable,random_relational_fuzzing,True,False,10,
delete_item__ambient_neighbor__r019,delete_item,ambient_neighbor,single_factor_observable,cep,True,True,10,neighbor:effect_count=2
delete_item__cross_tenant__r000,delete_item,cross_tenant,single_factor_observable,document_trust,True,False,0,
delete_item__cross_tenant__r000,delete_item,cross_tenant,single_factor_observable,nominal_repeat,True,False,10,
delete_item__cross_tenant__r000,delete_item,cross_tenant,single_factor_observable,random_relational_fuzzing,True,True,10,random_3:effect_count=2|random_4:effect_count=2
delete_item__cross_tenant__r000,delete_item,cross_tenant,single_factor_observable,cep,True,True,10,tenant_boundary:effect_count=2
delete_item__cross_tenant__r001,delete_item,cross_tenant,single_factor_observable,document_trust,True,False,0,
delete_item__cross_tenant__r001,delete_item,cross_tenant,single_factor_observable,nominal_repeat,True,False,10,
delete_item__cross_tenant__r001,delete_item,cross_tenant,single_factor_observable,random_relational_fuzzing,True,True,10,random_2:effect_count=2|random_6:effect_count=2
delete_item__cross_tenant__r001,delete_item,cross_tenant,single_factor_observable,cep,True,True,10,tenant_boundary:effect_count=2
delete_item__cross_tenant__r002,delete_item,cross_tenant,single_factor_observable,document_trust,True,False,0,
delete_item__cross_tenant__r002,delete_item,cross_tenant,single_factor_observable,nominal_repeat,True,False,10,
delete_item__cross_tenant__r002,delete_item,cross_tenant,single_factor_observable,random_relational_fuzzing,True,True,10,random_0:effect_count=2|random_4:effect_count=2|random_7:effect_count=2|random_8:effect_count=2
delete_item__cross_tenant__r002,delete_item,cross_tenant,single_factor_observable,cep,True,True,10,tenant_boundary:effect_count=2
delete_item__cross_tenant__r003,delete_item,cross_tenant,single_factor_observable,document_trust,True,False,0,
delete_item__cross_tenant__r003,delete_item,cross_tenant,single_factor_observable,nominal_repeat,True,False,10,
delete_item__cross_tenant__r003,delete_item,cross_tenant,single_factor_observable,random_relational_fuzzing,True,True,10,random_7:effect_count=2
delete_item__cross_tenant__r003,delete_item,cross_tenant,single_factor_observable,cep,True,True,10,tenant_boundary:effect_count=2
delete_item__cross_tenant__r004,delete_item,cross_tenant,single_factor_observable,document_trust,True,False,0,
delete_item__cross_tenant__r004,delete_item,cross_tenant,single_factor_observable,nominal_repeat,True,False,10,
delete_item__cross_tenant__r004,delete_item,cross_tenant,single_factor_observable,random_relational_fuzzing,True,True,10,random_4:effect_count=2|random_6:effect_count=2
delete_item__cross_tenant__r004,delete_item,cross_tenant,single_factor_observable,cep,True,True,10,tenant_boundary:effect_count=2
delete_item__cross_tenant__r005,delete_item,cross_tenant,single_factor_observable,document_trust,True,False,0,
delete_item__cross_tenant__r005,delete_item,cross_tenant,single_factor_observable,nominal_repeat,True,False,10,
delete_item__cross_tenant__r005,delete_item,cross_tenant,single_factor_observable,random_relational_fuzzing,True,False,10,
delete_item__cross_tenant__r005,delete_item,cross_tenant,single_factor_observable,cep,True,True,10,tenant_boundary:effect_count=2
delete_item__cross_tenant__r006,delete_item,cross_tenant,single_factor_observable,document_trust,True,False,0,
delete_item__cross_tenant__r006,delete_item,cross_tenant,single_factor_observable,nominal_repeat,True,False,10,
delete_item__cross_tenant__r006,delete_item,cross_tenant,single_factor_observable,random_relational_fuzzing,True,True,10,random_1:effect_count=2|random_9:effect_count=2
delete_item__cross_tenant__r006,delete_item,cross_tenant,single_factor_observable,cep,True,True,10,tenant_boundary:effect_count=2
delete_item__cross_tenant__r007,delete_item,cross_tenant,single_factor_observable,document_trust,True,False,0,
delete_item__cross_tenant__r007,delete_item,cross_tenant,single_factor_observable,nominal_repeat,True,False,10,
delete_item__cross_tenant__r007,delete_item,cross_tenant,single_factor_observable,random_relational_fuzzing,True,True,10,random_3:effect_count=2|random_6:effect_count=2|random_7:effect_count=2
delete_item__cross_tenant__r007,delete_item,cross_tenant,single_factor_observable,cep,True,True,10,tenant_boundary:effect_count=2
delete_item__cross_tenant__r008,delete_item,cross_tenant,single_factor_observable,document_trust,True,False,0,
delete_item__cross_tenant__r008,delete_item,cross_tenant,single_factor_observable,nominal_repeat,True,False,10,
delete_item__cross_tenant__r008,delete_item,cross_tenant,single_factor_observable,random_relational_fuzzing,True,True,10,random_3:effect_count=2|random_5:effect_count=2|random_8:effect_count=2
delete_item__cross_tenant__r008,delete_item,cross_tenant,single_factor_observable,cep,True,True,10,tenant_boundary:effect_count=2
delete_item__cross_tenant__r009,delete_item,cross_tenant,single_factor_observable,document_trust,True,False,0,
delete_item__cross_tenant__r009,delete_item,cross_tenant,single_factor_observable,nominal_repeat,True,False,10,
delete_item__cross_tenant__r009,delete_item,cross_tenant,single_factor_observable,random_relational_fuzzing,True,False,10,
delete_item__cross_tenant__r009,delete_item,cross_tenant,single_factor_observable,cep,True,True,10,tenant_boundary:effect_count=2
delete_item__cross_tenant__r010,delete_item,cross_tenant,single_factor_observable,document_trust,True,False,0,
delete_item__cross_tenant__r010,delete_item,cross_tenant,single_factor_observable,nominal_repeat,True,False,10,
delete_item__cross_tenant__r010,delete_item,cross_tenant,single_factor_observable,random_relational_fuzzing,True,True,10,random_0:effect_count=2|random_2:effect_count=2|random_5:effect_count=2|random_6:effect_count=2
delete_item__cross_tenant__r010,delete_item,cross_tenant,single_factor_observable,cep,True,True,10,tenant_boundary:effect_count=2
delete_item__cross_tenant__r011,delete_item,cross_tenant,single_factor_observable,document_trust,True,False,0,
delete_item__cross_tenant__r011,delete_item,cross_tenant,single_factor_observable,nominal_repeat,True,False,10,
delete_item__cross_tenant__r011,delete_item,cross_tenant,single_factor_observable,random_relational_fuzzing,True,True,10,random_0:effect_count=2|random_3:effect_count=2|random_6:effect_count=2
delete_item__cross_tenant__r011,delete_item,cross_tenant,single_factor_observable,cep,True,True,10,tenant_boundary:effect_count=2
delete_item__cross_tenant__r012,delete_item,cross_tenant,single_factor_observable,document_trust,True,False,0,
delete_item__cross_tenant__r012,delete_item,cross_tenant,single_factor_observable,nominal_repeat,True,False,10,
delete_item__cross_tenant__r012,delete_item,cross_tenant,single_factor_observable,random_relational_fuzzing,True,True,10,random_1:effect_count=2|random_9:effect_count=2
delete_item__cross_tenant__r012,delete_item,cross_tenant,single_factor_observable,cep,True,True,10,tenant_boundary:effect_count=2
delete_item__cross_tenant__r013,delete_item,cross_tenant,single_factor_observable,document_trust,True,False,0,
delete_item__cross_tenant__r013,delete_item,cross_tenant,single_factor_observable,nominal_repeat,True,False,10,
delete_item__cross_tenant__r013,delete_item,cross_tenant,single_factor_observable,random_relational_fuzzing,True,True,10,random_7:effect_count=2
delete_item__cross_tenant__r013,delete_item,cross_tenant,single_factor_observable,cep,True,True,10,tenant_boundary:effect_count=2
delete_item__cross_tenant__r014,delete_item,cross_tenant,single_factor_observable,document_trust,True,False,0,
delete_item__cross_tenant__r014,delete_item,cross_tenant,single_factor_observable,nominal_repeat,True,False,10,
delete_item__cross_tenant__r014,delete_item,cross_tenant,single_factor_observable,random_relational_fuzzing,True,True,10,random_0:effect_count=2
delete_item__cross_tenant__r014,delete_item,cross_tenant,single_factor_observable,cep,True,True,10,tenant_boundary:effect_count=2
delete_item__cross_tenant__r015,delete_item,cross_tenant,single_factor_observable,document_trust,True,False,0,
delete_item__cross_tenant__r015,delete_item,cross_tenant,single_factor_observable,nominal_repeat,True,False,10,
delete_item__cross_tenant__r015,delete_item,cross_tenant,single_factor_observable,random_relational_fuzzing,True,True,10,random_0:effect_count=2|random_6:effect_count=2
delete_item__cross_tenant__r015,delete_item,cross_tenant,single_factor_observable,cep,True,True,10,tenant_boundary:effect_count=2
delete_item__cross_tenant__r016,delete_item,cross_tenant,single_factor_observable,document_trust,True,False,0,
delete_item__cross_tenant__r016,delete_item,cross_tenant,single_factor_observable,nominal_repeat,True,False,10,
delete_item__cross_tenant__r016,delete_item,cross_tenant,single_factor_observable,random_relational_fuzzing,True,True,10,random_1:effect_count=2|random_2:effect_count=2|random_5:effect_count=2|random_8:effect_count=2
delete_item__cross_tenant__r016,delete_item,cross_tenant,single_factor_observable,cep,True,True,10,tenant_boundary:effect_count=2
delete_item__cross_tenant__r017,delete_item,cross_tenant,single_factor_observable,document_trust,True,False,0,
delete_item__cross_tenant__r017,delete_item,cross_tenant,single_factor_observable,nominal_repeat,True,False,10,
delete_item__cross_tenant__r017,delete_item,cross_tenant,single_factor_observable,random_relational_fuzzing,True,True,10,random_5:effect_count=2
delete_item__cross_tenant__r017,delete_item,cross_tenant,single_factor_observable,cep,True,True,10,tenant_boundary:effect_count=2
delete_item__cross_tenant__r018,delete_item,cross_tenant,single_factor_observable,document_trust,True,False,0,
delete_item__cross_tenant__r018,delete_item,cross_tenant,single_factor_observable,nominal_repeat,True,False,10,
delete_item__cross_tenant__r018,delete_item,cross_tenant,single_factor_observable,random_relational_fuzzing,True,True,10,random_3:effect_count=2
delete_item__cross_tenant__r018,delete_item,cross_tenant,single_factor_observable,cep,True,True,10,tenant_boundary:effect_count=2
delete_item__cross_tenant__r019,delete_item,cross_tenant,single_factor_observable,document_trust,True,False,0,
delete_item__cross_tenant__r019,delete_item,cross_tenant,single_factor_observable,nominal_repeat,True,False,10,
delete_item__cross_tenant__r019,delete_item,cross_tenant,single_factor_observable,random_relational_fuzzing,True,True,10,random_8:effect_count=2
delete_item__cross_tenant__r019,delete_item,cross_tenant,single_factor_observable,cep,True,True,10,tenant_boundary:effect_count=2
delete_item__secret_capture__r000,delete_item,secret_capture,single_factor_observable,document_trust,True,False,0,
delete_item__secret_capture__r000,delete_item,secret_capture,single_factor_observable,nominal_repeat,True,False,10,
delete_item__secret_capture__r000,delete_item,secret_capture,single_factor_observable,random_relational_fuzzing,True,True,10,"ambient_secret_dependency:random_0,random_2|ambient_secret_dependency:random_0,random_3|ambient_secret_dependency:random_0,random_4"
delete_item__secret_capture__r000,delete_item,secret_capture,single_factor_observable,cep,True,True,10,"ambient_secret_dependency:base,secret_1|ambient_secret_dependency:base,secret_2|ambient_secret_dependency:base_repeat,secret_1|ambient_secret_dependency:base_repeat,secret_2|ambient_secret_dependency:secret_1,secret_2"
delete_item__secret_capture__r001,delete_item,secret_capture,single_factor_observable,document_trust,True,False,0,
delete_item__secret_capture__r001,delete_item,secret_capture,single_factor_observable,nominal_repeat,True,False,10,
delete_item__secret_capture__r001,delete_item,secret_capture,single_factor_observable,random_relational_fuzzing,True,True,10,"ambient_secret_dependency:random_0,random_2|ambient_secret_dependency:random_2,random_3|ambient_secret_dependency:random_2,random_6|ambient_secret_dependency:random_2,random_8"
delete_item__secret_capture__r001,delete_item,secret_capture,single_factor_observable,cep,True,True,10,"ambient_secret_dependency:base,secret_1|ambient_secret_dependency:base,secret_2|ambient_secret_dependency:base_repeat,secret_1|ambient_secret_dependency:base_repeat,secret_2|ambient_secret_dependency:secret_1,secret_2"
delete_item__secret_capture__r002,delete_item,secret_capture,single_factor_observable,document_trust,True,False,0,
delete_item__secret_capture__r002,delete_item,secret_capture,single_factor_observable,nominal_repeat,True,False,10,
delete_item__secret_capture__r002,delete_item,secret_capture,single_factor_observable,random_relational_fuzzing,True,True,10,"ambient_secret_dependency:random_0,random_6|ambient_secret_dependency:random_5,random_9|ambient_secret_dependency:random_6,random_7|ambient_secret_dependency:random_6,random_8"
delete_item__secret_capture__r002,delete_item,secret_capture,single_factor_observable,cep,True,True,10,"ambient_secret_dependency:base,secret_1|ambient_secret_dependency:base,secret_2|ambient_secret_dependency:base_repeat,secret_1|ambient_secret_dependency:base_repeat,secret_2|ambient_secret_dependency:secret_1,secret_2"
delete_item__secret_capture__r003,delete_item,secret_capture,single_factor_observable,document_trust,True,False,0,
delete_item__secret_capture__r003,delete_item,secret_capture,single_factor_observable,nominal_repeat,True,False,10,
delete_item__secret_capture__r003,delete_item,secret_capture,single_factor_observable,random_relational_fuzzing,True,False,10,
delete_item__secret_capture__r003,delete_item,secret_capture,single_factor_observable,cep,True,True,10,"ambient_secret_dependency:base,secret_1|ambient_secret_dependency:base,secret_2|ambient_secret_dependency:base_repeat,secret_1|ambient_secret_dependency:base_repeat,secret_2|ambient_secret_dependency:secret_1,secret_2"
delete_item__secret_capture__r004,delete_item,secret_capture,single_factor_observable,document_trust,True,False,0,
delete_item__secret_capture__r004,delete_item,secret_capture,single_factor_observable,nominal_repeat,True,False,10,
delete_item__secret_capture__r004,delete_item,secret_capture,single_factor_observable,random_relational_fuzzing,True,True,10,"ambient_secret_dependency:random_2,random_8|ambient_secret_dependency:random_4,random_8|ambient_secret_dependency:random_5,random_8"
delete_item__secret_capture__r004,delete_item,secret_capture,single_factor_observable,cep,True,True,10,"ambient_secret_dependency:base,secret_1|ambient_secret_dependency:base,secret_2|ambient_secret_dependency:base_repeat,secret_1|ambient_secret_dependency:base_repeat,secret_2|ambient_secret_dependency:secret_1,secret_2"
delete_item__secret_capture__r005,delete_item,secret_capture,single_factor_observable,document_trust,True,False,0,
delete_item__secret_capture__r005,delete_item,secret_capture,single_factor_observable,nominal_repeat,True,False,10,
delete_item__secret_capture__r005,delete_item,secret_capture,single_factor_observable,random_relational_fuzzing,True,False,10,
delete_item__secret_capture__r005,delete_item,secret_capture,single_factor_observable,cep,True,True,10,"ambient_secret_dependency:base,secret_1|ambient_secret_dependency:base,secret_2|ambient_secret_dependency:base_repeat,secret_1|ambient_secret_dependency:base_repeat,secret_2|ambient_secret_dependency:secret_1,secret_2"
delete_item__secret_capture__r006,delete_item,secret_capture,single_factor_observable,document_trust,True,False,0,
delete_item__secret_capture__r006,delete_item,secret_capture,single_factor_observable,nominal_repeat,True,False,10,
delete_item__secret_capture__r006,delete_item,secret_capture,single_factor_observable,random_relational_fuzzing,True,True,10,"ambient_secret_dependency:random_6,random_8"
delete_item__secret_capture__r006,delete_item,secret_capture,single_factor_observable,cep,True,True,10,"ambient_secret_dependency:base,secret_1|ambient_secret_dependency:base,secret_2|ambient_secret_dependency:base_repeat,secret_1|ambient_secret_dependency:base_repeat,secret_2|ambient_secret_dependency:secret_1,secret_2"
delete_item__secret_capture__r007,delete_item,secret_capture,single_factor_observable,document_trust,True,False,0,
delete_item__secret_capture__r007,delete_item,secret_capture,single_factor_observable,nominal_repeat,True,False,10,
delete_item__secret_capture__r007,delete_item,secret_capture,single_factor_observable,random_relational_fuzzing,True,True,10,"ambient_secret_dependency:random_0,random_4|ambient_secret_dependency:random_0,random_5"
delete_item__secret_capture__r007,delete_item,secret_capture,single_factor_observable,cep,True,True,10,"ambient_secret_dependency:base,secret_1|ambient_secret_dependency:base,secret_2|ambient_secret_dependency:base_repeat,secret_1|ambient_secret_dependency:base_repeat,secret_2|ambient_secret_dependency:secret_1,secret_2"
delete_item__secret_capture__r008,delete_item,secret_capture,single_factor_observable,document_trust,True,False,0,
delete_item__secret_capture__r008,delete_item,secret_capture,single_factor_observable,nominal_repeat,True,False,10,
delete_item__secret_capture__r008,delete_item,secret_capture,single_factor_observable,random_relational_fuzzing,True,True,10,"ambient_secret_dependency:random_2,random_4|ambient_secret_dependency:random_2,random_9|ambient_secret_dependency:random_4,random_9"
delete_item__secret_capture__r008,delete_item,secret_capture,single_factor_observable,cep,True,True,10,"ambient_secret_dependency:base,secret_1|ambient_secret_dependency:base,secret_2|ambient_secret_dependency:base_repeat,secret_1|ambient_secret_dependency:base_repeat,secret_2|ambient_secret_dependency:secret_1,secret_2"
delete_item__secret_capture__r009,delete_item,secret_capture,single_factor_observable,document_trust,True,False,0,
delete_item__secret_capture__r009,delete_item,secret_capture,single_factor_observable,nominal_repeat,True,False,10,
delete_item__secret_capture__r009,delete_item,secret_capture,single_factor_observable,random_relational_fuzzing,True,True,10,"ambient_secret_dependency:random_2,random_9|ambient_secret_dependency:random_6,random_9|ambient_secret_dependency:random_7,random_8"
delete_item__secret_capture__r009,delete_item,secret_capture,single_factor_observable,cep,True,True,10,"ambient_secret_dependency:base,secret_1|ambient_secret_dependency:base,secret_2|ambient_secret_dependency:base_repeat,secret_1|ambient_secret_dependency:base_repeat,secret_2|ambient_secret_dependency:secret_1,secret_2"
delete_item__secret_capture__r010,delete_item,secret_capture,single_factor_observable,document_trust,True,False,0,
delete_item__secret_capture__r010,delete_item,secret_capture,single_factor_observable,nominal_repeat,True,False,10,
delete_item__secret_capture__r010,delete_item,secret_capture,single_factor_observable,random_relational_fuzzing,True,False,10,
delete_item__secret_capture__r010,delete_item,secret_capture,single_factor_observable,cep,True,True,10,"ambient_secret_dependency:base,secret_1|ambient_secret_dependency:base,secret_2|ambient_secret_dependency:base_repeat,secret_1|ambient_secret_dependency:base_repeat,secret_2|ambient_secret_dependency:secret_1,secret_2"
delete_item__secret_capture__r011,delete_item,secret_capture,single_factor_observable,document_trust,True,False,0,
delete_item__secret_capture__r011,delete_item,secret_capture,single_factor_observable,nominal_repeat,True,False,10,
delete_item__secret_capture__r011,delete_item,secret_capture,single_factor_observable,random_relational_fuzzing,True,True,10,"ambient_secret_dependency:random_3,random_9"
delete_item__secret_capture__r011,delete_item,secret_capture,single_factor_observable,cep,True,True,10,"ambient_secret_dependency:base,secret_1|ambient_secret_dependency:base,secret_2|ambient_secret_dependency:base_repeat,secret_1|ambient_secret_dependency:base_repeat,secret_2|ambient_secret_dependency:secret_1,secret_2"
delete_item__secret_capture__r012,delete_item,secret_capture,single_factor_observable,document_trust,True,False,0,
delete_item__secret_capture__r012,delete_item,secret_capture,single_factor_observable,nominal_repeat,True,False,10,
delete_item__secret_capture__r012,delete_item,secret_capture,single_factor_observable,random_relational_fuzzing,True,True,10,"ambient_secret_dependency:random_4,random_6"
delete_item__secret_capture__r012,delete_item,secret_capture,single_factor_observable,cep,True,True,10,"ambient_secret_dependency:base,secret_1|ambient_secret_dependency:base,secret_2|ambient_secret_dependency:base_repeat,secret_1|ambient_secret_dependency:base_repeat,secret_2|ambient_secret_dependency:secret_1,secret_2"
delete_item__secret_capture__r013,delete_item,secret_capture,single_factor_observable,document_trust,True,False,0,
delete_item__secret_capture__r013,delete_item,secret_capture,single_factor_observable,nominal_repeat,True,False,10,
delete_item__secret_capture__r013,delete_item,secret_capture,single_factor_observable,random_relational_fuzzing,True,False,10,
delete_item__secret_capture__r013,delete_item,secret_capture,single_factor_observable,cep,True,True,10,"ambient_secret_dependency:base,secret_1|ambient_secret_dependency:base,secret_2|ambient_secret_dependency:base_repeat,secret_1|ambient_secret_dependency:base_repeat,secret_2|ambient_secret_dependency:secret_1,secret_2"
delete_item__secret_capture__r014,delete_item,secret_capture,single_factor_observable,document_trust,True,False,0,
delete_item__secret_capture__r014,delete_item,secret_capture,single_factor_observable,nominal_repeat,True,False,10,
delete_item__secret_capture__r014,delete_item,secret_capture,single_factor_observable,random_relational_fuzzing,True,True,10,"ambient_secret_dependency:random_0,random_1"
delete_item__secret_capture__r014,delete_item,secret_capture,single_factor_observable,cep,True,True,10,"ambient_secret_dependency:base,secret_1|ambient_secret_dependency:base,secret_2|ambient_secret_dependency:base_repeat,secret_1|ambient_secret_dependency:base_repeat,secret_2|ambient_secret_dependency:secret_1,secret_2"
delete_item__secret_capture__r015,delete_item,secret_capture,single_factor_observable,document_trust,True,False,0,
delete_item__secret_capture__r015,delete_item,secret_capture,single_factor_observable,nominal_repeat,True,False,10,
delete_item__secret_capture__r015,delete_item,secret_capture,single_factor_observable,random_relational_fuzzing,True,True,10,"ambient_secret_dependency:random_3,random_4|ambient_secret_dependency:random_3,random_8|ambient_secret_dependency:random_3,random_9|ambient_secret_dependency:random_4,random_9|ambient_secret_dependency:random_8,random_9"
delete_item__secret_capture__r015,delete_item,secret_capture,single_factor_observable,cep,True,True,10,"ambient_secret_dependency:base,secret_1|ambient_secret_dependency:base,secret_2|ambient_secret_dependency:base_repeat,secret_1|ambient_secret_dependency:base_repeat,secret_2|ambient_secret_dependency:secret_1,secret_2"
delete_item__secret_capture__r016,delete_item,secret_capture,single_factor_observable,document_trust,True,False,0,
delete_item__secret_capture__r016,delete_item,secret_capture,single_factor_observable,nominal_repeat,True,False,10,
delete_item__secret_capture__r016,delete_item,secret_capture,single_factor_observable,random_relational_fuzzing,True,True,10,"ambient_secret_dependency:random_1,random_7|ambient_secret_dependency:random_2,random_7"
delete_item__secret_capture__r016,delete_item,secret_capture,single_factor_observable,cep,True,True,10,"ambient_secret_dependency:base,secret_1|ambient_secret_dependency:base,secret_2|ambient_secret_dependency:base_repeat,secret_1|ambient_secret_dependency:base_repeat,secret_2|ambient_secret_dependency:secret_1,secret_2"
delete_item__secret_capture__r017,delete_item,secret_capture,single_factor_observable,document_trust,True,False,0,
delete_item__secret_capture__r017,delete_item,secret_capture,single_factor_observable,nominal_repeat,True,False,10,
delete_item__secret_capture__r017,delete_item,secret_capture,single_factor_observable,random_relational_fuzzing,True,False,10,
delete_item__secret_capture__r017,delete_item,secret_capture,single_factor_observable,cep,True,True,10,"ambient_secret_dependency:base,secret_1|ambient_secret_dependency:base,secret_2|ambient_secret_dependency:base_repeat,secret_1|ambient_secret_dependency:base_repeat,secret_2|ambient_secret_dependency:secret_1,secret_2"
delete_item__secret_capture__r018,delete_item,secret_capture,single_factor_observable,document_trust,True,False,0,
delete_item__secret_capture__r018,delete_item,secret_capture,single_factor_observable,nominal_repeat,True,False,10,
delete_item__secret_capture__r018,delete_item,secret_capture,single_factor_observable,random_relational_fuzzing,True,False,10,
delete_item__secret_capture__r018,delete_item,secret_capture,single_factor_observable,cep,True,True,10,"ambient_secret_dependency:base,secret_1|ambient_secret_dependency:base,secret_2|ambient_secret_dependency:base_repeat,secret_1|ambient_secret_dependency:base_repeat,secret_2|ambient_secret_dependency:secret_1,secret_2"
delete_item__secret_capture__r019,delete_item,secret_capture,single_factor_observable,document_trust,True,False,0,
delete_item__secret_capture__r019,delete_item,secret_capture,single_factor_observable,nominal_repeat,True,False,10,
delete_item__secret_capture__r019,delete_item,secret_capture,single_factor_observable,random_relational_fuzzing,True,True,10,"ambient_secret_dependency:random_0,random_2|ambient_secret_dependency:random_0,random_7|ambient_secret_dependency:random_2,random_4|ambient_secret_dependency:random_2,random_5|ambient_secret_dependency:random_4,random_7|ambient_secret_dependency:random_5,random_7"
delete_item__secret_capture__r019,delete_item,secret_capture,single_factor_observable,cep,True,True,10,"ambient_secret_dependency:base,secret_1|ambient_secret_dependency:base,secret_2|ambient_secret_dependency:base_repeat,secret_1|ambient_secret_dependency:base_repeat,secret_2|ambient_secret_dependency:secret_1,secret_2"
delete_item__compound_trigger__r000,delete_item,compound_trigger,compound_trigger,document_trust,True,False,0,
delete_item__compound_trigger__r000,delete_item,compound_trigger,compound_trigger,nominal_repeat,True,False,10,
delete_item__compound_trigger__r000,delete_item,compound_trigger,compound_trigger,random_relational_fuzzing,True,False,10,
delete_item__compound_trigger__r000,delete_item,compound_trigger,compound_trigger,cep,True,False,10,
delete_item__compound_trigger__r001,delete_item,compound_trigger,compound_trigger,document_trust,True,False,0,
delete_item__compound_trigger__r001,delete_item,compound_trigger,compound_trigger,nominal_repeat,True,False,10,
delete_item__compound_trigger__r001,delete_item,compound_trigger,compound_trigger,random_relational_fuzzing,True,False,10,
delete_item__compound_trigger__r001,delete_item,compound_trigger,compound_trigger,cep,True,False,10,
delete_item__compound_trigger__r002,delete_item,compound_trigger,compound_trigger,document_trust,True,False,0,
delete_item__compound_trigger__r002,delete_item,compound_trigger,compound_trigger,nominal_repeat,True,False,10,
delete_item__compound_trigger__r002,delete_item,compound_trigger,compound_trigger,random_relational_fuzzing,True,True,10,random_1:effect_count=2
delete_item__compound_trigger__r002,delete_item,compound_trigger,compound_trigger,cep,True,False,10,
delete_item__compound_trigger__r003,delete_item,compound_trigger,compound_trigger,document_trust,True,False,0,
delete_item__compound_trigger__r003,delete_item,compound_trigger,compound_trigger,nominal_repeat,True,False,10,
delete_item__compound_trigger__r003,delete_item,compound_trigger,compound_trigger,random_relational_fuzzing,True,False,10,
delete_item__compound_trigger__r003,delete_item,compound_trigger,compound_trigger,cep,True,False,10,
delete_item__compound_trigger__r004,delete_item,compound_trigger,compound_trigger,document_trust,True,False,0,
delete_item__compound_trigger__r004,delete_item,compound_trigger,compound_trigger,nominal_repeat,True,False,10,
delete_item__compound_trigger__r004,delete_item,compound_trigger,compound_trigger,random_relational_fuzzing,True,True,10,random_1:effect_count=2
delete_item__compound_trigger__r004,delete_item,compound_trigger,compound_trigger,cep,True,False,10,
delete_item__compound_trigger__r005,delete_item,compound_trigger,compound_trigger,document_trust,True,False,0,
delete_item__compound_trigger__r005,delete_item,compound_trigger,compound_trigger,nominal_repeat,True,False,10,
delete_item__compound_trigger__r005,delete_item,compound_trigger,compound_trigger,random_relational_fuzzing,True,False,10,
delete_item__compound_trigger__r005,delete_item,compound_trigger,compound_trigger,cep,True,False,10,
delete_item__compound_trigger__r006,delete_item,compound_trigger,compound_trigger,document_trust,True,False,0,
delete_item__compound_trigger__r006,delete_item,compound_trigger,compound_trigger,nominal_repeat,True,False,10,
delete_item__compound_trigger__r006,delete_item,compound_trigger,compound_trigger,random_relational_fuzzing,True,True,10,random_0:effect_count=2
delete_item__compound_trigger__r006,delete_item,compound_trigger,compound_trigger,cep,True,False,10,
delete_item__compound_trigger__r007,delete_item,compound_trigger,compound_trigger,document_trust,True,False,0,
delete_item__compound_trigger__r007,delete_item,compound_trigger,compound_trigger,nominal_repeat,True,False,10,
delete_item__compound_trigger__r007,delete_item,compound_trigger,compound_trigger,random_relational_fuzzing,True,False,10,
delete_item__compound_trigger__r007,delete_item,compound_trigger,compound_trigger,cep,True,False,10,
delete_item__compound_trigger__r008,delete_item,compound_trigger,compound_trigger,document_trust,True,False,0,
delete_item__compound_trigger__r008,delete_item,compound_trigger,compound_trigger,nominal_repeat,True,False,10,
delete_item__compound_trigger__r008,delete_item,compound_trigger,compound_trigger,random_relational_fuzzing,True,True,10,random_9:effect_count=2
delete_item__compound_trigger__r008,delete_item,compound_trigger,compound_trigger,cep,True,False,10,
delete_item__compound_trigger__r009,delete_item,compound_trigger,compound_trigger,document_trust,True,False,0,
delete_item__compound_trigger__r009,delete_item,compound_trigger,compound_trigger,nominal_repeat,True,False,10,
delete_item__compound_trigger__r009,delete_item,compound_trigger,compound_trigger,random_relational_fuzzing,True,False,10,
delete_item__compound_trigger__r009,delete_item,compound_trigger,compound_trigger,cep,True,False,10,
delete_item__compound_trigger__r010,delete_item,compound_trigger,compound_trigger,document_trust,True,False,0,
delete_item__compound_trigger__r010,delete_item,compound_trigger,compound_trigger,nominal_repeat,True,False,10,
delete_item__compound_trigger__r010,delete_item,compound_trigger,compound_trigger,random_relational_fuzzing,True,False,10,
delete_item__compound_trigger__r010,delete_item,compound_trigger,compound_trigger,cep,True,False,10,
delete_item__compound_trigger__r011,delete_item,compound_trigger,compound_trigger,document_trust,True,False,0,
delete_item__compound_trigger__r011,delete_item,compound_trigger,compound_trigger,nominal_repeat,True,False,10,
delete_item__compound_trigger__r011,delete_item,compound_trigger,compound_trigger,random_relational_fuzzing,True,False,10,
delete_item__compound_trigger__r011,delete_item,compound_trigger,compound_trigger,cep,True,False,10,
delete_item__compound_trigger__r012,delete_item,compound_trigger,compound_trigger,document_trust,True,False,0,
delete_item__compound_trigger__r012,delete_item,compound_trigger,compound_trigger,nominal_repeat,True,False,10,
delete_item__compound_trigger__r012,delete_item,compound_trigger,compound_trigger,random_relational_fuzzing,True,True,10,random_0:effect_count=2
delete_item__compound_trigger__r012,delete_item,compound_trigger,compound_trigger,cep,True,False,10,
delete_item__compound_trigger__r013,delete_item,compound_trigger,compound_trigger,document_trust,True,False,0,
delete_item__compound_trigger__r013,delete_item,compound_trigger,compound_trigger,nominal_repeat,True,False,10,
delete_item__compound_trigger__r013,delete_item,compound_trigger,compound_trigger,random_relational_fuzzing,True,False,10,
delete_item__compound_trigger__r013,delete_item,compound_trigger,compound_trigger,cep,True,False,10,
delete_item__compound_trigger__r014,delete_item,compound_trigger,compound_trigger,document_trust,True,False,0,
delete_item__compound_trigger__r014,delete_item,compound_trigger,compound_trigger,nominal_repeat,True,False,10,
delete_item__compound_trigger__r014,delete_item,compound_trigger,compound_trigger,random_relational_fuzzing,True,True,10,random_0:effect_count=2
delete_item__compound_trigger__r014,delete_item,compound_trigger,compound_trigger,cep,True,False,10,
delete_item__compound_trigger__r015,delete_item,compound_trigger,compound_trigger,document_trust,True,False,0,
delete_item__compound_trigger__r015,delete_item,compound_trigger,compound_trigger,nominal_repeat,True,False,10,
delete_item__compound_trigger__r015,delete_item,compound_trigger,compound_trigger,random_relational_fuzzing,True,False,10,
delete_item__compound_trigger__r015,delete_item,compound_trigger,compound_trigger,cep,True,False,10,
delete_item__compound_trigger__r016,delete_item,compound_trigger,compound_trigger,document_trust,True,False,0,
delete_item__compound_trigger__r016,delete_item,compound_trigger,compound_trigger,nominal_repeat,True,False,10,
delete_item__compound_trigger__r016,delete_item,compound_trigger,compound_trigger,random_relational_fuzzing,True,True,10,random_4:effect_count=2
delete_item__compound_trigger__r016,delete_item,compound_trigger,compound_trigger,cep,True,False,10,
delete_item__compound_trigger__r017,delete_item,compound_trigger,compound_trigger,document_trust,True,False,0,
delete_item__compound_trigger__r017,delete_item,compound_trigger,compound_trigger,nominal_repeat,True,False,10,
delete_item__compound_trigger__r017,delete_item,compound_trigger,compound_trigger,random_relational_fuzzing,True,False,10,
delete_item__compound_trigger__r017,delete_item,compound_trigger,compound_trigger,cep,True,False,10,
delete_item__compound_trigger__r018,delete_item,compound_trigger,compound_trigger,document_trust,True,False,0,
delete_item__compound_trigger__r018,delete_item,compound_trigger,compound_trigger,nominal_repeat,True,False,10,
delete_item__compound_trigger__r018,delete_item,compound_trigger,compound_trigger,random_relational_fuzzing,True,False,10,
delete_item__compound_trigger__r018,delete_item,compound_trigger,compound_trigger,cep,True,False,10,
delete_item__compound_trigger__r019,delete_item,compound_trigger,compound_trigger,document_trust,True,False,0,
delete_item__compound_trigger__r019,delete_item,compound_trigger,compound_trigger,nominal_repeat,True,False,10,
delete_item__compound_trigger__r019,delete_item,compound_trigger,compound_trigger,random_relational_fuzzing,True,False,10,
delete_item__compound_trigger__r019,delete_item,compound_trigger,compound_trigger,cep,True,False,10,
delete_item__sequence_trigger__r000,delete_item,sequence_trigger,sequence_trigger,document_trust,True,False,0,
delete_item__sequence_trigger__r000,delete_item,sequence_trigger,sequence_trigger,nominal_repeat,True,False,10,
delete_item__sequence_trigger__r000,delete_item,sequence_trigger,sequence_trigger,random_relational_fuzzing,True,False,10,
delete_item__sequence_trigger__r000,delete_item,sequence_trigger,sequence_trigger,cep,True,False,10,
delete_item__sequence_trigger__r001,delete_item,sequence_trigger,sequence_trigger,document_trust,True,False,0,
delete_item__sequence_trigger__r001,delete_item,sequence_trigger,sequence_trigger,nominal_repeat,True,False,10,
delete_item__sequence_trigger__r001,delete_item,sequence_trigger,sequence_trigger,random_relational_fuzzing,True,False,10,
delete_item__sequence_trigger__r001,delete_item,sequence_trigger,sequence_trigger,cep,True,False,10,
delete_item__sequence_trigger__r002,delete_item,sequence_trigger,sequence_trigger,document_trust,True,False,0,
delete_item__sequence_trigger__r002,delete_item,sequence_trigger,sequence_trigger,nominal_repeat,True,False,10,
delete_item__sequence_trigger__r002,delete_item,sequence_trigger,sequence_trigger,random_relational_fuzzing,True,False,10,
delete_item__sequence_trigger__r002,delete_item,sequence_trigger,sequence_trigger,cep,True,False,10,
delete_item__sequence_trigger__r003,delete_item,sequence_trigger,sequence_trigger,document_trust,True,False,0,
delete_item__sequence_trigger__r003,delete_item,sequence_trigger,sequence_trigger,nominal_repeat,True,False,10,
delete_item__sequence_trigger__r003,delete_item,sequence_trigger,sequence_trigger,random_relational_fuzzing,True,False,10,
delete_item__sequence_trigger__r003,delete_item,sequence_trigger,sequence_trigger,cep,True,False,10,
delete_item__sequence_trigger__r004,delete_item,sequence_trigger,sequence_trigger,document_trust,True,False,0,
delete_item__sequence_trigger__r004,delete_item,sequence_trigger,sequence_trigger,nominal_repeat,True,False,10,
delete_item__sequence_trigger__r004,delete_item,sequence_trigger,sequence_trigger,random_relational_fuzzing,True,False,10,
delete_item__sequence_trigger__r004,delete_item,sequence_trigger,sequence_trigger,cep,True,False,10,
delete_item__sequence_trigger__r005,delete_item,sequence_trigger,sequence_trigger,document_trust,True,False,0,
delete_item__sequence_trigger__r005,delete_item,sequence_trigger,sequence_trigger,nominal_repeat,True,False,10,
delete_item__sequence_trigger__r005,delete_item,sequence_trigger,sequence_trigger,random_relational_fuzzing,True,False,10,
delete_item__sequence_trigger__r005,delete_item,sequence_trigger,sequence_trigger,cep,True,False,10,
delete_item__sequence_trigger__r006,delete_item,sequence_trigger,sequence_trigger,document_trust,True,False,0,
delete_item__sequence_trigger__r006,delete_item,sequence_trigger,sequence_trigger,nominal_repeat,True,False,10,
delete_item__sequence_trigger__r006,delete_item,sequence_trigger,sequence_trigger,random_relational_fuzzing,True,False,10,
delete_item__sequence_trigger__r006,delete_item,sequence_trigger,sequence_trigger,cep,True,False,10,
delete_item__sequence_trigger__r007,delete_item,sequence_trigger,sequence_trigger,document_trust,True,False,0,
delete_item__sequence_trigger__r007,delete_item,sequence_trigger,sequence_trigger,nominal_repeat,True,False,10,
delete_item__sequence_trigger__r007,delete_item,sequence_trigger,sequence_trigger,random_relational_fuzzing,True,False,10,
delete_item__sequence_trigger__r007,delete_item,sequence_trigger,sequence_trigger,cep,True,False,10,
delete_item__sequence_trigger__r008,delete_item,sequence_trigger,sequence_trigger,document_trust,True,False,0,
delete_item__sequence_trigger__r008,delete_item,sequence_trigger,sequence_trigger,nominal_repeat,True,False,10,
delete_item__sequence_trigger__r008,delete_item,sequence_trigger,sequence_trigger,random_relational_fuzzing,True,False,10,
delete_item__sequence_trigger__r008,delete_item,sequence_trigger,sequence_trigger,cep,True,False,10,
delete_item__sequence_trigger__r009,delete_item,sequence_trigger,sequence_trigger,document_trust,True,False,0,
delete_item__sequence_trigger__r009,delete_item,sequence_trigger,sequence_trigger,nominal_repeat,True,False,10,
delete_item__sequence_trigger__r009,delete_item,sequence_trigger,sequence_trigger,random_relational_fuzzing,True,False,10,
delete_item__sequence_trigger__r009,delete_item,sequence_trigger,sequence_trigger,cep,True,False,10,
delete_item__sequence_trigger__r010,delete_item,sequence_trigger,sequence_trigger,document_trust,True,False,0,
delete_item__sequence_trigger__r010,delete_item,sequence_trigger,sequence_trigger,nominal_repeat,True,False,10,
delete_item__sequence_trigger__r010,delete_item,sequence_trigger,sequence_trigger,random_relational_fuzzing,True,False,10,
delete_item__sequence_trigger__r010,delete_item,sequence_trigger,sequence_trigger,cep,True,False,10,
delete_item__sequence_trigger__r011,delete_item,sequence_trigger,sequence_trigger,document_trust,True,False,0,
delete_item__sequence_trigger__r011,delete_item,sequence_trigger,sequence_trigger,nominal_repeat,True,False,10,
delete_item__sequence_trigger__r011,delete_item,sequence_trigger,sequence_trigger,random_relational_fuzzing,True,False,10,
delete_item__sequence_trigger__r011,delete_item,sequence_trigger,sequence_trigger,cep,True,False,10,
delete_item__sequence_trigger__r012,delete_item,sequence_trigger,sequence_trigger,document_trust,True,False,0,
delete_item__sequence_trigger__r012,delete_item,sequence_trigger,sequence_trigger,nominal_repeat,True,False,10,
delete_item__sequence_trigger__r012,delete_item,sequence_trigger,sequence_trigger,random_relational_fuzzing,True,False,10,
delete_item__sequence_trigger__r012,delete_item,sequence_trigger,sequence_trigger,cep,True,False,10,
delete_item__sequence_trigger__r013,delete_item,sequence_trigger,sequence_trigger,document_trust,True,False,0,
delete_item__sequence_trigger__r013,delete_item,sequence_trigger,sequence_trigger,nominal_repeat,True,False,10,
delete_item__sequence_trigger__r013,delete_item,sequence_trigger,sequence_trigger,random_relational_fuzzing,True,False,10,
delete_item__sequence_trigger__r013,delete_item,sequence_trigger,sequence_trigger,cep,True,False,10,
delete_item__sequence_trigger__r014,delete_item,sequence_trigger,sequence_trigger,document_trust,True,False,0,
delete_item__sequence_trigger__r014,delete_item,sequence_trigger,sequence_trigger,nominal_repeat,True,False,10,
delete_item__sequence_trigger__r014,delete_item,sequence_trigger,sequence_trigger,random_relational_fuzzing,True,False,10,
delete_item__sequence_trigger__r014,delete_item,sequence_trigger,sequence_trigger,cep,True,False,10,
delete_item__sequence_trigger__r015,delete_item,sequence_trigger,sequence_trigger,document_trust,True,False,0,
delete_item__sequence_trigger__r015,delete_item,sequence_trigger,sequence_trigger,nominal_repeat,True,False,10,
delete_item__sequence_trigger__r015,delete_item,sequence_trigger,sequence_trigger,random_relational_fuzzing,True,False,10,
delete_item__sequence_trigger__r015,delete_item,sequence_trigger,sequence_trigger,cep,True,False,10,
delete_item__sequence_trigger__r016,delete_item,sequence_trigger,sequence_trigger,document_trust,True,False,0,
delete_item__sequence_trigger__r016,delete_item,sequence_trigger,sequence_trigger,nominal_repeat,True,False,10,
delete_item__sequence_trigger__r016,delete_item,sequence_trigger,sequence_trigger,random_relational_fuzzing,True,False,10,
delete_item__sequence_trigger__r016,delete_item,sequence_trigger,sequence_trigger,cep,True,False,10,
delete_item__sequence_trigger__r017,delete_item,sequence_trigger,sequence_trigger,document_trust,True,False,0,
delete_item__sequence_trigger__r017,delete_item,sequence_trigger,sequence_trigger,nominal_repeat,True,False,10,
delete_item__sequence_trigger__r017,delete_item,sequence_trigger,sequence_trigger,random_relational_fuzzing,True,False,10,
delete_item__sequence_trigger__r017,delete_item,sequence_trigger,sequence_trigger,cep,True,False,10,
delete_item__sequence_trigger__r018,delete_item,sequence_trigger,sequence_trigger,document_trust,True,False,0,
delete_item__sequence_trigger__r018,delete_item,sequence_trigger,sequence_trigger,nominal_repeat,True,False,10,
delete_item__sequence_trigger__r018,delete_item,sequence_trigger,sequence_trigger,random_relational_fuzzing,True,False,10,
delete_item__sequence_trigger__r018,delete_item,sequence_trigger,sequence_trigger,cep,True,False,10,
delete_item__sequence_trigger__r019,delete_item,sequence_trigger,sequence_trigger,document_trust,True,False,0,
delete_item__sequence_trigger__r019,delete_item,sequence_trigger,sequence_trigger,nominal_repeat,True,False,10,
delete_item__sequence_trigger__r019,delete_item,sequence_trigger,sequence_trigger,random_relational_fuzzing,True,False,10,
delete_item__sequence_trigger__r019,delete_item,sequence_trigger,sequence_trigger,cep,True,False,10,
delete_item__unobservable_effect__r000,delete_item,unobservable_effect,unobservable_effect,document_trust,True,False,0,
delete_item__unobservable_effect__r000,delete_item,unobservable_effect,unobservable_effect,nominal_repeat,True,False,10,
delete_item__unobservable_effect__r000,delete_item,unobservable_effect,unobservable_effect,random_relational_fuzzing,True,False,10,
delete_item__unobservable_effect__r000,delete_item,unobservable_effect,unobservable_effect,cep,True,False,10,
delete_item__unobservable_effect__r001,delete_item,unobservable_effect,unobservable_effect,document_trust,True,False,0,
delete_item__unobservable_effect__r001,delete_item,unobservable_effect,unobservable_effect,nominal_repeat,True,False,10,
delete_item__unobservable_effect__r001,delete_item,unobservable_effect,unobservable_effect,random_relational_fuzzing,True,False,10,
delete_item__unobservable_effect__r001,delete_item,unobservable_effect,unobservable_effect,cep,True,False,10,
delete_item__unobservable_effect__r002,delete_item,unobservable_effect,unobservable_effect,document_trust,True,False,0,
delete_item__unobservable_effect__r002,delete_item,unobservable_effect,unobservable_effect,nominal_repeat,True,False,10,
delete_item__unobservable_effect__r002,delete_item,unobservable_effect,unobservable_effect,random_relational_fuzzing,True,False,10,
delete_item__unobservable_effect__r002,delete_item,unobservable_effect,unobservable_effect,cep,True,False,10,
delete_item__unobservable_effect__r003,delete_item,unobservable_effect,unobservable_effect,document_trust,True,False,0,
delete_item__unobservable_effect__r003,delete_item,unobservable_effect,unobservable_effect,nominal_repeat,True,False,10,
delete_item__unobservable_effect__r003,delete_item,unobservable_effect,unobservable_effect,random_relational_fuzzing,True,False,10,
delete_item__unobservable_effect__r003,delete_item,unobservable_effect,unobservable_effect,cep,True,False,10,
delete_item__unobservable_effect__r004,delete_item,unobservable_effect,unobservable_effect,document_trust,True,False,0,
delete_item__unobservable_effect__r004,delete_item,unobservable_effect,unobservable_effect,nominal_repeat,True,False,10,
delete_item__unobservable_effect__r004,delete_item,unobservable_effect,unobservable_effect,random_relational_fuzzing,True,False,10,
delete_item__unobservable_effect__r004,delete_item,unobservable_effect,unobservable_effect,cep,True,False,10,
delete_item__unobservable_effect__r005,delete_item,unobservable_effect,unobservable_effect,document_trust,True,False,0,
delete_item__unobservable_effect__r005,delete_item,unobservable_effect,unobservable_effect,nominal_repeat,True,False,10,
delete_item__unobservable_effect__r005,delete_item,unobservable_effect,unobservable_effect,random_relational_fuzzing,True,False,10,
delete_item__unobservable_effect__r005,delete_item,unobservable_effect,unobservable_effect,cep,True,False,10,
delete_item__unobservable_effect__r006,delete_item,unobservable_effect,unobservable_effect,document_trust,True,False,0,
delete_item__unobservable_effect__r006,delete_item,unobservable_effect,unobservable_effect,nominal_repeat,True,False,10,
delete_item__unobservable_effect__r006,delete_item,unobservable_effect,unobservable_effect,random_relational_fuzzing,True,False,10,
delete_item__unobservable_effect__r006,delete_item,unobservable_effect,unobservable_effect,cep,True,False,10,
delete_item__unobservable_effect__r007,delete_item,unobservable_effect,unobservable_effect,document_trust,True,False,0,
delete_item__unobservable_effect__r007,delete_item,unobservable_effect,unobservable_effect,nominal_repeat,True,False,10,
delete_item__unobservable_effect__r007,delete_item,unobservable_effect,unobservable_effect,random_relational_fuzzing,True,False,10,
delete_item__unobservable_effect__r007,delete_item,unobservable_effect,unobservable_effect,cep,True,False,10,
delete_item__unobservable_effect__r008,delete_item,unobservable_effect,unobservable_effect,document_trust,True,False,0,
delete_item__unobservable_effect__r008,delete_item,unobservable_effect,unobservable_effect,nominal_repeat,True,False,10,
delete_item__unobservable_effect__r008,delete_item,unobservable_effect,unobservable_effect,random_relational_fuzzing,True,False,10,
delete_item__unobservable_effect__r008,delete_item,unobservable_effect,unobservable_effect,cep,True,False,10,
delete_item__unobservable_effect__r009,delete_item,unobservable_effect,unobservable_effect,document_trust,True,False,0,
delete_item__unobservable_effect__r009,delete_item,unobservable_effect,unobservable_effect,nominal_repeat,True,False,10,
delete_item__unobservable_effect__r009,delete_item,unobservable_effect,unobservable_effect,random_relational_fuzzing,True,False,10,
delete_item__unobservable_effect__r009,delete_item,unobservable_effect,unobservable_effect,cep,True,False,10,
delete_item__unobservable_effect__r010,delete_item,unobservable_effect,unobservable_effect,document_trust,True,False,0,
delete_item__unobservable_effect__r010,delete_item,unobservable_effect,unobservable_effect,nominal_repeat,True,False,10,
delete_item__unobservable_effect__r010,delete_item,unobservable_effect,unobservable_effect,random_relational_fuzzing,True,False,10,
delete_item__unobservable_effect__r010,delete_item,unobservable_effect,unobservable_effect,cep,True,False,10,
delete_item__unobservable_effect__r011,delete_item,unobservable_effect,unobservable_effect,document_trust,True,False,0,
delete_item__unobservable_effect__r011,delete_item,unobservable_effect,unobservable_effect,nominal_repeat,True,False,10,
delete_item__unobservable_effect__r011,delete_item,unobservable_effect,unobservable_effect,random_relational_fuzzing,True,False,10,
delete_item__unobservable_effect__r011,delete_item,unobservable_effect,unobservable_effect,cep,True,False,10,
delete_item__unobservable_effect__r012,delete_item,unobservable_effect,unobservable_effect,document_trust,True,False,0,
delete_item__unobservable_effect__r012,delete_item,unobservable_effect,unobservable_effect,nominal_repeat,True,False,10,
delete_item__unobservable_effect__r012,delete_item,unobservable_effect,unobservable_effect,random_relational_fuzzing,True,False,10,
delete_item__unobservable_effect__r012,delete_item,unobservable_effect,unobservable_effect,cep,True,False,10,
delete_item__unobservable_effect__r013,delete_item,unobservable_effect,unobservable_effect,document_trust,True,False,0,
delete_item__unobservable_effect__r013,delete_item,unobservable_effect,unobservable_effect,nominal_repeat,True,False,10,
delete_item__unobservable_effect__r013,delete_item,unobservable_effect,unobservable_effect,random_relational_fuzzing,True,False,10,
delete_item__unobservable_effect__r013,delete_item,unobservable_effect,unobservable_effect,cep,True,False,10,
delete_item__unobservable_effect__r014,delete_item,unobservable_effect,unobservable_effect,document_trust,True,False,0,
delete_item__unobservable_effect__r014,delete_item,unobservable_effect,unobservable_effect,nominal_repeat,True,False,10,
delete_item__unobservable_effect__r014,delete_item,unobservable_effect,unobservable_effect,random_relational_fuzzing,True,False,10,
delete_item__unobservable_effect__r014,delete_item,unobservable_effect,unobservable_effect,cep,True,False,10,
delete_item__unobservable_effect__r015,delete_item,unobservable_effect,unobservable_effect,document_trust,True,False,0,
delete_item__unobservable_effect__r015,delete_item,unobservable_effect,unobservable_effect,nominal_repeat,True,False,10,
delete_item__unobservable_effect__r015,delete_item,unobservable_effect,unobservable_effect,random_relational_fuzzing,True,False,10,
delete_item__unobservable_effect__r015,delete_item,unobservable_effect,unobservable_effect,cep,True,False,10,
delete_item__unobservable_effect__r016,delete_item,unobservable_effect,unobservable_effect,document_trust,True,False,0,
delete_item__unobservable_effect__r016,delete_item,unobservable_effect,unobservable_effect,nominal_repeat,True,False,10,
delete_item__unobservable_effect__r016,delete_item,unobservable_effect,unobservable_effect,random_relational_fuzzing,True,False,10,
delete_item__unobservable_effect__r016,delete_item,unobservable_effect,unobservable_effect,cep,True,False,10,
delete_item__unobservable_effect__r017,delete_item,unobservable_effect,unobservable_effect,document_trust,True,False,0,
delete_item__unobservable_effect__r017,delete_item,unobservable_effect,unobservable_effect,nominal_repeat,True,False,10,
delete_item__unobservable_effect__r017,delete_item,unobservable_effect,unobservable_effect,random_relational_fuzzing,True,False,10,
delete_item__unobservable_effect__r017,delete_item,unobservable_effect,unobservable_effect,cep,True,False,10,
delete_item__unobservable_effect__r018,delete_item,unobservable_effect,unobservable_effect,document_trust,True,False,0,
delete_item__unobservable_effect__r018,delete_item,unobservable_effect,unobservable_effect,nominal_repeat,True,False,10,
delete_item__unobservable_effect__r018,delete_item,unobservable_effect,unobservable_effect,random_relational_fuzzing,True,False,10,
delete_item__unobservable_effect__r018,delete_item,unobservable_effect,unobservable_effect,cep,True,False,10,
delete_item__unobservable_effect__r019,delete_item,unobservable_effect,unobservable_effect,document_trust,True,False,0,
delete_item__unobservable_effect__r019,delete_item,unobservable_effect,unobservable_effect,nominal_repeat,True,False,10,
delete_item__unobservable_effect__r019,delete_item,unobservable_effect,unobservable_effect,random_relational_fuzzing,True,False,10,
delete_item__unobservable_effect__r019,delete_item,unobservable_effect,unobservable_effect,cep,True,False,10,
export_rows__clean__r000,export_rows,clean,clean,document_trust,False,False,0,
export_rows__clean__r000,export_rows,clean,clean,nominal_repeat,False,False,10,
export_rows__clean__r000,export_rows,clean,clean,random_relational_fuzzing,False,False,10,
export_rows__clean__r000,export_rows,clean,clean,cep,False,False,10,
export_rows__clean__r001,export_rows,clean,clean,document_trust,False,False,0,
export_rows__clean__r001,export_rows,clean,clean,nominal_repeat,False,False,10,
export_rows__clean__r001,export_rows,clean,clean,random_relational_fuzzing,False,False,10,
export_rows__clean__r001,export_rows,clean,clean,cep,False,False,10,
export_rows__clean__r002,export_rows,clean,clean,document_trust,False,False,0,
export_rows__clean__r002,export_rows,clean,clean,nominal_repeat,False,False,10,
export_rows__clean__r002,export_rows,clean,clean,random_relational_fuzzing,False,False,10,
export_rows__clean__r002,export_rows,clean,clean,cep,False,False,10,
export_rows__clean__r003,export_rows,clean,clean,document_trust,False,False,0,
export_rows__clean__r003,export_rows,clean,clean,nominal_repeat,False,False,10,
export_rows__clean__r003,export_rows,clean,clean,random_relational_fuzzing,False,False,10,
export_rows__clean__r003,export_rows,clean,clean,cep,False,False,10,
export_rows__clean__r004,export_rows,clean,clean,document_trust,False,False,0,
export_rows__clean__r004,export_rows,clean,clean,nominal_repeat,False,False,10,
export_rows__clean__r004,export_rows,clean,clean,random_relational_fuzzing,False,False,10,
export_rows__clean__r004,export_rows,clean,clean,cep,False,False,10,
export_rows__clean__r005,export_rows,clean,clean,document_trust,False,False,0,
export_rows__clean__r005,export_rows,clean,clean,nominal_repeat,False,False,10,
export_rows__clean__r005,export_rows,clean,clean,random_relational_fuzzing,False,False,10,
export_rows__clean__r005,export_rows,clean,clean,cep,False,False,10,
export_rows__clean__r006,export_rows,clean,clean,document_trust,False,False,0,
export_rows__clean__r006,export_rows,clean,clean,nominal_repeat,False,False,10,
export_rows__clean__r006,export_rows,clean,clean,random_relational_fuzzing,False,False,10,
export_rows__clean__r006,export_rows,clean,clean,cep,False,False,10,
export_rows__clean__r007,export_rows,clean,clean,document_trust,False,False,0,
export_rows__clean__r007,export_rows,clean,clean,nominal_repeat,False,False,10,
export_rows__clean__r007,export_rows,clean,clean,random_relational_fuzzing,False,False,10,
export_rows__clean__r007,export_rows,clean,clean,cep,False,False,10,
export_rows__clean__r008,export_rows,clean,clean,document_trust,False,False,0,
export_rows__clean__r008,export_rows,clean,clean,nominal_repeat,False,False,10,
export_rows__clean__r008,export_rows,clean,clean,random_relational_fuzzing,False,False,10,
export_rows__clean__r008,export_rows,clean,clean,cep,False,False,10,
export_rows__clean__r009,export_rows,clean,clean,document_trust,False,False,0,
export_rows__clean__r009,export_rows,clean,clean,nominal_repeat,False,False,10,
export_rows__clean__r009,export_rows,clean,clean,random_relational_fuzzing,False,False,10,
export_rows__clean__r009,export_rows,clean,clean,cep,False,False,10,
export_rows__clean__r010,export_rows,clean,clean,document_trust,False,False,0,
export_rows__clean__r010,export_rows,clean,clean,nominal_repeat,False,False,10,
export_rows__clean__r010,export_rows,clean,clean,random_relational_fuzzing,False,False,10,
export_rows__clean__r010,export_rows,clean,clean,cep,False,False,10,
export_rows__clean__r011,export_rows,clean,clean,document_trust,False,False,0,
export_rows__clean__r011,export_rows,clean,clean,nominal_repeat,False,False,10,
export_rows__clean__r011,export_rows,clean,clean,random_relational_fuzzing,False,False,10,
export_rows__clean__r011,export_rows,clean,clean,cep,False,False,10,
export_rows__clean__r012,export_rows,clean,clean,document_trust,False,False,0,
export_rows__clean__r012,export_rows,clean,clean,nominal_repeat,False,False,10,
export_rows__clean__r012,export_rows,clean,clean,random_relational_fuzzing,False,False,10,
export_rows__clean__r012,export_rows,clean,clean,cep,False,False,10,
export_rows__clean__r013,export_rows,clean,clean,document_trust,False,False,0,
export_rows__clean__r013,export_rows,clean,clean,nominal_repeat,False,False,10,
export_rows__clean__r013,export_rows,clean,clean,random_relational_fuzzing,False,False,10,
export_rows__clean__r013,export_rows,clean,clean,cep,False,False,10,
export_rows__clean__r014,export_rows,clean,clean,document_trust,False,False,0,
export_rows__clean__r014,export_rows,clean,clean,nominal_repeat,False,False,10,
export_rows__clean__r014,export_rows,clean,clean,random_relational_fuzzing,False,False,10,
export_rows__clean__r014,export_rows,clean,clean,cep,False,False,10,
export_rows__clean__r015,export_rows,clean,clean,document_trust,False,False,0,
export_rows__clean__r015,export_rows,clean,clean,nominal_repeat,False,False,10,
export_rows__clean__r015,export_rows,clean,clean,random_relational_fuzzing,False,False,10,
export_rows__clean__r015,export_rows,clean,clean,cep,False,False,10,
export_rows__clean__r016,export_rows,clean,clean,document_trust,False,False,0,
export_rows__clean__r016,export_rows,clean,clean,nominal_repeat,False,False,10,
export_rows__clean__r016,export_rows,clean,clean,random_relational_fuzzing,False,False,10,
export_rows__clean__r016,export_rows,clean,clean,cep,False,False,10,
export_rows__clean__r017,export_rows,clean,clean,document_trust,False,False,0,
export_rows__clean__r017,export_rows,clean,clean,nominal_repeat,False,False,10,
export_rows__clean__r017,export_rows,clean,clean,random_relational_fuzzing,False,False,10,
export_rows__clean__r017,export_rows,clean,clean,cep,False,False,10,
export_rows__clean__r018,export_rows,clean,clean,document_trust,False,False,0,
export_rows__clean__r018,export_rows,clean,clean,nominal_repeat,False,False,10,
export_rows__clean__r018,export_rows,clean,clean,random_relational_fuzzing,False,False,10,
export_rows__clean__r018,export_rows,clean,clean,cep,False,False,10,
export_rows__clean__r019,export_rows,clean,clean,document_trust,False,False,0,
export_rows__clean__r019,export_rows,clean,clean,nominal_repeat,False,False,10,
export_rows__clean__r019,export_rows,clean,clean,random_relational_fuzzing,False,False,10,
export_rows__clean__r019,export_rows,clean,clean,cep,False,False,10,
export_rows__fixed_target__r000,export_rows,fixed_target,single_factor_observable,document_trust,True,False,0,
export_rows__fixed_target__r000,export_rows,fixed_target,single_factor_observable,nominal_repeat,True,False,10,
export_rows__fixed_target__r000,export_rows,fixed_target,single_factor_observable,random_relational_fuzzing,True,False,10,
export_rows__fixed_target__r000,export_rows,fixed_target,single_factor_observable,cep,True,True,10,"target_nonresponsiveness:target_edge_1,target_edge_2"
export_rows__fixed_target__r001,export_rows,fixed_target,single_factor_observable,document_trust,True,False,0,
export_rows__fixed_target__r001,export_rows,fixed_target,single_factor_observable,nominal_repeat,True,False,10,
export_rows__fixed_target__r001,export_rows,fixed_target,single_factor_observable,random_relational_fuzzing,True,False,10,
export_rows__fixed_target__r001,export_rows,fixed_target,single_factor_observable,cep,True,True,10,"target_nonresponsiveness:target_edge_1,target_edge_2"
export_rows__fixed_target__r002,export_rows,fixed_target,single_factor_observable,document_trust,True,False,0,
export_rows__fixed_target__r002,export_rows,fixed_target,single_factor_observable,nominal_repeat,True,False,10,
export_rows__fixed_target__r002,export_rows,fixed_target,single_factor_observable,random_relational_fuzzing,True,False,10,
export_rows__fixed_target__r002,export_rows,fixed_target,single_factor_observable,cep,True,True,10,"target_nonresponsiveness:target_edge_1,target_edge_2"
export_rows__fixed_target__r003,export_rows,fixed_target,single_factor_observable,document_trust,True,False,0,
export_rows__fixed_target__r003,export_rows,fixed_target,single_factor_observable,nominal_repeat,True,False,10,
export_rows__fixed_target__r003,export_rows,fixed_target,single_factor_observable,random_relational_fuzzing,True,False,10,
export_rows__fixed_target__r003,export_rows,fixed_target,single_factor_observable,cep,True,True,10,"target_nonresponsiveness:target_edge_1,target_edge_2"
export_rows__fixed_target__r004,export_rows,fixed_target,single_factor_observable,document_trust,True,False,0,
export_rows__fixed_target__r004,export_rows,fixed_target,single_factor_observable,nominal_repeat,True,False,10,
export_rows__fixed_target__r004,export_rows,fixed_target,single_factor_observable,random_relational_fuzzing,True,False,10,
export_rows__fixed_target__r004,export_rows,fixed_target,single_factor_observable,cep,True,True,10,"target_nonresponsiveness:target_edge_1,target_edge_2"
export_rows__fixed_target__r005,export_rows,fixed_target,single_factor_observable,document_trust,True,False,0,
export_rows__fixed_target__r005,export_rows,fixed_target,single_factor_observable,nominal_repeat,True,False,10,
export_rows__fixed_target__r005,export_rows,fixed_target,single_factor_observable,random_relational_fuzzing,True,False,10,
export_rows__fixed_target__r005,export_rows,fixed_target,single_factor_observable,cep,True,True,10,"target_nonresponsiveness:target_edge_1,target_edge_2"
export_rows__fixed_target__r006,export_rows,fixed_target,single_factor_observable,document_trust,True,False,0,
export_rows__fixed_target__r006,export_rows,fixed_target,single_factor_observable,nominal_repeat,True,False,10,
export_rows__fixed_target__r006,export_rows,fixed_target,single_factor_observable,random_relational_fuzzing,True,False,10,
export_rows__fixed_target__r006,export_rows,fixed_target,single_factor_observable,cep,True,True,10,"target_nonresponsiveness:target_edge_1,target_edge_2"
export_rows__fixed_target__r007,export_rows,fixed_target,single_factor_observable,document_trust,True,False,0,
export_rows__fixed_target__r007,export_rows,fixed_target,single_factor_observable,nominal_repeat,True,False,10,
export_rows__fixed_target__r007,export_rows,fixed_target,single_factor_observable,random_relational_fuzzing,True,False,10,
export_rows__fixed_target__r007,export_rows,fixed_target,single_factor_observable,cep,True,True,10,"target_nonresponsiveness:target_edge_1,target_edge_2"
export_rows__fixed_target__r008,export_rows,fixed_target,single_factor_observable,document_trust,True,False,0,
export_rows__fixed_target__r008,export_rows,fixed_target,single_factor_observable,nominal_repeat,True,False,10,
export_rows__fixed_target__r008,export_rows,fixed_target,single_factor_observable,random_relational_fuzzing,True,False,10,
export_rows__fixed_target__r008,export_rows,fixed_target,single_factor_observable,cep,True,True,10,"target_nonresponsiveness:target_edge_1,target_edge_2"
export_rows__fixed_target__r009,export_rows,fixed_target,single_factor_observable,document_trust,True,False,0,
export_rows__fixed_target__r009,export_rows,fixed_target,single_factor_observable,nominal_repeat,True,False,10,
export_rows__fixed_target__r009,export_rows,fixed_target,single_factor_observable,random_relational_fuzzing,True,False,10,
export_rows__fixed_target__r009,export_rows,fixed_target,single_factor_observable,cep,True,True,10,"target_nonresponsiveness:target_edge_1,target_edge_2"
export_rows__fixed_target__r010,export_rows,fixed_target,single_factor_observable,document_trust,True,False,0,
export_rows__fixed_target__r010,export_rows,fixed_target,single_factor_observable,nominal_repeat,True,False,10,
export_rows__fixed_target__r010,export_rows,fixed_target,single_factor_observable,random_relational_fuzzing,True,True,10,"target_nonresponsiveness:random_3,random_5"
export_rows__fixed_target__r010,export_rows,fixed_target,single_factor_observable,cep,True,True,10,"target_nonresponsiveness:target_edge_1,target_edge_2"
export_rows__fixed_target__r011,export_rows,fixed_target,single_factor_observable,document_trust,True,False,0,
export_rows__fixed_target__r011,export_rows,fixed_target,single_factor_observable,nominal_repeat,True,False,10,
export_rows__fixed_target__r011,export_rows,fixed_target,single_factor_observable,random_relational_fuzzing,True,False,10,
export_rows__fixed_target__r011,export_rows,fixed_target,single_factor_observable,cep,True,True,10,"target_nonresponsiveness:target_edge_1,target_edge_2"
export_rows__fixed_target__r012,export_rows,fixed_target,single_factor_observable,document_trust,True,False,0,
export_rows__fixed_target__r012,export_rows,fixed_target,single_factor_observable,nominal_repeat,True,False,10,
export_rows__fixed_target__r012,export_rows,fixed_target,single_factor_observable,random_relational_fuzzing,True,False,10,
export_rows__fixed_target__r012,export_rows,fixed_target,single_factor_observable,cep,True,True,10,"target_nonresponsiveness:target_edge_1,target_edge_2"
export_rows__fixed_target__r013,export_rows,fixed_target,single_factor_observable,document_trust,True,False,0,
export_rows__fixed_target__r013,export_rows,fixed_target,single_factor_observable,nominal_repeat,True,False,10,
export_rows__fixed_target__r013,export_rows,fixed_target,single_factor_observable,random_relational_fuzzing,True,True,10,"target_nonresponsiveness:random_2,random_6|target_nonresponsiveness:random_6,random_8"
export_rows__fixed_target__r013,export_rows,fixed_target,single_factor_observable,cep,True,True,10,"target_nonresponsiveness:target_edge_1,target_edge_2"
export_rows__fixed_target__r014,export_rows,fixed_target,single_factor_observable,document_trust,True,False,0,
export_rows__fixed_target__r014,export_rows,fixed_target,single_factor_observable,nominal_repeat,True,False,10,
export_rows__fixed_target__r014,export_rows,fixed_target,single_factor_observable,random_relational_fuzzing,True,False,10,
export_rows__fixed_target__r014,export_rows,fixed_target,single_factor_observable,cep,True,True,10,"target_nonresponsiveness:target_edge_1,target_edge_2"
export_rows__fixed_target__r015,export_rows,fixed_target,single_factor_observable,document_trust,True,False,0,
export_rows__fixed_target__r015,export_rows,fixed_target,single_factor_observable,nominal_repeat,True,False,10,
export_rows__fixed_target__r015,export_rows,fixed_target,single_factor_observable,random_relational_fuzzing,True,False,10,
export_rows__fixed_target__r015,export_rows,fixed_target,single_factor_observable,cep,True,True,10,"target_nonresponsiveness:target_edge_1,target_edge_2"
export_rows__fixed_target__r016,export_rows,fixed_target,single_factor_observable,document_trust,True,False,0,
export_rows__fixed_target__r016,export_rows,fixed_target,single_factor_observable,nominal_repeat,True,False,10,
export_rows__fixed_target__r016,export_rows,fixed_target,single_factor_observable,random_relational_fuzzing,True,False,10,
export_rows__fixed_target__r016,export_rows,fixed_target,single_factor_observable,cep,True,True,10,"target_nonresponsiveness:target_edge_1,target_edge_2"
export_rows__fixed_target__r017,export_rows,fixed_target,single_factor_observable,document_trust,True,False,0,
export_rows__fixed_target__r017,export_rows,fixed_target,single_factor_observable,nominal_repeat,True,False,10,
export_rows__fixed_target__r017,export_rows,fixed_target,single_factor_observable,random_relational_fuzzing,True,False,10,
export_rows__fixed_target__r017,export_rows,fixed_target,single_factor_observable,cep,True,True,10,"target_nonresponsiveness:target_edge_1,target_edge_2"
export_rows__fixed_target__r018,export_rows,fixed_target,single_factor_observable,document_trust,True,False,0,
export_rows__fixed_target__r018,export_rows,fixed_target,single_factor_observable,nominal_repeat,True,False,10,
export_rows__fixed_target__r018,export_rows,fixed_target,single_factor_observable,random_relational_fuzzing,True,False,10,
export_rows__fixed_target__r018,export_rows,fixed_target,single_factor_observable,cep,True,True,10,"target_nonresponsiveness:target_edge_1,target_edge_2"
export_rows__fixed_target__r019,export_rows,fixed_target,single_factor_observable,document_trust,True,False,0,
export_rows__fixed_target__r019,export_rows,fixed_target,single_factor_observable,nominal_repeat,True,False,10,
export_rows__fixed_target__r019,export_rows,fixed_target,single_factor_observable,random_relational_fuzzing,True,False,10,
export_rows__fixed_target__r019,export_rows,fixed_target,single_factor_observable,cep,True,True,10,"target_nonresponsiveness:target_edge_1,target_edge_2"
export_rows__sensitive_exfil__r000,export_rows,sensitive_exfil,single_factor_observable,document_trust,True,False,0,
export_rows__sensitive_exfil__r000,export_rows,sensitive_exfil,single_factor_observable,nominal_repeat,True,False,10,
export_rows__sensitive_exfil__r000,export_rows,sensitive_exfil,single_factor_observable,random_relational_fuzzing,True,True,10,random_2:effect_count=2|random_4:effect_count=2|random_6:effect_count=2|random_7:effect_count=2
export_rows__sensitive_exfil__r000,export_rows,sensitive_exfil,single_factor_observable,cep,True,True,10,sensitive_1:effect_count=2|sensitive_2:effect_count=2
export_rows__sensitive_exfil__r001,export_rows,sensitive_exfil,single_factor_observable,document_trust,True,False,0,
export_rows__sensitive_exfil__r001,export_rows,sensitive_exfil,single_factor_observable,nominal_repeat,True,False,10,
export_rows__sensitive_exfil__r001,export_rows,sensitive_exfil,single_factor_observable,random_relational_fuzzing,True,True,10,random_1:effect_count=2
export_rows__sensitive_exfil__r001,export_rows,sensitive_exfil,single_factor_observable,cep,True,True,10,sensitive_1:effect_count=2|sensitive_2:effect_count=2
export_rows__sensitive_exfil__r002,export_rows,sensitive_exfil,single_factor_observable,document_trust,True,False,0,
export_rows__sensitive_exfil__r002,export_rows,sensitive_exfil,single_factor_observable,nominal_repeat,True,False,10,
export_rows__sensitive_exfil__r002,export_rows,sensitive_exfil,single_factor_observable,random_relational_fuzzing,True,True,10,random_1:effect_count=2|random_2:effect_count=2|random_5:effect_count=2
export_rows__sensitive_exfil__r002,export_rows,sensitive_exfil,single_factor_observable,cep,True,True,10,sensitive_1:effect_count=2|sensitive_2:effect_count=2
export_rows__sensitive_exfil__r003,export_rows,sensitive_exfil,single_factor_observable,document_trust,True,False,0,
export_rows__sensitive_exfil__r003,export_rows,sensitive_exfil,single_factor_observable,nominal_repeat,True,False,10,
export_rows__sensitive_exfil__r003,export_rows,sensitive_exfil,single_factor_observable,random_relational_fuzzing,True,True,10,random_0:effect_count=2|random_4:effect_count=2|random_5:effect_count=2
export_rows__sensitive_exfil__r003,export_rows,sensitive_exfil,single_factor_observable,cep,True,True,10,sensitive_1:effect_count=2|sensitive_2:effect_count=2
export_rows__sensitive_exfil__r004,export_rows,sensitive_exfil,single_factor_observable,document_trust,True,False,0,
export_rows__sensitive_exfil__r004,export_rows,sensitive_exfil,single_factor_observable,nominal_repeat,True,False,10,
export_rows__sensitive_exfil__r004,export_rows,sensitive_exfil,single_factor_observable,random_relational_fuzzing,True,True,10,random_3:effect_count=2|random_7:effect_count=2
export_rows__sensitive_exfil__r004,export_rows,sensitive_exfil,single_factor_observable,cep,True,True,10,sensitive_1:effect_count=2|sensitive_2:effect_count=2
export_rows__sensitive_exfil__r005,export_rows,sensitive_exfil,single_factor_observable,document_trust,True,False,0,
export_rows__sensitive_exfil__r005,export_rows,sensitive_exfil,single_factor_observable,nominal_repeat,True,False,10,
export_rows__sensitive_exfil__r005,export_rows,sensitive_exfil,single_factor_observable,random_relational_fuzzing,True,True,10,random_1:effect_count=2|random_5:effect_count=2|random_8:effect_count=2
export_rows__sensitive_exfil__r005,export_rows,sensitive_exfil,single_factor_observable,cep,True,True,10,sensitive_1:effect_count=2|sensitive_2:effect_count=2
export_rows__sensitive_exfil__r006,export_rows,sensitive_exfil,single_factor_observable,document_trust,True,False,0,
export_rows__sensitive_exfil__r006,export_rows,sensitive_exfil,single_factor_observable,nominal_repeat,True,False,10,
export_rows__sensitive_exfil__r006,export_rows,sensitive_exfil,single_factor_observable,random_relational_fuzzing,True,True,10,random_0:effect_count=2|random_2:effect_count=2|random_5:effect_count=2|random_8:effect_count=2|random_9:effect_count=2
export_rows__sensitive_exfil__r006,export_rows,sensitive_exfil,single_factor_observable,cep,True,True,10,sensitive_1:effect_count=2|sensitive_2:effect_count=2
export_rows__sensitive_exfil__r007,export_rows,sensitive_exfil,single_factor_observable,document_trust,True,False,0,
export_rows__sensitive_exfil__r007,export_rows,sensitive_exfil,single_factor_observable,nominal_repeat,True,False,10,
export_rows__sensitive_exfil__r007,export_rows,sensitive_exfil,single_factor_observable,random_relational_fuzzing,True,True,10,random_1:effect_count=2|random_5:effect_count=2
export_rows__sensitive_exfil__r007,export_rows,sensitive_exfil,single_factor_observable,cep,True,True,10,sensitive_1:effect_count=2|sensitive_2:effect_count=2
export_rows__sensitive_exfil__r008,export_rows,sensitive_exfil,single_factor_observable,document_trust,True,False,0,
export_rows__sensitive_exfil__r008,export_rows,sensitive_exfil,single_factor_observable,nominal_repeat,True,False,10,
export_rows__sensitive_exfil__r008,export_rows,sensitive_exfil,single_factor_observable,random_relational_fuzzing,True,True,10,random_2:effect_count=2|random_4:effect_count=2|random_5:effect_count=2|random_9:effect_count=2
export_rows__sensitive_exfil__r008,export_rows,sensitive_exfil,single_factor_observable,cep,True,True,10,sensitive_1:effect_count=2|sensitive_2:effect_count=2
export_rows__sensitive_exfil__r009,export_rows,sensitive_exfil,single_factor_observable,document_trust,True,False,0,
export_rows__sensitive_exfil__r009,export_rows,sensitive_exfil,single_factor_observable,nominal_repeat,True,False,10,
export_rows__sensitive_exfil__r009,export_rows,sensitive_exfil,single_factor_observable,random_relational_fuzzing,True,True,10,random_2:effect_count=2|random_8:effect_count=2
export_rows__sensitive_exfil__r009,export_rows,sensitive_exfil,single_factor_observable,cep,True,True,10,sensitive_1:effect_count=2|sensitive_2:effect_count=2
export_rows__sensitive_exfil__r010,export_rows,sensitive_exfil,single_factor_observable,document_trust,True,False,0,
export_rows__sensitive_exfil__r010,export_rows,sensitive_exfil,single_factor_observable,nominal_repeat,True,False,10,
export_rows__sensitive_exfil__r010,export_rows,sensitive_exfil,single_factor_observable,random_relational_fuzzing,True,True,10,random_0:effect_count=2|random_5:effect_count=2|random_6:effect_count=2|random_9:effect_count=2
export_rows__sensitive_exfil__r010,export_rows,sensitive_exfil,single_factor_observable,cep,True,True,10,sensitive_1:effect_count=2|sensitive_2:effect_count=2
export_rows__sensitive_exfil__r011,export_rows,sensitive_exfil,single_factor_observable,document_trust,True,False,0,
export_rows__sensitive_exfil__r011,export_rows,sensitive_exfil,single_factor_observable,nominal_repeat,True,False,10,
export_rows__sensitive_exfil__r011,export_rows,sensitive_exfil,single_factor_observable,random_relational_fuzzing,True,True,10,random_4:effect_count=2|random_7:effect_count=2
export_rows__sensitive_exfil__r011,export_rows,sensitive_exfil,single_factor_observable,cep,True,True,10,sensitive_1:effect_count=2|sensitive_2:effect_count=2
export_rows__sensitive_exfil__r012,export_rows,sensitive_exfil,single_factor_observable,document_trust,True,False,0,
export_rows__sensitive_exfil__r012,export_rows,sensitive_exfil,single_factor_observable,nominal_repeat,True,False,10,
export_rows__sensitive_exfil__r012,export_rows,sensitive_exfil,single_factor_observable,random_relational_fuzzing,True,True,10,random_5:effect_count=2|random_9:effect_count=2
export_rows__sensitive_exfil__r012,export_rows,sensitive_exfil,single_factor_observable,cep,True,True,10,sensitive_1:effect_count=2|sensitive_2:effect_count=2
export_rows__sensitive_exfil__r013,export_rows,sensitive_exfil,single_factor_observable,document_trust,True,False,0,
export_rows__sensitive_exfil__r013,export_rows,sensitive_exfil,single_factor_observable,nominal_repeat,True,False,10,
export_rows__sensitive_exfil__r013,export_rows,sensitive_exfil,single_factor_observable,random_relational_fuzzing,True,True,10,random_4:effect_count=2|random_8:effect_count=2
export_rows__sensitive_exfil__r013,export_rows,sensitive_exfil,single_factor_observable,cep,True,True,10,sensitive_1:effect_count=2|sensitive_2:effect_count=2
export_rows__sensitive_exfil__r014,export_rows,sensitive_exfil,single_factor_observable,document_trust,True,False,0,
export_rows__sensitive_exfil__r014,export_rows,sensitive_exfil,single_factor_observable,nominal_repeat,True,False,10,
export_rows__sensitive_exfil__r014,export_rows,sensitive_exfil,single_factor_observable,random_relational_fuzzing,True,True,10,random_5:effect_count=2|random_7:effect_count=2
export_rows__sensitive_exfil__r014,export_rows,sensitive_exfil,single_factor_observable,cep,True,True,10,sensitive_1:effect_count=2|sensitive_2:effect_count=2
export_rows__sensitive_exfil__r015,export_rows,sensitive_exfil,single_factor_observable,document_trust,True,False,0,
export_rows__sensitive_exfil__r015,export_rows,sensitive_exfil,single_factor_observable,nominal_repeat,True,False,10,
export_rows__sensitive_exfil__r015,export_rows,sensitive_exfil,single_factor_observable,random_relational_fuzzing,True,True,10,random_5:effect_count=2
export_rows__sensitive_exfil__r015,export_rows,sensitive_exfil,single_factor_observable,cep,True,True,10,sensitive_1:effect_count=2|sensitive_2:effect_count=2
export_rows__sensitive_exfil__r016,export_rows,sensitive_exfil,single_factor_observable,document_trust,True,False,0,
export_rows__sensitive_exfil__r016,export_rows,sensitive_exfil,single_factor_observable,nominal_repeat,True,False,10,
export_rows__sensitive_exfil__r016,export_rows,sensitive_exfil,single_factor_observable,random_relational_fuzzing,True,True,10,random_3:effect_count=2|random_7:effect_count=2
export_rows__sensitive_exfil__r016,export_rows,sensitive_exfil,single_factor_observable,cep,True,True,10,sensitive_1:effect_count=2|sensitive_2:effect_count=2
export_rows__sensitive_exfil__r017,export_rows,sensitive_exfil,single_factor_observable,document_trust,True,False,0,
export_rows__sensitive_exfil__r017,export_rows,sensitive_exfil,single_factor_observable,nominal_repeat,True,False,10,
export_rows__sensitive_exfil__r017,export_rows,sensitive_exfil,single_factor_observable,random_relational_fuzzing,True,True,10,random_4:effect_count=2|random_5:effect_count=2
export_rows__sensitive_exfil__r017,export_rows,sensitive_exfil,single_factor_observable,cep,True,True,10,sensitive_1:effect_count=2|sensitive_2:effect_count=2
export_rows__sensitive_exfil__r018,export_rows,sensitive_exfil,single_factor_observable,document_trust,True,False,0,
export_rows__sensitive_exfil__r018,export_rows,sensitive_exfil,single_factor_observable,nominal_repeat,True,False,10,
export_rows__sensitive_exfil__r018,export_rows,sensitive_exfil,single_factor_observable,random_relational_fuzzing,True,True,10,random_9:effect_count=2
export_rows__sensitive_exfil__r018,export_rows,sensitive_exfil,single_factor_observable,cep,True,True,10,sensitive_1:effect_count=2|sensitive_2:effect_count=2
export_rows__sensitive_exfil__r019,export_rows,sensitive_exfil,single_factor_observable,document_trust,True,False,0,
export_rows__sensitive_exfil__r019,export_rows,sensitive_exfil,single_factor_observable,nominal_repeat,True,False,10,
export_rows__sensitive_exfil__r019,export_rows,sensitive_exfil,single_factor_observable,random_relational_fuzzing,True,False,10,
export_rows__sensitive_exfil__r019,export_rows,sensitive_exfil,single_factor_observable,cep,True,True,10,sensitive_1:effect_count=2|sensitive_2:effect_count=2
export_rows__ambient_neighbor__r000,export_rows,ambient_neighbor,single_factor_observable,document_trust,True,False,0,
export_rows__ambient_neighbor__r000,export_rows,ambient_neighbor,single_factor_observable,nominal_repeat,True,False,10,
export_rows__ambient_neighbor__r000,export_rows,ambient_neighbor,single_factor_observable,random_relational_fuzzing,True,True,10,random_9:effect_count=2
export_rows__ambient_neighbor__r000,export_rows,ambient_neighbor,single_factor_observable,cep,True,True,10,neighbor:effect_count=2
export_rows__ambient_neighbor__r001,export_rows,ambient_neighbor,single_factor_observable,document_trust,True,False,0,
export_rows__ambient_neighbor__r001,export_rows,ambient_neighbor,single_factor_observable,nominal_repeat,True,False,10,
export_rows__ambient_neighbor__r001,export_rows,ambient_neighbor,single_factor_observable,random_relational_fuzzing,True,True,10,random_1:effect_count=2|random_4:effect_count=2|random_8:effect_count=2|random_9:effect_count=2
export_rows__ambient_neighbor__r001,export_rows,ambient_neighbor,single_factor_observable,cep,True,True,10,neighbor:effect_count=2
export_rows__ambient_neighbor__r002,export_rows,ambient_neighbor,single_factor_observable,document_trust,True,False,0,
export_rows__ambient_neighbor__r002,export_rows,ambient_neighbor,single_factor_observable,nominal_repeat,True,False,10,
export_rows__ambient_neighbor__r002,export_rows,ambient_neighbor,single_factor_observable,random_relational_fuzzing,True,True,10,random_1:effect_count=2|random_3:effect_count=2
export_rows__ambient_neighbor__r002,export_rows,ambient_neighbor,single_factor_observable,cep,True,True,10,neighbor:effect_count=2
export_rows__ambient_neighbor__r003,export_rows,ambient_neighbor,single_factor_observable,document_trust,True,False,0,
export_rows__ambient_neighbor__r003,export_rows,ambient_neighbor,single_factor_observable,nominal_repeat,True,False,10,
export_rows__ambient_neighbor__r003,export_rows,ambient_neighbor,single_factor_observable,random_relational_fuzzing,True,True,10,random_7:effect_count=2
export_rows__ambient_neighbor__r003,export_rows,ambient_neighbor,single_factor_observable,cep,True,True,10,neighbor:effect_count=2
export_rows__ambient_neighbor__r004,export_rows,ambient_neighbor,single_factor_observable,document_trust,True,False,0,
export_rows__ambient_neighbor__r004,export_rows,ambient_neighbor,single_factor_observable,nominal_repeat,True,False,10,
export_rows__ambient_neighbor__r004,export_rows,ambient_neighbor,single_factor_observable,random_relational_fuzzing,True,True,10,random_2:effect_count=2|random_3:effect_count=2|random_7:effect_count=2|random_9:effect_count=2
export_rows__ambient_neighbor__r004,export_rows,ambient_neighbor,single_factor_observable,cep,True,True,10,neighbor:effect_count=2
export_rows__ambient_neighbor__r005,export_rows,ambient_neighbor,single_factor_observable,document_trust,True,False,0,
export_rows__ambient_neighbor__r005,export_rows,ambient_neighbor,single_factor_observable,nominal_repeat,True,False,10,
export_rows__ambient_neighbor__r005,export_rows,ambient_neighbor,single_factor_observable,random_relational_fuzzing,True,True,10,random_7:effect_count=2
export_rows__ambient_neighbor__r005,export_rows,ambient_neighbor,single_factor_observable,cep,True,True,10,neighbor:effect_count=2
export_rows__ambient_neighbor__r006,export_rows,ambient_neighbor,single_factor_observable,document_trust,True,False,0,
export_rows__ambient_neighbor__r006,export_rows,ambient_neighbor,single_factor_observable,nominal_repeat,True,False,10,
export_rows__ambient_neighbor__r006,export_rows,ambient_neighbor,single_factor_observable,random_relational_fuzzing,True,True,10,random_1:effect_count=2|random_3:effect_count=2|random_5:effect_count=2|random_6:effect_count=2
export_rows__ambient_neighbor__r006,export_rows,ambient_neighbor,single_factor_observable,cep,True,True,10,neighbor:effect_count=2
export_rows__ambient_neighbor__r007,export_rows,ambient_neighbor,single_factor_observable,document_trust,True,False,0,
export_rows__ambient_neighbor__r007,export_rows,ambient_neighbor,single_factor_observable,nominal_repeat,True,False,10,
export_rows__ambient_neighbor__r007,export_rows,ambient_neighbor,single_factor_observable,random_relational_fuzzing,True,True,10,random_3:effect_count=2
export_rows__ambient_neighbor__r007,export_rows,ambient_neighbor,single_factor_observable,cep,True,True,10,neighbor:effect_count=2
export_rows__ambient_neighbor__r008,export_rows,ambient_neighbor,single_factor_observable,document_trust,True,False,0,
export_rows__ambient_neighbor__r008,export_rows,ambient_neighbor,single_factor_observable,nominal_repeat,True,False,10,
export_rows__ambient_neighbor__r008,export_rows,ambient_neighbor,single_factor_observable,random_relational_fuzzing,True,True,10,random_0:effect_count=2|random_8:effect_count=2
export_rows__ambient_neighbor__r008,export_rows,ambient_neighbor,single_factor_observable,cep,True,True,10,neighbor:effect_count=2
export_rows__ambient_neighbor__r009,export_rows,ambient_neighbor,single_factor_observable,document_trust,True,False,0,
export_rows__ambient_neighbor__r009,export_rows,ambient_neighbor,single_factor_observable,nominal_repeat,True,False,10,
export_rows__ambient_neighbor__r009,export_rows,ambient_neighbor,single_factor_observable,random_relational_fuzzing,True,True,10,random_8:effect_count=2
export_rows__ambient_neighbor__r009,export_rows,ambient_neighbor,single_factor_observable,cep,True,True,10,neighbor:effect_count=2
export_rows__ambient_neighbor__r010,export_rows,ambient_neighbor,single_factor_observable,document_trust,True,False,0,
export_rows__ambient_neighbor__r010,export_rows,ambient_neighbor,single_factor_observable,nominal_repeat,True,False,10,
export_rows__ambient_neighbor__r010,export_rows,ambient_neighbor,single_factor_observable,random_relational_fuzzing,True,True,10,random_5:effect_count=2
export_rows__ambient_neighbor__r010,export_rows,ambient_neighbor,single_factor_observable,cep,True,True,10,neighbor:effect_count=2
export_rows__ambient_neighbor__r011,export_rows,ambient_neighbor,single_factor_observable,document_trust,True,False,0,
export_rows__ambient_neighbor__r011,export_rows,ambient_neighbor,single_factor_observable,nominal_repeat,True,False,10,
export_rows__ambient_neighbor__r011,export_rows,ambient_neighbor,single_factor_observable,random_relational_fuzzing,True,True,10,random_4:effect_count=2
export_rows__ambient_neighbor__r011,export_rows,ambient_neighbor,single_factor_observable,cep,True,True,10,neighbor:effect_count=2
export_rows__ambient_neighbor__r012,export_rows,ambient_neighbor,single_factor_observable,document_trust,True,False,0,
export_rows__ambient_neighbor__r012,export_rows,ambient_neighbor,single_factor_observable,nominal_repeat,True,False,10,
export_rows__ambient_neighbor__r012,export_rows,ambient_neighbor,single_factor_observable,random_relational_fuzzing,True,True,10,random_4:effect_count=2
export_rows__ambient_neighbor__r012,export_rows,ambient_neighbor,single_factor_observable,cep,True,True,10,neighbor:effect_count=2
export_rows__ambient_neighbor__r013,export_rows,ambient_neighbor,single_factor_observable,document_trust,True,False,0,
export_rows__ambient_neighbor__r013,export_rows,ambient_neighbor,single_factor_observable,nominal_repeat,True,False,10,
export_rows__ambient_neighbor__r013,export_rows,ambient_neighbor,single_factor_observable,random_relational_fuzzing,True,True,10,random_0:effect_count=2|random_6:effect_count=2
export_rows__ambient_neighbor__r013,export_rows,ambient_neighbor,single_factor_observable,cep,True,True,10,neighbor:effect_count=2
export_rows__ambient_neighbor__r014,export_rows,ambient_neighbor,single_factor_observable,document_trust,True,False,0,
export_rows__ambient_neighbor__r014,export_rows,ambient_neighbor,single_factor_observable,nominal_repeat,True,False,10,
export_rows__ambient_neighbor__r014,export_rows,ambient_neighbor,single_factor_observable,random_relational_fuzzing,True,True,10,random_1:effect_count=2|random_2:effect_count=2|random_3:effect_count=2|random_4:effect_count=2|random_5:effect_count=2|random_6:effect_count=2
export_rows__ambient_neighbor__r014,export_rows,ambient_neighbor,single_factor_observable,cep,True,True,10,neighbor:effect_count=2
export_rows__ambient_neighbor__r015,export_rows,ambient_neighbor,single_factor_observable,document_trust,True,False,0,
export_rows__ambient_neighbor__r015,export_rows,ambient_neighbor,single_factor_observable,nominal_repeat,True,False,10,
export_rows__ambient_neighbor__r015,export_rows,ambient_neighbor,single_factor_observable,random_relational_fuzzing,True,False,10,
export_rows__ambient_neighbor__r015,export_rows,ambient_neighbor,single_factor_observable,cep,True,True,10,neighbor:effect_count=2
export_rows__ambient_neighbor__r016,export_rows,ambient_neighbor,single_factor_observable,document_trust,True,False,0,
export_rows__ambient_neighbor__r016,export_rows,ambient_neighbor,single_factor_observable,nominal_repeat,True,False,10,
export_rows__ambient_neighbor__r016,export_rows,ambient_neighbor,single_factor_observable,random_relational_fuzzing,True,True,10,random_2:effect_count=2
export_rows__ambient_neighbor__r016,export_rows,ambient_neighbor,single_factor_observable,cep,True,True,10,neighbor:effect_count=2
export_rows__ambient_neighbor__r017,export_rows,ambient_neighbor,single_factor_observable,document_trust,True,False,0,
export_rows__ambient_neighbor__r017,export_rows,ambient_neighbor,single_factor_observable,nominal_repeat,True,False,10,
export_rows__ambient_neighbor__r017,export_rows,ambient_neighbor,single_factor_observable,random_relational_fuzzing,True,True,10,random_7:effect_count=2
export_rows__ambient_neighbor__r017,export_rows,ambient_neighbor,single_factor_observable,cep,True,True,10,neighbor:effect_count=2
export_rows__ambient_neighbor__r018,export_rows,ambient_neighbor,single_factor_observable,document_trust,True,False,0,
export_rows__ambient_neighbor__r018,export_rows,ambient_neighbor,single_factor_observable,nominal_repeat,True,False,10,
export_rows__ambient_neighbor__r018,export_rows,ambient_neighbor,single_factor_observable,random_relational_fuzzing,True,True,10,random_0:effect_count=2|random_3:effect_count=2|random_4:effect_count=2|random_5:effect_count=2|random_7:effect_count=2
export_rows__ambient_neighbor__r018,export_rows,ambient_neighbor,single_factor_observable,cep,True,True,10,neighbor:effect_count=2
export_rows__ambient_neighbor__r019,export_rows,ambient_neighbor,single_factor_observable,document_trust,True,False,0,
export_rows__ambient_neighbor__r019,export_rows,ambient_neighbor,single_factor_observable,nominal_repeat,True,False,10,
export_rows__ambient_neighbor__r019,export_rows,ambient_neighbor,single_factor_observable,random_relational_fuzzing,True,False,10,
export_rows__ambient_neighbor__r019,export_rows,ambient_neighbor,single_factor_observable,cep,True,True,10,neighbor:effect_count=2
export_rows__cross_tenant__r000,export_rows,cross_tenant,single_factor_observable,document_trust,True,False,0,
export_rows__cross_tenant__r000,export_rows,cross_tenant,single_factor_observable,nominal_repeat,True,False,10,
export_rows__cross_tenant__r000,export_rows,cross_tenant,single_factor_observable,random_relational_fuzzing,True,True,10,random_0:effect_count=2|random_1:effect_count=2|random_7:effect_count=2|random_8:effect_count=2|random_9:effect_count=2
export_rows__cross_tenant__r000,export_rows,cross_tenant,single_factor_observable,cep,True,True,10,tenant_boundary:effect_count=2
export_rows__cross_tenant__r001,export_rows,cross_tenant,single_factor_observable,document_trust,True,False,0,
export_rows__cross_tenant__r001,export_rows,cross_tenant,single_factor_observable,nominal_repeat,True,False,10,
export_rows__cross_tenant__r001,export_rows,cross_tenant,single_factor_observable,random_relational_fuzzing,True,True,10,random_3:effect_count=2|random_6:effect_count=2|random_8:effect_count=2
export_rows__cross_tenant__r001,export_rows,cross_tenant,single_factor_observable,cep,True,True,10,tenant_boundary:effect_count=2
export_rows__cross_tenant__r002,export_rows,cross_tenant,single_factor_observable,document_trust,True,False,0,
export_rows__cross_tenant__r002,export_rows,cross_tenant,single_factor_observable,nominal_repeat,True,False,10,
export_rows__cross_tenant__r002,export_rows,cross_tenant,single_factor_observable,random_relational_fuzzing,True,True,10,random_0:effect_count=2|random_3:effect_count=2|random_8:effect_count=2
export_rows__cross_tenant__r002,export_rows,cross_tenant,single_factor_observable,cep,True,True,10,tenant_boundary:effect_count=2
export_rows__cross_tenant__r003,export_rows,cross_tenant,single_factor_observable,document_trust,True,False,0,
export_rows__cross_tenant__r003,export_rows,cross_tenant,single_factor_observable,nominal_repeat,True,False,10,
export_rows__cross_tenant__r003,export_rows,cross_tenant,single_factor_observable,random_relational_fuzzing,True,True,10,random_9:effect_count=2
export_rows__cross_tenant__r003,export_rows,cross_tenant,single_factor_observable,cep,True,True,10,tenant_boundary:effect_count=2
export_rows__cross_tenant__r004,export_rows,cross_tenant,single_factor_observable,document_trust,True,False,0,
export_rows__cross_tenant__r004,export_rows,cross_tenant,single_factor_observable,nominal_repeat,True,False,10,
export_rows__cross_tenant__r004,export_rows,cross_tenant,single_factor_observable,random_relational_fuzzing,True,True,10,random_2:effect_count=2|random_7:effect_count=2|random_9:effect_count=2
export_rows__cross_tenant__r004,export_rows,cross_tenant,single_factor_observable,cep,True,True,10,tenant_boundary:effect_count=2
export_rows__cross_tenant__r005,export_rows,cross_tenant,single_factor_observable,document_trust,True,False,0,
export_rows__cross_tenant__r005,export_rows,cross_tenant,single_factor_observable,nominal_repeat,True,False,10,
export_rows__cross_tenant__r005,export_rows,cross_tenant,single_factor_observable,random_relational_fuzzing,True,True,10,random_9:effect_count=2
export_rows__cross_tenant__r005,export_rows,cross_tenant,single_factor_observable,cep,True,True,10,tenant_boundary:effect_count=2
export_rows__cross_tenant__r006,export_rows,cross_tenant,single_factor_observable,document_trust,True,False,0,
export_rows__cross_tenant__r006,export_rows,cross_tenant,single_factor_observable,nominal_repeat,True,False,10,
export_rows__cross_tenant__r006,export_rows,cross_tenant,single_factor_observable,random_relational_fuzzing,True,True,10,random_7:effect_count=2
export_rows__cross_tenant__r006,export_rows,cross_tenant,single_factor_observable,cep,True,True,10,tenant_boundary:effect_count=2
export_rows__cross_tenant__r007,export_rows,cross_tenant,single_factor_observable,document_trust,True,False,0,
export_rows__cross_tenant__r007,export_rows,cross_tenant,single_factor_observable,nominal_repeat,True,False,10,
export_rows__cross_tenant__r007,export_rows,cross_tenant,single_factor_observable,random_relational_fuzzing,True,True,10,random_1:effect_count=2|random_4:effect_count=2
export_rows__cross_tenant__r007,export_rows,cross_tenant,single_factor_observable,cep,True,True,10,tenant_boundary:effect_count=2
export_rows__cross_tenant__r008,export_rows,cross_tenant,single_factor_observable,document_trust,True,False,0,
export_rows__cross_tenant__r008,export_rows,cross_tenant,single_factor_observable,nominal_repeat,True,False,10,
export_rows__cross_tenant__r008,export_rows,cross_tenant,single_factor_observable,random_relational_fuzzing,True,True,10,random_1:effect_count=2|random_6:effect_count=2
export_rows__cross_tenant__r008,export_rows,cross_tenant,single_factor_observable,cep,True,True,10,tenant_boundary:effect_count=2
export_rows__cross_tenant__r009,export_rows,cross_tenant,single_factor_observable,document_trust,True,False,0,
export_rows__cross_tenant__r009,export_rows,cross_tenant,single_factor_observable,nominal_repeat,True,False,10,
export_rows__cross_tenant__r009,export_rows,cross_tenant,single_factor_observable,random_relational_fuzzing,True,False,10,
export_rows__cross_tenant__r009,export_rows,cross_tenant,single_factor_observable,cep,True,True,10,tenant_boundary:effect_count=2
export_rows__cross_tenant__r010,export_rows,cross_tenant,single_factor_observable,document_trust,True,False,0,
export_rows__cross_tenant__r010,export_rows,cross_tenant,single_factor_observable,nominal_repeat,True,False,10,
export_rows__cross_tenant__r010,export_rows,cross_tenant,single_factor_observable,random_relational_fuzzing,True,True,10,random_0:effect_count=2
export_rows__cross_tenant__r010,export_rows,cross_tenant,single_factor_observable,cep,True,True,10,tenant_boundary:effect_count=2
export_rows__cross_tenant__r011,export_rows,cross_tenant,single_factor_observable,document_trust,True,False,0,
export_rows__cross_tenant__r011,export_rows,cross_tenant,single_factor_observable,nominal_repeat,True,False,10,
export_rows__cross_tenant__r011,export_rows,cross_tenant,single_factor_observable,random_relational_fuzzing,True,True,10,random_1:effect_count=2
export_rows__cross_tenant__r011,export_rows,cross_tenant,single_factor_observable,cep,True,True,10,tenant_boundary:effect_count=2
export_rows__cross_tenant__r012,export_rows,cross_tenant,single_factor_observable,document_trust,True,False,0,
export_rows__cross_tenant__r012,export_rows,cross_tenant,single_factor_observable,nominal_repeat,True,False,10,
export_rows__cross_tenant__r012,export_rows,cross_tenant,single_factor_observable,random_relational_fuzzing,True,True,10,random_2:effect_count=2
export_rows__cross_tenant__r012,export_rows,cross_tenant,single_factor_observable,cep,True,True,10,tenant_boundary:effect_count=2
export_rows__cross_tenant__r013,export_rows,cross_tenant,single_factor_observable,document_trust,True,False,0,
export_rows__cross_tenant__r013,export_rows,cross_tenant,single_factor_observable,nominal_repeat,True,False,10,
export_rows__cross_tenant__r013,export_rows,cross_tenant,single_factor_observable,random_relational_fuzzing,True,True,10,random_4:effect_count=2
export_rows__cross_tenant__r013,export_rows,cross_tenant,single_factor_observable,cep,True,True,10,tenant_boundary:effect_count=2
export_rows__cross_tenant__r014,export_rows,cross_tenant,single_factor_observable,document_trust,True,False,0,
export_rows__cross_tenant__r014,export_rows,cross_tenant,single_factor_observable,nominal_repeat,True,False,10,
export_rows__cross_tenant__r014,export_rows,cross_tenant,single_factor_observable,random_relational_fuzzing,True,True,10,random_3:effect_count=2|random_9:effect_count=2
export_rows__cross_tenant__r014,export_rows,cross_tenant,single_factor_observable,cep,True,True,10,tenant_boundary:effect_count=2
export_rows__cross_tenant__r015,export_rows,cross_tenant,single_factor_observable,document_trust,True,False,0,
export_rows__cross_tenant__r015,export_rows,cross_tenant,single_factor_observable,nominal_repeat,True,False,10,
export_rows__cross_tenant__r015,export_rows,cross_tenant,single_factor_observable,random_relational_fuzzing,True,True,10,random_4:effect_count=2|random_7:effect_count=2|random_8:effect_count=2
export_rows__cross_tenant__r015,export_rows,cross_tenant,single_factor_observable,cep,True,True,10,tenant_boundary:effect_count=2
export_rows__cross_tenant__r016,export_rows,cross_tenant,single_factor_observable,document_trust,True,False,0,
export_rows__cross_tenant__r016,export_rows,cross_tenant,single_factor_observable,nominal_repeat,True,False,10,
export_rows__cross_tenant__r016,export_rows,cross_tenant,single_factor_observable,random_relational_fuzzing,True,False,10,
export_rows__cross_tenant__r016,export_rows,cross_tenant,single_factor_observable,cep,True,True,10,tenant_boundary:effect_count=2
export_rows__cross_tenant__r017,export_rows,cross_tenant,single_factor_observable,document_trust,True,False,0,
export_rows__cross_tenant__r017,export_rows,cross_tenant,single_factor_observable,nominal_repeat,True,False,10,
export_rows__cross_tenant__r017,export_rows,cross_tenant,single_factor_observable,random_relational_fuzzing,True,True,10,random_4:effect_count=2
export_rows__cross_tenant__r017,export_rows,cross_tenant,single_factor_observable,cep,True,True,10,tenant_boundary:effect_count=2
export_rows__cross_tenant__r018,export_rows,cross_tenant,single_factor_observable,document_trust,True,False,0,
export_rows__cross_tenant__r018,export_rows,cross_tenant,single_factor_observable,nominal_repeat,True,False,10,
export_rows__cross_tenant__r018,export_rows,cross_tenant,single_factor_observable,random_relational_fuzzing,True,True,10,random_1:effect_count=2|random_4:effect_count=2|random_6:effect_count=2
export_rows__cross_tenant__r018,export_rows,cross_tenant,single_factor_observable,cep,True,True,10,tenant_boundary:effect_count=2
export_rows__cross_tenant__r019,export_rows,cross_tenant,single_factor_observable,document_trust,True,False,0,
export_rows__cross_tenant__r019,export_rows,cross_tenant,single_factor_observable,nominal_repeat,True,False,10,
export_rows__cross_tenant__r019,export_rows,cross_tenant,single_factor_observable,random_relational_fuzzing,True,True,10,random_1:effect_count=2|random_5:effect_count=2|random_7:effect_count=2
export_rows__cross_tenant__r019,export_rows,cross_tenant,single_factor_observable,cep,True,True,10,tenant_boundary:effect_count=2
export_rows__secret_capture__r000,export_rows,secret_capture,single_factor_observable,document_trust,True,False,0,
export_rows__secret_capture__r000,export_rows,secret_capture,single_factor_observable,nominal_repeat,True,False,10,
export_rows__secret_capture__r000,export_rows,secret_capture,single_factor_observable,random_relational_fuzzing,True,False,10,
export_rows__secret_capture__r000,export_rows,secret_capture,single_factor_observable,cep,True,True,10,"ambient_secret_dependency:base,secret_1|ambient_secret_dependency:base,secret_2|ambient_secret_dependency:base_repeat,secret_1|ambient_secret_dependency:base_repeat,secret_2|ambient_secret_dependency:secret_1,secret_2"
export_rows__secret_capture__r001,export_rows,secret_capture,single_factor_observable,document_trust,True,False,0,
export_rows__secret_capture__r001,export_rows,secret_capture,single_factor_observable,nominal_repeat,True,False,10,
export_rows__secret_capture__r001,export_rows,secret_capture,single_factor_observable,random_relational_fuzzing,True,False,10,
export_rows__secret_capture__r001,export_rows,secret_capture,single_factor_observable,cep,True,True,10,"ambient_secret_dependency:base,secret_1|ambient_secret_dependency:base,secret_2|ambient_secret_dependency:base_repeat,secret_1|ambient_secret_dependency:base_repeat,secret_2|ambient_secret_dependency:secret_1,secret_2"
export_rows__secret_capture__r002,export_rows,secret_capture,single_factor_observable,document_trust,True,False,0,
export_rows__secret_capture__r002,export_rows,secret_capture,single_factor_observable,nominal_repeat,True,False,10,
export_rows__secret_capture__r002,export_rows,secret_capture,single_factor_observable,random_relational_fuzzing,True,True,10,"ambient_secret_dependency:random_1,random_6|ambient_secret_dependency:random_2,random_6"
export_rows__secret_capture__r002,export_rows,secret_capture,single_factor_observable,cep,True,True,10,"ambient_secret_dependency:base,secret_1|ambient_secret_dependency:base,secret_2|ambient_secret_dependency:base_repeat,secret_1|ambient_secret_dependency:base_repeat,secret_2|ambient_secret_dependency:secret_1,secret_2"
export_rows__secret_capture__r003,export_rows,secret_capture,single_factor_observable,document_trust,True,False,0,
export_rows__secret_capture__r003,export_rows,secret_capture,single_factor_observable,nominal_repeat,True,False,10,
export_rows__secret_capture__r003,export_rows,secret_capture,single_factor_observable,random_relational_fuzzing,True,True,10,"ambient_secret_dependency:random_0,random_2|ambient_secret_dependency:random_0,random_6|ambient_secret_dependency:random_2,random_4|ambient_secret_dependency:random_2,random_7|ambient_secret_dependency:random_2,random_8|ambient_secret_dependency:random_2,random_9|ambient_secret_dependency:random_4,random_6|ambient_secret_dependency:random_6,random_7|ambient_secret_dependency:random_6,random_8|ambient_secret_dependency:random_6,random_9"
export_rows__secret_capture__r003,export_rows,secret_capture,single_factor_observable,cep,True,True,10,"ambient_secret_dependency:base,secret_1|ambient_secret_dependency:base,secret_2|ambient_secret_dependency:base_repeat,secret_1|ambient_secret_dependency:base_repeat,secret_2|ambient_secret_dependency:secret_1,secret_2"
export_rows__secret_capture__r004,export_rows,secret_capture,single_factor_observable,document_trust,True,False,0,
export_rows__secret_capture__r004,export_rows,secret_capture,single_factor_observable,nominal_repeat,True,False,10,
export_rows__secret_capture__r004,export_rows,secret_capture,single_factor_observable,random_relational_fuzzing,True,True,10,"ambient_secret_dependency:random_1,random_6|ambient_secret_dependency:random_3,random_6"
export_rows__secret_capture__r004,export_rows,secret_capture,single_factor_observable,cep,True,True,10,"ambient_secret_dependency:base,secret_1|ambient_secret_dependency:base,secret_2|ambient_secret_dependency:base_repeat,secret_1|ambient_secret_dependency:base_repeat,secret_2|ambient_secret_dependency:secret_1,secret_2"
export_rows__secret_capture__r005,export_rows,secret_capture,single_factor_observable,document_trust,True,False,0,
export_rows__secret_capture__r005,export_rows,secret_capture,single_factor_observable,nominal_repeat,True,False,10,
export_rows__secret_capture__r005,export_rows,secret_capture,single_factor_observable,random_relational_fuzzing,True,True,10,"ambient_secret_dependency:random_0,random_3|ambient_secret_dependency:random_0,random_7|ambient_secret_dependency:random_1,random_3|ambient_secret_dependency:random_1,random_7|ambient_secret_dependency:random_3,random_9|ambient_secret_dependency:random_7,random_9"
export_rows__secret_capture__r005,export_rows,secret_capture,single_factor_observable,cep,True,True,10,"ambient_secret_dependency:base,secret_1|ambient_secret_dependency:base,secret_2|ambient_secret_dependency:base_repeat,secret_1|ambient_secret_dependency:base_repeat,secret_2|ambient_secret_dependency:secret_1,secret_2"
export_rows__secret_capture__r006,export_rows,secret_capture,single_factor_observable,document_trust,True,False,0,
export_rows__secret_capture__r006,export_rows,secret_capture,single_factor_observable,nominal_repeat,True,False,10,
export_rows__secret_capture__r006,export_rows,secret_capture,single_factor_observable,random_relational_fuzzing,True,False,10,
export_rows__secret_capture__r006,export_rows,secret_capture,single_factor_observable,cep,True,True,10,"ambient_secret_dependency:base,secret_1|ambient_secret_dependency:base,secret_2|ambient_secret_dependency:base_repeat,secret_1|ambient_secret_dependency:base_repeat,secret_2|ambient_secret_dependency:secret_1,secret_2"
export_rows__secret_capture__r007,export_rows,secret_capture,single_factor_observable,document_trust,True,False,0,
export_rows__secret_capture__r007,export_rows,secret_capture,single_factor_observable,nominal_repeat,True,False,10,
export_rows__secret_capture__r007,export_rows,secret_capture,single_factor_observable,random_relational_fuzzing,True,False,10,
export_rows__secret_capture__r007,export_rows,secret_capture,single_factor_observable,cep,True,True,10,"ambient_secret_dependency:base,secret_1|ambient_secret_dependency:base,secret_2|ambient_secret_dependency:base_repeat,secret_1|ambient_secret_dependency:base_repeat,secret_2|ambient_secret_dependency:secret_1,secret_2"
export_rows__secret_capture__r008,export_rows,secret_capture,single_factor_observable,document_trust,True,False,0,
export_rows__secret_capture__r008,export_rows,secret_capture,single_factor_observable,nominal_repeat,True,False,10,
export_rows__secret_capture__r008,export_rows,secret_capture,single_factor_observable,random_relational_fuzzing,True,True,10,"ambient_secret_dependency:random_7,random_8"
export_rows__secret_capture__r008,export_rows,secret_capture,single_factor_observable,cep,True,True,10,"ambient_secret_dependency:base,secret_1|ambient_secret_dependency:base,secret_2|ambient_secret_dependency:base_repeat,secret_1|ambient_secret_dependency:base_repeat,secret_2|ambient_secret_dependency:secret_1,secret_2"
export_rows__secret_capture__r009,export_rows,secret_capture,single_factor_observable,document_trust,True,False,0,
export_rows__secret_capture__r009,export_rows,secret_capture,single_factor_observable,nominal_repeat,True,False,10,
export_rows__secret_capture__r009,export_rows,secret_capture,single_factor_observable,random_relational_fuzzing,True,True,10,"ambient_secret_dependency:random_0,random_5|ambient_secret_dependency:random_1,random_7"
export_rows__secret_capture__r009,export_rows,secret_capture,single_factor_observable,cep,True,True,10,"ambient_secret_dependency:base,secret_1|ambient_secret_dependency:base,secret_2|ambient_secret_dependency:base_repeat,secret_1|ambient_secret_dependency:base_repeat,secret_2|ambient_secret_dependency:secret_1,secret_2"
export_rows__secret_capture__r010,export_rows,secret_capture,single_factor_observable,document_trust,True,False,0,
export_rows__secret_capture__r010,export_rows,secret_capture,single_factor_observable,nominal_repeat,True,False,10,
export_rows__secret_capture__r010,export_rows,secret_capture,single_factor_observable,random_relational_fuzzing,True,False,10,
export_rows__secret_capture__r010,export_rows,secret_capture,single_factor_observable,cep,True,True,10,"ambient_secret_dependency:base,secret_1|ambient_secret_dependency:base,secret_2|ambient_secret_dependency:base_repeat,secret_1|ambient_secret_dependency:base_repeat,secret_2|ambient_secret_dependency:secret_1,secret_2"
export_rows__secret_capture__r011,export_rows,secret_capture,single_factor_observable,document_trust,True,False,0,
export_rows__secret_capture__r011,export_rows,secret_capture,single_factor_observable,nominal_repeat,True,False,10,
export_rows__secret_capture__r011,export_rows,secret_capture,single_factor_observable,random_relational_fuzzing,True,True,10,"ambient_secret_dependency:random_0,random_9|ambient_secret_dependency:random_3,random_9|ambient_secret_dependency:random_4,random_9"
export_rows__secret_capture__r011,export_rows,secret_capture,single_factor_observable,cep,True,True,10,"ambient_secret_dependency:base,secret_1|ambient_secret_dependency:base,secret_2|ambient_secret_dependency:base_repeat,secret_1|ambient_secret_dependency:base_repeat,secret_2|ambient_secret_dependency:secret_1,secret_2"
export_rows__secret_capture__r012,export_rows,secret_capture,single_factor_observable,document_trust,True,False,0,
export_rows__secret_capture__r012,export_rows,secret_capture,single_factor_observable,nominal_repeat,True,False,10,
export_rows__secret_capture__r012,export_rows,secret_capture,single_factor_observable,random_relational_fuzzing,True,False,10,
export_rows__secret_capture__r012,export_rows,secret_capture,single_factor_observable,cep,True,True,10,"ambient_secret_dependency:base,secret_1|ambient_secret_dependency:base,secret_2|ambient_secret_dependency:base_repeat,secret_1|ambient_secret_dependency:base_repeat,secret_2|ambient_secret_dependency:secret_1,secret_2"
export_rows__secret_capture__r013,export_rows,secret_capture,single_factor_observable,document_trust,True,False,0,
export_rows__secret_capture__r013,export_rows,secret_capture,single_factor_observable,nominal_repeat,True,False,10,
export_rows__secret_capture__r013,export_rows,secret_capture,single_factor_observable,random_relational_fuzzing,True,True,10,"ambient_secret_dependency:random_2,random_6"
export_rows__secret_capture__r013,export_rows,secret_capture,single_factor_observable,cep,True,True,10,"ambient_secret_dependency:base,secret_1|ambient_secret_dependency:base,secret_2|ambient_secret_dependency:base_repeat,secret_1|ambient_secret_dependency:base_repeat,secret_2|ambient_secret_dependency:secret_1,secret_2"
export_rows__secret_capture__r014,export_rows,secret_capture,single_factor_observable,document_trust,True,False,0,
export_rows__secret_capture__r014,export_rows,secret_capture,single_factor_observable,nominal_repeat,True,False,10,
export_rows__secret_capture__r014,export_rows,secret_capture,single_factor_observable,random_relational_fuzzing,True,True,10,"ambient_secret_dependency:random_1,random_2|ambient_secret_dependency:random_2,random_3|ambient_secret_dependency:random_2,random_5|ambient_secret_dependency:random_2,random_8"
export_rows__secret_capture__r014,export_rows,secret_capture,single_factor_observable,cep,True,True,10,"ambient_secret_dependency:base,secret_1|ambient_secret_dependency:base,secret_2|ambient_secret_dependency:base_repeat,secret_1|ambient_secret_dependency:base_repeat,secret_2|ambient_secret_dependency:secret_1,secret_2"
export_rows__secret_capture__r015,export_rows,secret_capture,single_factor_observable,document_trust,True,False,0,
export_rows__secret_capture__r015,export_rows,secret_capture,single_factor_observable,nominal_repeat,True,False,10,
export_rows__secret_capture__r015,export_rows,secret_capture,single_factor_observable,random_relational_fuzzing,True,True,10,"ambient_secret_dependency:random_1,random_4"
export_rows__secret_capture__r015,export_rows,secret_capture,single_factor_observable,cep,True,True,10,"ambient_secret_dependency:base,secret_1|ambient_secret_dependency:base,secret_2|ambient_secret_dependency:base_repeat,secret_1|ambient_secret_dependency:base_repeat,secret_2|ambient_secret_dependency:secret_1,secret_2"
export_rows__secret_capture__r016,export_rows,secret_capture,single_factor_observable,document_trust,True,False,0,
export_rows__secret_capture__r016,export_rows,secret_capture,single_factor_observable,nominal_repeat,True,False,10,
export_rows__secret_capture__r016,export_rows,secret_capture,single_factor_observable,random_relational_fuzzing,True,False,10,
export_rows__secret_capture__r016,export_rows,secret_capture,single_factor_observable,cep,True,True,10,"ambient_secret_dependency:base,secret_1|ambient_secret_dependency:base,secret_2|ambient_secret_dependency:base_repeat,secret_1|ambient_secret_dependency:base_repeat,secret_2|ambient_secret_dependency:secret_1,secret_2"
export_rows__secret_capture__r017,export_rows,secret_capture,single_factor_observable,document_trust,True,False,0,
export_rows__secret_capture__r017,export_rows,secret_capture,single_factor_observable,nominal_repeat,True,False,10,
export_rows__secret_capture__r017,export_rows,secret_capture,single_factor_observable,random_relational_fuzzing,True,False,10,
export_rows__secret_capture__r017,export_rows,secret_capture,single_factor_observable,cep,True,True,10,"ambient_secret_dependency:base,secret_1|ambient_secret_dependency:base,secret_2|ambient_secret_dependency:base_repeat,secret_1|ambient_secret_dependency:base_repeat,secret_2|ambient_secret_dependency:secret_1,secret_2"
export_rows__secret_capture__r018,export_rows,secret_capture,single_factor_observable,document_trust,True,False,0,
export_rows__secret_capture__r018,export_rows,secret_capture,single_factor_observable,nominal_repeat,True,False,10,
export_rows__secret_capture__r018,export_rows,secret_capture,single_factor_observable,random_relational_fuzzing,True,False,10,
export_rows__secret_capture__r018,export_rows,secret_capture,single_factor_observable,cep,True,True,10,"ambient_secret_dependency:base,secret_1|ambient_secret_dependency:base,secret_2|ambient_secret_dependency:base_repeat,secret_1|ambient_secret_dependency:base_repeat,secret_2|ambient_secret_dependency:secret_1,secret_2"
export_rows__secret_capture__r019,export_rows,secret_capture,single_factor_observable,document_trust,True,False,0,
export_rows__secret_capture__r019,export_rows,secret_capture,single_factor_observable,nominal_repeat,True,False,10,
export_rows__secret_capture__r019,export_rows,secret_capture,single_factor_observable,random_relational_fuzzing,True,False,10,
export_rows__secret_capture__r019,export_rows,secret_capture,single_factor_observable,cep,True,True,10,"ambient_secret_dependency:base,secret_1|ambient_secret_dependency:base,secret_2|ambient_secret_dependency:base_repeat,secret_1|ambient_secret_dependency:base_repeat,secret_2|ambient_secret_dependency:secret_1,secret_2"
export_rows__compound_trigger__r000,export_rows,compound_trigger,compound_trigger,document_trust,True,False,0,
export_rows__compound_trigger__r000,export_rows,compound_trigger,compound_trigger,nominal_repeat,True,False,10,
export_rows__compound_trigger__r000,export_rows,compound_trigger,compound_trigger,random_relational_fuzzing,True,False,10,
export_rows__compound_trigger__r000,export_rows,compound_trigger,compound_trigger,cep,True,False,10,
export_rows__compound_trigger__r001,export_rows,compound_trigger,compound_trigger,document_trust,True,False,0,
export_rows__compound_trigger__r001,export_rows,compound_trigger,compound_trigger,nominal_repeat,True,False,10,
export_rows__compound_trigger__r001,export_rows,compound_trigger,compound_trigger,random_relational_fuzzing,True,False,10,
export_rows__compound_trigger__r001,export_rows,compound_trigger,compound_trigger,cep,True,False,10,
export_rows__compound_trigger__r002,export_rows,compound_trigger,compound_trigger,document_trust,True,False,0,
export_rows__compound_trigger__r002,export_rows,compound_trigger,compound_trigger,nominal_repeat,True,False,10,
export_rows__compound_trigger__r002,export_rows,compound_trigger,compound_trigger,random_relational_fuzzing,True,False,10,
export_rows__compound_trigger__r002,export_rows,compound_trigger,compound_trigger,cep,True,False,10,
export_rows__compound_trigger__r003,export_rows,compound_trigger,compound_trigger,document_trust,True,False,0,
export_rows__compound_trigger__r003,export_rows,compound_trigger,compound_trigger,nominal_repeat,True,False,10,
export_rows__compound_trigger__r003,export_rows,compound_trigger,compound_trigger,random_relational_fuzzing,True,True,10,random_5:effect_count=2
export_rows__compound_trigger__r003,export_rows,compound_trigger,compound_trigger,cep,True,False,10,
export_rows__compound_trigger__r004,export_rows,compound_trigger,compound_trigger,document_trust,True,False,0,
export_rows__compound_trigger__r004,export_rows,compound_trigger,compound_trigger,nominal_repeat,True,False,10,
export_rows__compound_trigger__r004,export_rows,compound_trigger,compound_trigger,random_relational_fuzzing,True,True,10,random_5:effect_count=2
export_rows__compound_trigger__r004,export_rows,compound_trigger,compound_trigger,cep,True,False,10,
export_rows__compound_trigger__r005,export_rows,compound_trigger,compound_trigger,document_trust,True,False,0,
export_rows__compound_trigger__r005,export_rows,compound_trigger,compound_trigger,nominal_repeat,True,False,10,
export_rows__compound_trigger__r005,export_rows,compound_trigger,compound_trigger,random_relational_fuzzing,True,False,10,
export_rows__compound_trigger__r005,export_rows,compound_trigger,compound_trigger,cep,True,False,10,
export_rows__compound_trigger__r006,export_rows,compound_trigger,compound_trigger,document_trust,True,False,0,
export_rows__compound_trigger__r006,export_rows,compound_trigger,compound_trigger,nominal_repeat,True,False,10,
export_rows__compound_trigger__r006,export_rows,compound_trigger,compound_trigger,random_relational_fuzzing,True,False,10,
export_rows__compound_trigger__r006,export_rows,compound_trigger,compound_trigger,cep,True,False,10,
export_rows__compound_trigger__r007,export_rows,compound_trigger,compound_trigger,document_trust,True,False,0,
export_rows__compound_trigger__r007,export_rows,compound_trigger,compound_trigger,nominal_repeat,True,False,10,
export_rows__compound_trigger__r007,export_rows,compound_trigger,compound_trigger,random_relational_fuzzing,True,False,10,
export_rows__compound_trigger__r007,export_rows,compound_trigger,compound_trigger,cep,True,False,10,
export_rows__compound_trigger__r008,export_rows,compound_trigger,compound_trigger,document_trust,True,False,0,
export_rows__compound_trigger__r008,export_rows,compound_trigger,compound_trigger,nominal_repeat,True,False,10,
export_rows__compound_trigger__r008,export_rows,compound_trigger,compound_trigger,random_relational_fuzzing,True,True,10,random_5:effect_count=2
export_rows__compound_trigger__r008,export_rows,compound_trigger,compound_trigger,cep,True,False,10,
export_rows__compound_trigger__r009,export_rows,compound_trigger,compound_trigger,document_trust,True,False,0,
export_rows__compound_trigger__r009,export_rows,compound_trigger,compound_trigger,nominal_repeat,True,False,10,
export_rows__compound_trigger__r009,export_rows,compound_trigger,compound_trigger,random_relational_fuzzing,True,False,10,
export_rows__compound_trigger__r009,export_rows,compound_trigger,compound_trigger,cep,True,False,10,
export_rows__compound_trigger__r010,export_rows,compound_trigger,compound_trigger,document_trust,True,False,0,
export_rows__compound_trigger__r010,export_rows,compound_trigger,compound_trigger,nominal_repeat,True,False,10,
export_rows__compound_trigger__r010,export_rows,compound_trigger,compound_trigger,random_relational_fuzzing,True,True,10,random_2:effect_count=2|random_4:effect_count=2
export_rows__compound_trigger__r010,export_rows,compound_trigger,compound_trigger,cep,True,False,10,
export_rows__compound_trigger__r011,export_rows,compound_trigger,compound_trigger,document_trust,True,False,0,
export_rows__compound_trigger__r011,export_rows,compound_trigger,compound_trigger,nominal_repeat,True,False,10,
export_rows__compound_trigger__r011,export_rows,compound_trigger,compound_trigger,random_relational_fuzzing,True,True,10,random_0:effect_count=2
export_rows__compound_trigger__r011,export_rows,compound_trigger,compound_trigger,cep,True,False,10,
export_rows__compound_trigger__r012,export_rows,compound_trigger,compound_trigger,document_trust,True,False,0,
export_rows__compound_trigger__r012,export_rows,compound_trigger,compound_trigger,nominal_repeat,True,False,10,
export_rows__compound_trigger__r012,export_rows,compound_trigger,compound_trigger,random_relational_fuzzing,True,True,10,random_7:effect_count=2|random_8:effect_count=2
export_rows__compound_trigger__r012,export_rows,compound_trigger,compound_trigger,cep,True,False,10,
export_rows__compound_trigger__r013,export_rows,compound_trigger,compound_trigger,document_trust,True,False,0,
export_rows__compound_trigger__r013,export_rows,compound_trigger,compound_trigger,nominal_repeat,True,False,10,
export_rows__compound_trigger__r013,export_rows,compound_trigger,compound_trigger,random_relational_fuzzing,True,False,10,
export_rows__compound_trigger__r013,export_rows,compound_trigger,compound_trigger,cep,True,False,10,
export_rows__compound_trigger__r014,export_rows,compound_trigger,compound_trigger,document_trust,True,False,0,
export_rows__compound_trigger__r014,export_rows,compound_trigger,compound_trigger,nominal_repeat,True,False,10,
export_rows__compound_trigger__r014,export_rows,compound_trigger,compound_trigger,random_relational_fuzzing,True,False,10,
export_rows__compound_trigger__r014,export_rows,compound_trigger,compound_trigger,cep,True,False,10,
export_rows__compound_trigger__r015,export_rows,compound_trigger,compound_trigger,document_trust,True,False,0,
export_rows__compound_trigger__r015,export_rows,compound_trigger,compound_trigger,nominal_repeat,True,False,10,
export_rows__compound_trigger__r015,export_rows,compound_trigger,compound_trigger,random_relational_fuzzing,True,False,10,
export_rows__compound_trigger__r015,export_rows,compound_trigger,compound_trigger,cep,True,False,10,
export_rows__compound_trigger__r016,export_rows,compound_trigger,compound_trigger,document_trust,True,False,0,
export_rows__compound_trigger__r016,export_rows,compound_trigger,compound_trigger,nominal_repeat,True,False,10,
export_rows__compound_trigger__r016,export_rows,compound_trigger,compound_trigger,random_relational_fuzzing,True,False,10,
export_rows__compound_trigger__r016,export_rows,compound_trigger,compound_trigger,cep,True,False,10,
export_rows__compound_trigger__r017,export_rows,compound_trigger,compound_trigger,document_trust,True,False,0,
export_rows__compound_trigger__r017,export_rows,compound_trigger,compound_trigger,nominal_repeat,True,False,10,
export_rows__compound_trigger__r017,export_rows,compound_trigger,compound_trigger,random_relational_fuzzing,True,True,10,random_1:effect_count=2|random_8:effect_count=2
export_rows__compound_trigger__r017,export_rows,compound_trigger,compound_trigger,cep,True,False,10,
export_rows__compound_trigger__r018,export_rows,compound_trigger,compound_trigger,document_trust,True,False,0,
export_rows__compound_trigger__r018,export_rows,compound_trigger,compound_trigger,nominal_repeat,True,False,10,
export_rows__compound_trigger__r018,export_rows,compound_trigger,compound_trigger,random_relational_fuzzing,True,False,10,
export_rows__compound_trigger__r018,export_rows,compound_trigger,compound_trigger,cep,True,False,10,
export_rows__compound_trigger__r019,export_rows,compound_trigger,compound_trigger,document_trust,True,False,0,
export_rows__compound_trigger__r019,export_rows,compound_trigger,compound_trigger,nominal_repeat,True,False,10,
export_rows__compound_trigger__r019,export_rows,compound_trigger,compound_trigger,random_relational_fuzzing,True,False,10,
export_rows__compound_trigger__r019,export_rows,compound_trigger,compound_trigger,cep,True,False,10,
export_rows__sequence_trigger__r000,export_rows,sequence_trigger,sequence_trigger,document_trust,True,False,0,
export_rows__sequence_trigger__r000,export_rows,sequence_trigger,sequence_trigger,nominal_repeat,True,False,10,
export_rows__sequence_trigger__r000,export_rows,sequence_trigger,sequence_trigger,random_relational_fuzzing,True,False,10,
export_rows__sequence_trigger__r000,export_rows,sequence_trigger,sequence_trigger,cep,True,False,10,
export_rows__sequence_trigger__r001,export_rows,sequence_trigger,sequence_trigger,document_trust,True,False,0,
export_rows__sequence_trigger__r001,export_rows,sequence_trigger,sequence_trigger,nominal_repeat,True,False,10,
export_rows__sequence_trigger__r001,export_rows,sequence_trigger,sequence_trigger,random_relational_fuzzing,True,False,10,
export_rows__sequence_trigger__r001,export_rows,sequence_trigger,sequence_trigger,cep,True,False,10,
export_rows__sequence_trigger__r002,export_rows,sequence_trigger,sequence_trigger,document_trust,True,False,0,
export_rows__sequence_trigger__r002,export_rows,sequence_trigger,sequence_trigger,nominal_repeat,True,False,10,
export_rows__sequence_trigger__r002,export_rows,sequence_trigger,sequence_trigger,random_relational_fuzzing,True,False,10,
export_rows__sequence_trigger__r002,export_rows,sequence_trigger,sequence_trigger,cep,True,False,10,
export_rows__sequence_trigger__r003,export_rows,sequence_trigger,sequence_trigger,document_trust,True,False,0,
export_rows__sequence_trigger__r003,export_rows,sequence_trigger,sequence_trigger,nominal_repeat,True,False,10,
export_rows__sequence_trigger__r003,export_rows,sequence_trigger,sequence_trigger,random_relational_fuzzing,True,False,10,
export_rows__sequence_trigger__r003,export_rows,sequence_trigger,sequence_trigger,cep,True,False,10,
export_rows__sequence_trigger__r004,export_rows,sequence_trigger,sequence_trigger,document_trust,True,False,0,
export_rows__sequence_trigger__r004,export_rows,sequence_trigger,sequence_trigger,nominal_repeat,True,False,10,
export_rows__sequence_trigger__r004,export_rows,sequence_trigger,sequence_trigger,random_relational_fuzzing,True,False,10,
export_rows__sequence_trigger__r004,export_rows,sequence_trigger,sequence_trigger,cep,True,False,10,
export_rows__sequence_trigger__r005,export_rows,sequence_trigger,sequence_trigger,document_trust,True,False,0,
export_rows__sequence_trigger__r005,export_rows,sequence_trigger,sequence_trigger,nominal_repeat,True,False,10,
export_rows__sequence_trigger__r005,export_rows,sequence_trigger,sequence_trigger,random_relational_fuzzing,True,False,10,
export_rows__sequence_trigger__r005,export_rows,sequence_trigger,sequence_trigger,cep,True,False,10,
export_rows__sequence_trigger__r006,export_rows,sequence_trigger,sequence_trigger,document_trust,True,False,0,
export_rows__sequence_trigger__r006,export_rows,sequence_trigger,sequence_trigger,nominal_repeat,True,False,10,
export_rows__sequence_trigger__r006,export_rows,sequence_trigger,sequence_trigger,random_relational_fuzzing,True,False,10,
export_rows__sequence_trigger__r006,export_rows,sequence_trigger,sequence_trigger,cep,True,False,10,
export_rows__sequence_trigger__r007,export_rows,sequence_trigger,sequence_trigger,document_trust,True,False,0,
export_rows__sequence_trigger__r007,export_rows,sequence_trigger,sequence_trigger,nominal_repeat,True,False,10,
export_rows__sequence_trigger__r007,export_rows,sequence_trigger,sequence_trigger,random_relational_fuzzing,True,False,10,
export_rows__sequence_trigger__r007,export_rows,sequence_trigger,sequence_trigger,cep,True,False,10,
export_rows__sequence_trigger__r008,export_rows,sequence_trigger,sequence_trigger,document_trust,True,False,0,
export_rows__sequence_trigger__r008,export_rows,sequence_trigger,sequence_trigger,nominal_repeat,True,False,10,
export_rows__sequence_trigger__r008,export_rows,sequence_trigger,sequence_trigger,random_relational_fuzzing,True,False,10,
export_rows__sequence_trigger__r008,export_rows,sequence_trigger,sequence_trigger,cep,True,False,10,
export_rows__sequence_trigger__r009,export_rows,sequence_trigger,sequence_trigger,document_trust,True,False,0,
export_rows__sequence_trigger__r009,export_rows,sequence_trigger,sequence_trigger,nominal_repeat,True,False,10,
export_rows__sequence_trigger__r009,export_rows,sequence_trigger,sequence_trigger,random_relational_fuzzing,True,False,10,
export_rows__sequence_trigger__r009,export_rows,sequence_trigger,sequence_trigger,cep,True,False,10,
export_rows__sequence_trigger__r010,export_rows,sequence_trigger,sequence_trigger,document_trust,True,False,0,
export_rows__sequence_trigger__r010,export_rows,sequence_trigger,sequence_trigger,nominal_repeat,True,False,10,
export_rows__sequence_trigger__r010,export_rows,sequence_trigger,sequence_trigger,random_relational_fuzzing,True,False,10,
export_rows__sequence_trigger__r010,export_rows,sequence_trigger,sequence_trigger,cep,True,False,10,
export_rows__sequence_trigger__r011,export_rows,sequence_trigger,sequence_trigger,document_trust,True,False,0,
export_rows__sequence_trigger__r011,export_rows,sequence_trigger,sequence_trigger,nominal_repeat,True,False,10,
export_rows__sequence_trigger__r011,export_rows,sequence_trigger,sequence_trigger,random_relational_fuzzing,True,False,10,
export_rows__sequence_trigger__r011,export_rows,sequence_trigger,sequence_trigger,cep,True,False,10,
export_rows__sequence_trigger__r012,export_rows,sequence_trigger,sequence_trigger,document_trust,True,False,0,
export_rows__sequence_trigger__r012,export_rows,sequence_trigger,sequence_trigger,nominal_repeat,True,False,10,
export_rows__sequence_trigger__r012,export_rows,sequence_trigger,sequence_trigger,random_relational_fuzzing,True,False,10,
export_rows__sequence_trigger__r012,export_rows,sequence_trigger,sequence_trigger,cep,True,False,10,
export_rows__sequence_trigger__r013,export_rows,sequence_trigger,sequence_trigger,document_trust,True,False,0,
export_rows__sequence_trigger__r013,export_rows,sequence_trigger,sequence_trigger,nominal_repeat,True,False,10,
export_rows__sequence_trigger__r013,export_rows,sequence_trigger,sequence_trigger,random_relational_fuzzing,True,False,10,
export_rows__sequence_trigger__r013,export_rows,sequence_trigger,sequence_trigger,cep,True,False,10,
export_rows__sequence_trigger__r014,export_rows,sequence_trigger,sequence_trigger,document_trust,True,False,0,
export_rows__sequence_trigger__r014,export_rows,sequence_trigger,sequence_trigger,nominal_repeat,True,False,10,
export_rows__sequence_trigger__r014,export_rows,sequence_trigger,sequence_trigger,random_relational_fuzzing,True,False,10,
export_rows__sequence_trigger__r014,export_rows,sequence_trigger,sequence_trigger,cep,True,False,10,
export_rows__sequence_trigger__r015,export_rows,sequence_trigger,sequence_trigger,document_trust,True,False,0,
export_rows__sequence_trigger__r015,export_rows,sequence_trigger,sequence_trigger,nominal_repeat,True,False,10,
export_rows__sequence_trigger__r015,export_rows,sequence_trigger,sequence_trigger,random_relational_fuzzing,True,False,10,
export_rows__sequence_trigger__r015,export_rows,sequence_trigger,sequence_trigger,cep,True,False,10,
export_rows__sequence_trigger__r016,export_rows,sequence_trigger,sequence_trigger,document_trust,True,False,0,
export_rows__sequence_trigger__r016,export_rows,sequence_trigger,sequence_trigger,nominal_repeat,True,False,10,
export_rows__sequence_trigger__r016,export_rows,sequence_trigger,sequence_trigger,random_relational_fuzzing,True,False,10,
export_rows__sequence_trigger__r016,export_rows,sequence_trigger,sequence_trigger,cep,True,False,10,
export_rows__sequence_trigger__r017,export_rows,sequence_trigger,sequence_trigger,document_trust,True,False,0,
export_rows__sequence_trigger__r017,export_rows,sequence_trigger,sequence_trigger,nominal_repeat,True,False,10,
export_rows__sequence_trigger__r017,export_rows,sequence_trigger,sequence_trigger,random_relational_fuzzing,True,False,10,
export_rows__sequence_trigger__r017,export_rows,sequence_trigger,sequence_trigger,cep,True,False,10,
export_rows__sequence_trigger__r018,export_rows,sequence_trigger,sequence_trigger,document_trust,True,False,0,
export_rows__sequence_trigger__r018,export_rows,sequence_trigger,sequence_trigger,nominal_repeat,True,False,10,
export_rows__sequence_trigger__r018,export_rows,sequence_trigger,sequence_trigger,random_relational_fuzzing,True,False,10,
export_rows__sequence_trigger__r018,export_rows,sequence_trigger,sequence_trigger,cep,True,False,10,
export_rows__sequence_trigger__r019,export_rows,sequence_trigger,sequence_trigger,document_trust,True,False,0,
export_rows__sequence_trigger__r019,export_rows,sequence_trigger,sequence_trigger,nominal_repeat,True,False,10,
export_rows__sequence_trigger__r019,export_rows,sequence_trigger,sequence_trigger,random_relational_fuzzing,True,False,10,
export_rows__sequence_trigger__r019,export_rows,sequence_trigger,sequence_trigger,cep,True,False,10,
export_rows__unobservable_effect__r000,export_rows,unobservable_effect,unobservable_effect,document_trust,True,False,0,
export_rows__unobservable_effect__r000,export_rows,unobservable_effect,unobservable_effect,nominal_repeat,True,False,10,
export_rows__unobservable_effect__r000,export_rows,unobservable_effect,unobservable_effect,random_relational_fuzzing,True,False,10,
export_rows__unobservable_effect__r000,export_rows,unobservable_effect,unobservable_effect,cep,True,False,10,
export_rows__unobservable_effect__r001,export_rows,unobservable_effect,unobservable_effect,document_trust,True,False,0,
export_rows__unobservable_effect__r001,export_rows,unobservable_effect,unobservable_effect,nominal_repeat,True,False,10,
export_rows__unobservable_effect__r001,export_rows,unobservable_effect,unobservable_effect,random_relational_fuzzing,True,False,10,
export_rows__unobservable_effect__r001,export_rows,unobservable_effect,unobservable_effect,cep,True,False,10,
export_rows__unobservable_effect__r002,export_rows,unobservable_effect,unobservable_effect,document_trust,True,False,0,
export_rows__unobservable_effect__r002,export_rows,unobservable_effect,unobservable_effect,nominal_repeat,True,False,10,
export_rows__unobservable_effect__r002,export_rows,unobservable_effect,unobservable_effect,random_relational_fuzzing,True,False,10,
export_rows__unobservable_effect__r002,export_rows,unobservable_effect,unobservable_effect,cep,True,False,10,
export_rows__unobservable_effect__r003,export_rows,unobservable_effect,unobservable_effect,document_trust,True,False,0,
export_rows__unobservable_effect__r003,export_rows,unobservable_effect,unobservable_effect,nominal_repeat,True,False,10,
export_rows__unobservable_effect__r003,export_rows,unobservable_effect,unobservable_effect,random_relational_fuzzing,True,False,10,
export_rows__unobservable_effect__r003,export_rows,unobservable_effect,unobservable_effect,cep,True,False,10,
export_rows__unobservable_effect__r004,export_rows,unobservable_effect,unobservable_effect,document_trust,True,False,0,
export_rows__unobservable_effect__r004,export_rows,unobservable_effect,unobservable_effect,nominal_repeat,True,False,10,
export_rows__unobservable_effect__r004,export_rows,unobservable_effect,unobservable_effect,random_relational_fuzzing,True,False,10,
export_rows__unobservable_effect__r004,export_rows,unobservable_effect,unobservable_effect,cep,True,False,10,
export_rows__unobservable_effect__r005,export_rows,unobservable_effect,unobservable_effect,document_trust,True,False,0,
export_rows__unobservable_effect__r005,export_rows,unobservable_effect,unobservable_effect,nominal_repeat,True,False,10,
export_rows__unobservable_effect__r005,export_rows,unobservable_effect,unobservable_effect,random_relational_fuzzing,True,False,10,
export_rows__unobservable_effect__r005,export_rows,unobservable_effect,unobservable_effect,cep,True,False,10,
export_rows__unobservable_effect__r006,export_rows,unobservable_effect,unobservable_effect,document_trust,True,False,0,
export_rows__unobservable_effect__r006,export_rows,unobservable_effect,unobservable_effect,nominal_repeat,True,False,10,
export_rows__unobservable_effect__r006,export_rows,unobservable_effect,unobservable_effect,random_relational_fuzzing,True,False,10,
export_rows__unobservable_effect__r006,export_rows,unobservable_effect,unobservable_effect,cep,True,False,10,
export_rows__unobservable_effect__r007,export_rows,unobservable_effect,unobservable_effect,document_trust,True,False,0,
export_rows__unobservable_effect__r007,export_rows,unobservable_effect,unobservable_effect,nominal_repeat,True,False,10,
export_rows__unobservable_effect__r007,export_rows,unobservable_effect,unobservable_effect,random_relational_fuzzing,True,False,10,
export_rows__unobservable_effect__r007,export_rows,unobservable_effect,unobservable_effect,cep,True,False,10,
export_rows__unobservable_effect__r008,export_rows,unobservable_effect,unobservable_effect,document_trust,True,False,0,
export_rows__unobservable_effect__r008,export_rows,unobservable_effect,unobservable_effect,nominal_repeat,True,False,10,
export_rows__unobservable_effect__r008,export_rows,unobservable_effect,unobservable_effect,random_relational_fuzzing,True,False,10,
export_rows__unobservable_effect__r008,export_rows,unobservable_effect,unobservable_effect,cep,True,False,10,
export_rows__unobservable_effect__r009,export_rows,unobservable_effect,unobservable_effect,document_trust,True,False,0,
export_rows__unobservable_effect__r009,export_rows,unobservable_effect,unobservable_effect,nominal_repeat,True,False,10,
export_rows__unobservable_effect__r009,export_rows,unobservable_effect,unobservable_effect,random_relational_fuzzing,True,False,10,
export_rows__unobservable_effect__r009,export_rows,unobservable_effect,unobservable_effect,cep,True,False,10,
export_rows__unobservable_effect__r010,export_rows,unobservable_effect,unobservable_effect,document_trust,True,False,0,
export_rows__unobservable_effect__r010,export_rows,unobservable_effect,unobservable_effect,nominal_repeat,True,False,10,
export_rows__unobservable_effect__r010,export_rows,unobservable_effect,unobservable_effect,random_relational_fuzzing,True,False,10,
export_rows__unobservable_effect__r010,export_rows,unobservable_effect,unobservable_effect,cep,True,False,10,
export_rows__unobservable_effect__r011,export_rows,unobservable_effect,unobservable_effect,document_trust,True,False,0,
export_rows__unobservable_effect__r011,export_rows,unobservable_effect,unobservable_effect,nominal_repeat,True,False,10,
export_rows__unobservable_effect__r011,export_rows,unobservable_effect,unobservable_effect,random_relational_fuzzing,True,False,10,
export_rows__unobservable_effect__r011,export_rows,unobservable_effect,unobservable_effect,cep,True,False,10,
export_rows__unobservable_effect__r012,export_rows,unobservable_effect,unobservable_effect,document_trust,True,False,0,
export_rows__unobservable_effect__r012,export_rows,unobservable_effect,unobservable_effect,nominal_repeat,True,False,10,
export_rows__unobservable_effect__r012,export_rows,unobservable_effect,unobservable_effect,random_relational_fuzzing,True,False,10,
export_rows__unobservable_effect__r012,export_rows,unobservable_effect,unobservable_effect,cep,True,False,10,
export_rows__unobservable_effect__r013,export_rows,unobservable_effect,unobservable_effect,document_trust,True,False,0,
export_rows__unobservable_effect__r013,export_rows,unobservable_effect,unobservable_effect,nominal_repeat,True,False,10,
export_rows__unobservable_effect__r013,export_rows,unobservable_effect,unobservable_effect,random_relational_fuzzing,True,False,10,
export_rows__unobservable_effect__r013,export_rows,unobservable_effect,unobservable_effect,cep,True,False,10,
export_rows__unobservable_effect__r014,export_rows,unobservable_effect,unobservable_effect,document_trust,True,False,0,
export_rows__unobservable_effect__r014,export_rows,unobservable_effect,unobservable_effect,nominal_repeat,True,False,10,
export_rows__unobservable_effect__r014,export_rows,unobservable_effect,unobservable_effect,random_relational_fuzzing,True,False,10,
export_rows__unobservable_effect__r014,export_rows,unobservable_effect,unobservable_effect,cep,True,False,10,
export_rows__unobservable_effect__r015,export_rows,unobservable_effect,unobservable_effect,document_trust,True,False,0,
export_rows__unobservable_effect__r015,export_rows,unobservable_effect,unobservable_effect,nominal_repeat,True,False,10,
export_rows__unobservable_effect__r015,export_rows,unobservable_effect,unobservable_effect,random_relational_fuzzing,True,False,10,
export_rows__unobservable_effect__r015,export_rows,unobservable_effect,unobservable_effect,cep,True,False,10,
export_rows__unobservable_effect__r016,export_rows,unobservable_effect,unobservable_effect,document_trust,True,False,0,
export_rows__unobservable_effect__r016,export_rows,unobservable_effect,unobservable_effect,nominal_repeat,True,False,10,
export_rows__unobservable_effect__r016,export_rows,unobservable_effect,unobservable_effect,random_relational_fuzzing,True,False,10,
export_rows__unobservable_effect__r016,export_rows,unobservable_effect,unobservable_effect,cep,True,False,10,
export_rows__unobservable_effect__r017,export_rows,unobservable_effect,unobservable_effect,document_trust,True,False,0,
export_rows__unobservable_effect__r017,export_rows,unobservable_effect,unobservable_effect,nominal_repeat,True,False,10,
export_rows__unobservable_effect__r017,export_rows,unobservable_effect,unobservable_effect,random_relational_fuzzing,True,False,10,
export_rows__unobservable_effect__r017,export_rows,unobservable_effect,unobservable_effect,cep,True,False,10,
export_rows__unobservable_effect__r018,export_rows,unobservable_effect,unobservable_effect,document_trust,True,False,0,
export_rows__unobservable_effect__r018,export_rows,unobservable_effect,unobservable_effect,nominal_repeat,True,False,10,
export_rows__unobservable_effect__r018,export_rows,unobservable_effect,unobservable_effect,random_relational_fuzzing,True,False,10,
export_rows__unobservable_effect__r018,export_rows,unobservable_effect,unobservable_effect,cep,True,False,10,
export_rows__unobservable_effect__r019,export_rows,unobservable_effect,unobservable_effect,document_trust,True,False,0,
export_rows__unobservable_effect__r019,export_rows,unobservable_effect,unobservable_effect,nominal_repeat,True,False,10,
export_rows__unobservable_effect__r019,export_rows,unobservable_effect,unobservable_effect,random_relational_fuzzing,True,False,10,
export_rows__unobservable_effect__r019,export_rows,unobservable_effect,unobservable_effect,cep,True,False,10,
batch_tag__clean__r000,batch_tag,clean,clean,document_trust,False,False,0,
batch_tag__clean__r000,batch_tag,clean,clean,nominal_repeat,False,False,10,
batch_tag__clean__r000,batch_tag,clean,clean,random_relational_fuzzing,False,False,10,
batch_tag__clean__r000,batch_tag,clean,clean,cep,False,False,10,
batch_tag__clean__r001,batch_tag,clean,clean,document_trust,False,False,0,
batch_tag__clean__r001,batch_tag,clean,clean,nominal_repeat,False,False,10,
batch_tag__clean__r001,batch_tag,clean,clean,random_relational_fuzzing,False,False,10,
batch_tag__clean__r001,batch_tag,clean,clean,cep,False,False,10,
batch_tag__clean__r002,batch_tag,clean,clean,document_trust,False,False,0,
batch_tag__clean__r002,batch_tag,clean,clean,nominal_repeat,False,False,10,
batch_tag__clean__r002,batch_tag,clean,clean,random_relational_fuzzing,False,False,10,
batch_tag__clean__r002,batch_tag,clean,clean,cep,False,False,10,
batch_tag__clean__r003,batch_tag,clean,clean,document_trust,False,False,0,
batch_tag__clean__r003,batch_tag,clean,clean,nominal_repeat,False,False,10,
batch_tag__clean__r003,batch_tag,clean,clean,random_relational_fuzzing,False,False,10,
batch_tag__clean__r003,batch_tag,clean,clean,cep,False,False,10,
batch_tag__clean__r004,batch_tag,clean,clean,document_trust,False,False,0,
batch_tag__clean__r004,batch_tag,clean,clean,nominal_repeat,False,False,10,
batch_tag__clean__r004,batch_tag,clean,clean,random_relational_fuzzing,False,False,10,
batch_tag__clean__r004,batch_tag,clean,clean,cep,False,False,10,
batch_tag__clean__r005,batch_tag,clean,clean,document_trust,False,False,0,
batch_tag__clean__r005,batch_tag,clean,clean,nominal_repeat,False,False,10,
batch_tag__clean__r005,batch_tag,clean,clean,random_relational_fuzzing,False,False,10,
batch_tag__clean__r005,batch_tag,clean,clean,cep,False,False,10,
batch_tag__clean__r006,batch_tag,clean,clean,document_trust,False,False,0,
batch_tag__clean__r006,batch_tag,clean,clean,nominal_repeat,False,False,10,
batch_tag__clean__r006,batch_tag,clean,clean,random_relational_fuzzing,False,False,10,
batch_tag__clean__r006,batch_tag,clean,clean,cep,False,False,10,
batch_tag__clean__r007,batch_tag,clean,clean,document_trust,False,False,0,
batch_tag__clean__r007,batch_tag,clean,clean,nominal_repeat,False,False,10,
batch_tag__clean__r007,batch_tag,clean,clean,random_relational_fuzzing,False,False,10,
batch_tag__clean__r007,batch_tag,clean,clean,cep,False,False,10,
batch_tag__clean__r008,batch_tag,clean,clean,document_trust,False,False,0,
batch_tag__clean__r008,batch_tag,clean,clean,nominal_repeat,False,False,10,
batch_tag__clean__r008,batch_tag,clean,clean,random_relational_fuzzing,False,False,10,
batch_tag__clean__r008,batch_tag,clean,clean,cep,False,False,10,
batch_tag__clean__r009,batch_tag,clean,clean,document_trust,False,False,0,
batch_tag__clean__r009,batch_tag,clean,clean,nominal_repeat,False,False,10,
batch_tag__clean__r009,batch_tag,clean,clean,random_relational_fuzzing,False,False,10,
batch_tag__clean__r009,batch_tag,clean,clean,cep,False,False,10,
batch_tag__clean__r010,batch_tag,clean,clean,document_trust,False,False,0,
batch_tag__clean__r010,batch_tag,clean,clean,nominal_repeat,False,False,10,
batch_tag__clean__r010,batch_tag,clean,clean,random_relational_fuzzing,False,False,10,
batch_tag__clean__r010,batch_tag,clean,clean,cep,False,False,10,
batch_tag__clean__r011,batch_tag,clean,clean,document_trust,False,False,0,
batch_tag__clean__r011,batch_tag,clean,clean,nominal_repeat,False,False,10,
batch_tag__clean__r011,batch_tag,clean,clean,random_relational_fuzzing,False,False,10,
batch_tag__clean__r011,batch_tag,clean,clean,cep,False,False,10,
batch_tag__clean__r012,batch_tag,clean,clean,document_trust,False,False,0,
batch_tag__clean__r012,batch_tag,clean,clean,nominal_repeat,False,False,10,
batch_tag__clean__r012,batch_tag,clean,clean,random_relational_fuzzing,False,False,10,
batch_tag__clean__r012,batch_tag,clean,clean,cep,False,False,10,
batch_tag__clean__r013,batch_tag,clean,clean,document_trust,False,False,0,
batch_tag__clean__r013,batch_tag,clean,clean,nominal_repeat,False,False,10,
batch_tag__clean__r013,batch_tag,clean,clean,random_relational_fuzzing,False,False,10,
batch_tag__clean__r013,batch_tag,clean,clean,cep,False,False,10,
batch_tag__clean__r014,batch_tag,clean,clean,document_trust,False,False,0,
batch_tag__clean__r014,batch_tag,clean,clean,nominal_repeat,False,False,10,
batch_tag__clean__r014,batch_tag,clean,clean,random_relational_fuzzing,False,False,10,
batch_tag__clean__r014,batch_tag,clean,clean,cep,False,False,10,
batch_tag__clean__r015,batch_tag,clean,clean,document_trust,False,False,0,
batch_tag__clean__r015,batch_tag,clean,clean,nominal_repeat,False,False,10,
batch_tag__clean__r015,batch_tag,clean,clean,random_relational_fuzzing,False,False,10,
batch_tag__clean__r015,batch_tag,clean,clean,cep,False,False,10,
batch_tag__clean__r016,batch_tag,clean,clean,document_trust,False,False,0,
batch_tag__clean__r016,batch_tag,clean,clean,nominal_repeat,False,False,10,
batch_tag__clean__r016,batch_tag,clean,clean,random_relational_fuzzing,False,False,10,
batch_tag__clean__r016,batch_tag,clean,clean,cep,False,False,10,
batch_tag__clean__r017,batch_tag,clean,clean,document_trust,False,False,0,
batch_tag__clean__r017,batch_tag,clean,clean,nominal_repeat,False,False,10,
batch_tag__clean__r017,batch_tag,clean,clean,random_relational_fuzzing,False,False,10,
batch_tag__clean__r017,batch_tag,clean,clean,cep,False,False,10,
batch_tag__clean__r018,batch_tag,clean,clean,document_trust,False,False,0,
batch_tag__clean__r018,batch_tag,clean,clean,nominal_repeat,False,False,10,
batch_tag__clean__r018,batch_tag,clean,clean,random_relational_fuzzing,False,False,10,
batch_tag__clean__r018,batch_tag,clean,clean,cep,False,False,10,
batch_tag__clean__r019,batch_tag,clean,clean,document_trust,False,False,0,
batch_tag__clean__r019,batch_tag,clean,clean,nominal_repeat,False,False,10,
batch_tag__clean__r019,batch_tag,clean,clean,random_relational_fuzzing,False,False,10,
batch_tag__clean__r019,batch_tag,clean,clean,cep,False,False,10,
batch_tag__fixed_target__r000,batch_tag,fixed_target,single_factor_observable,document_trust,True,False,0,
batch_tag__fixed_target__r000,batch_tag,fixed_target,single_factor_observable,nominal_repeat,True,False,10,
batch_tag__fixed_target__r000,batch_tag,fixed_target,single_factor_observable,random_relational_fuzzing,True,False,10,
batch_tag__fixed_target__r000,batch_tag,fixed_target,single_factor_observable,cep,True,True,10,"target_nonresponsiveness:target_edge_1,target_edge_2"
batch_tag__fixed_target__r001,batch_tag,fixed_target,single_factor_observable,document_trust,True,False,0,
batch_tag__fixed_target__r001,batch_tag,fixed_target,single_factor_observable,nominal_repeat,True,False,10,
batch_tag__fixed_target__r001,batch_tag,fixed_target,single_factor_observable,random_relational_fuzzing,True,False,10,
batch_tag__fixed_target__r001,batch_tag,fixed_target,single_factor_observable,cep,True,True,10,"target_nonresponsiveness:target_edge_1,target_edge_2"
batch_tag__fixed_target__r002,batch_tag,fixed_target,single_factor_observable,document_trust,True,False,0,
batch_tag__fixed_target__r002,batch_tag,fixed_target,single_factor_observable,nominal_repeat,True,False,10,
batch_tag__fixed_target__r002,batch_tag,fixed_target,single_factor_observable,random_relational_fuzzing,True,False,10,
batch_tag__fixed_target__r002,batch_tag,fixed_target,single_factor_observable,cep,True,True,10,"target_nonresponsiveness:target_edge_1,target_edge_2"
batch_tag__fixed_target__r003,batch_tag,fixed_target,single_factor_observable,document_trust,True,False,0,
batch_tag__fixed_target__r003,batch_tag,fixed_target,single_factor_observable,nominal_repeat,True,False,10,
batch_tag__fixed_target__r003,batch_tag,fixed_target,single_factor_observable,random_relational_fuzzing,True,False,10,
batch_tag__fixed_target__r003,batch_tag,fixed_target,single_factor_observable,cep,True,True,10,"target_nonresponsiveness:target_edge_1,target_edge_2"
batch_tag__fixed_target__r004,batch_tag,fixed_target,single_factor_observable,document_trust,True,False,0,
batch_tag__fixed_target__r004,batch_tag,fixed_target,single_factor_observable,nominal_repeat,True,False,10,
batch_tag__fixed_target__r004,batch_tag,fixed_target,single_factor_observable,random_relational_fuzzing,True,False,10,
batch_tag__fixed_target__r004,batch_tag,fixed_target,single_factor_observable,cep,True,True,10,"target_nonresponsiveness:target_edge_1,target_edge_2"
batch_tag__fixed_target__r005,batch_tag,fixed_target,single_factor_observable,document_trust,True,False,0,
batch_tag__fixed_target__r005,batch_tag,fixed_target,single_factor_observable,nominal_repeat,True,False,10,
batch_tag__fixed_target__r005,batch_tag,fixed_target,single_factor_observable,random_relational_fuzzing,True,False,10,
batch_tag__fixed_target__r005,batch_tag,fixed_target,single_factor_observable,cep,True,True,10,"target_nonresponsiveness:target_edge_1,target_edge_2"
batch_tag__fixed_target__r006,batch_tag,fixed_target,single_factor_observable,document_trust,True,False,0,
batch_tag__fixed_target__r006,batch_tag,fixed_target,single_factor_observable,nominal_repeat,True,False,10,
batch_tag__fixed_target__r006,batch_tag,fixed_target,single_factor_observable,random_relational_fuzzing,True,False,10,
batch_tag__fixed_target__r006,batch_tag,fixed_target,single_factor_observable,cep,True,True,10,"target_nonresponsiveness:target_edge_1,target_edge_2"
batch_tag__fixed_target__r007,batch_tag,fixed_target,single_factor_observable,document_trust,True,False,0,
batch_tag__fixed_target__r007,batch_tag,fixed_target,single_factor_observable,nominal_repeat,True,False,10,
batch_tag__fixed_target__r007,batch_tag,fixed_target,single_factor_observable,random_relational_fuzzing,True,True,10,"target_nonresponsiveness:random_2,random_7"
batch_tag__fixed_target__r007,batch_tag,fixed_target,single_factor_observable,cep,True,True,10,"target_nonresponsiveness:target_edge_1,target_edge_2"
batch_tag__fixed_target__r008,batch_tag,fixed_target,single_factor_observable,document_trust,True,False,0,
batch_tag__fixed_target__r008,batch_tag,fixed_target,single_factor_observable,nominal_repeat,True,False,10,
batch_tag__fixed_target__r008,batch_tag,fixed_target,single_factor_observable,random_relational_fuzzing,True,True,10,"target_nonresponsiveness:random_4,random_9"
batch_tag__fixed_target__r008,batch_tag,fixed_target,single_factor_observable,cep,True,True,10,"target_nonresponsiveness:target_edge_1,target_edge_2"
batch_tag__fixed_target__r009,batch_tag,fixed_target,single_factor_observable,document_trust,True,False,0,
batch_tag__fixed_target__r009,batch_tag,fixed_target,single_factor_observable,nominal_repeat,True,False,10,
batch_tag__fixed_target__r009,batch_tag,fixed_target,single_factor_observable,random_relational_fuzzing,True,False,10,
batch_tag__fixed_target__r009,batch_tag,fixed_target,single_factor_observable,cep,True,True,10,"target_nonresponsiveness:target_edge_1,target_edge_2"
batch_tag__fixed_target__r010,batch_tag,fixed_target,single_factor_observable,document_trust,True,False,0,
batch_tag__fixed_target__r010,batch_tag,fixed_target,single_factor_observable,nominal_repeat,True,False,10,
batch_tag__fixed_target__r010,batch_tag,fixed_target,single_factor_observable,random_relational_fuzzing,True,False,10,
batch_tag__fixed_target__r010,batch_tag,fixed_target,single_factor_observable,cep,True,True,10,"target_nonresponsiveness:target_edge_1,target_edge_2"
batch_tag__fixed_target__r011,batch_tag,fixed_target,single_factor_observable,document_trust,True,False,0,
batch_tag__fixed_target__r011,batch_tag,fixed_target,single_factor_observable,nominal_repeat,True,False,10,
batch_tag__fixed_target__r011,batch_tag,fixed_target,single_factor_observable,random_relational_fuzzing,True,False,10,
batch_tag__fixed_target__r011,batch_tag,fixed_target,single_factor_observable,cep,True,True,10,"target_nonresponsiveness:target_edge_1,target_edge_2"
batch_tag__fixed_target__r012,batch_tag,fixed_target,single_factor_observable,document_trust,True,False,0,
batch_tag__fixed_target__r012,batch_tag,fixed_target,single_factor_observable,nominal_repeat,True,False,10,
batch_tag__fixed_target__r012,batch_tag,fixed_target,single_factor_observable,random_relational_fuzzing,True,False,10,
batch_tag__fixed_target__r012,batch_tag,fixed_target,single_factor_observable,cep,True,True,10,"target_nonresponsiveness:target_edge_1,target_edge_2"
batch_tag__fixed_target__r013,batch_tag,fixed_target,single_factor_observable,document_trust,True,False,0,
batch_tag__fixed_target__r013,batch_tag,fixed_target,single_factor_observable,nominal_repeat,True,False,10,
batch_tag__fixed_target__r013,batch_tag,fixed_target,single_factor_observable,random_relational_fuzzing,True,False,10,
batch_tag__fixed_target__r013,batch_tag,fixed_target,single_factor_observable,cep,True,True,10,"target_nonresponsiveness:target_edge_1,target_edge_2"
batch_tag__fixed_target__r014,batch_tag,fixed_target,single_factor_observable,document_trust,True,False,0,
batch_tag__fixed_target__r014,batch_tag,fixed_target,single_factor_observable,nominal_repeat,True,False,10,
batch_tag__fixed_target__r014,batch_tag,fixed_target,single_factor_observable,random_relational_fuzzing,True,False,10,
batch_tag__fixed_target__r014,batch_tag,fixed_target,single_factor_observable,cep,True,True,10,"target_nonresponsiveness:target_edge_1,target_edge_2"
batch_tag__fixed_target__r015,batch_tag,fixed_target,single_factor_observable,document_trust,True,False,0,
batch_tag__fixed_target__r015,batch_tag,fixed_target,single_factor_observable,nominal_repeat,True,False,10,
batch_tag__fixed_target__r015,batch_tag,fixed_target,single_factor_observable,random_relational_fuzzing,True,False,10,
batch_tag__fixed_target__r015,batch_tag,fixed_target,single_factor_observable,cep,True,True,10,"target_nonresponsiveness:target_edge_1,target_edge_2"
batch_tag__fixed_target__r016,batch_tag,fixed_target,single_factor_observable,document_trust,True,False,0,
batch_tag__fixed_target__r016,batch_tag,fixed_target,single_factor_observable,nominal_repeat,True,False,10,
batch_tag__fixed_target__r016,batch_tag,fixed_target,single_factor_observable,random_relational_fuzzing,True,False,10,
batch_tag__fixed_target__r016,batch_tag,fixed_target,single_factor_observable,cep,True,True,10,"target_nonresponsiveness:target_edge_1,target_edge_2"
batch_tag__fixed_target__r017,batch_tag,fixed_target,single_factor_observable,document_trust,True,False,0,
batch_tag__fixed_target__r017,batch_tag,fixed_target,single_factor_observable,nominal_repeat,True,False,10,
batch_tag__fixed_target__r017,batch_tag,fixed_target,single_factor_observable,random_relational_fuzzing,True,False,10,
batch_tag__fixed_target__r017,batch_tag,fixed_target,single_factor_observable,cep,True,True,10,"target_nonresponsiveness:target_edge_1,target_edge_2"
batch_tag__fixed_target__r018,batch_tag,fixed_target,single_factor_observable,document_trust,True,False,0,
batch_tag__fixed_target__r018,batch_tag,fixed_target,single_factor_observable,nominal_repeat,True,False,10,
batch_tag__fixed_target__r018,batch_tag,fixed_target,single_factor_observable,random_relational_fuzzing,True,False,10,
batch_tag__fixed_target__r018,batch_tag,fixed_target,single_factor_observable,cep,True,True,10,"target_nonresponsiveness:target_edge_1,target_edge_2"
batch_tag__fixed_target__r019,batch_tag,fixed_target,single_factor_observable,document_trust,True,False,0,
batch_tag__fixed_target__r019,batch_tag,fixed_target,single_factor_observable,nominal_repeat,True,False,10,
batch_tag__fixed_target__r019,batch_tag,fixed_target,single_factor_observable,random_relational_fuzzing,True,True,10,"target_nonresponsiveness:random_2,random_9"
batch_tag__fixed_target__r019,batch_tag,fixed_target,single_factor_observable,cep,True,True,10,"target_nonresponsiveness:target_edge_1,target_edge_2"
batch_tag__sensitive_exfil__r000,batch_tag,sensitive_exfil,single_factor_observable,document_trust,True,False,0,
batch_tag__sensitive_exfil__r000,batch_tag,sensitive_exfil,single_factor_observable,nominal_repeat,True,False,10,
batch_tag__sensitive_exfil__r000,batch_tag,sensitive_exfil,single_factor_observable,random_relational_fuzzing,True,True,10,random_2:effect_count=2|random_3:effect_count=2|random_6:effect_count=2|random_7:effect_count=2
batch_tag__sensitive_exfil__r000,batch_tag,sensitive_exfil,single_factor_observable,cep,True,True,10,sensitive_1:effect_count=2|sensitive_2:effect_count=2
batch_tag__sensitive_exfil__r001,batch_tag,sensitive_exfil,single_factor_observable,document_trust,True,False,0,
batch_tag__sensitive_exfil__r001,batch_tag,sensitive_exfil,single_factor_observable,nominal_repeat,True,False,10,
batch_tag__sensitive_exfil__r001,batch_tag,sensitive_exfil,single_factor_observable,random_relational_fuzzing,True,True,10,random_0:effect_count=2|random_2:effect_count=2|random_5:effect_count=2|random_7:effect_count=2|random_9:effect_count=2
batch_tag__sensitive_exfil__r001,batch_tag,sensitive_exfil,single_factor_observable,cep,True,True,10,sensitive_1:effect_count=2|sensitive_2:effect_count=2
batch_tag__sensitive_exfil__r002,batch_tag,sensitive_exfil,single_factor_observable,document_trust,True,False,0,
batch_tag__sensitive_exfil__r002,batch_tag,sensitive_exfil,single_factor_observable,nominal_repeat,True,False,10,
batch_tag__sensitive_exfil__r002,batch_tag,sensitive_exfil,single_factor_observable,random_relational_fuzzing,True,False,10,
batch_tag__sensitive_exfil__r002,batch_tag,sensitive_exfil,single_factor_observable,cep,True,True,10,sensitive_1:effect_count=2|sensitive_2:effect_count=2
batch_tag__sensitive_exfil__r003,batch_tag,sensitive_exfil,single_factor_observable,document_trust,True,False,0,
batch_tag__sensitive_exfil__r003,batch_tag,sensitive_exfil,single_factor_observable,nominal_repeat,True,False,10,
batch_tag__sensitive_exfil__r003,batch_tag,sensitive_exfil,single_factor_observable,random_relational_fuzzing,True,True,10,random_0:effect_count=2|random_8:effect_count=2
batch_tag__sensitive_exfil__r003,batch_tag,sensitive_exfil,single_factor_observable,cep,True,True,10,sensitive_1:effect_count=2|sensitive_2:effect_count=2
batch_tag__sensitive_exfil__r004,batch_tag,sensitive_exfil,single_factor_observable,document_trust,True,False,0,
batch_tag__sensitive_exfil__r004,batch_tag,sensitive_exfil,single_factor_observable,nominal_repeat,True,False,10,
batch_tag__sensitive_exfil__r004,batch_tag,sensitive_exfil,single_factor_observable,random_relational_fuzzing,True,True,10,random_3:effect_count=2|random_8:effect_count=2
batch_tag__sensitive_exfil__r004,batch_tag,sensitive_exfil,single_factor_observable,cep,True,True,10,sensitive_1:effect_count=2|sensitive_2:effect_count=2
batch_tag__sensitive_exfil__r005,batch_tag,sensitive_exfil,single_factor_observable,document_trust,True,False,0,
batch_tag__sensitive_exfil__r005,batch_tag,sensitive_exfil,single_factor_observable,nominal_repeat,True,False,10,
batch_tag__sensitive_exfil__r005,batch_tag,sensitive_exfil,single_factor_observable,random_relational_fuzzing,True,False,10,
batch_tag__sensitive_exfil__r005,batch_tag,sensitive_exfil,single_factor_observable,cep,True,True,10,sensitive_1:effect_count=2|sensitive_2:effect_count=2
batch_tag__sensitive_exfil__r006,batch_tag,sensitive_exfil,single_factor_observable,document_trust,True,False,0,
batch_tag__sensitive_exfil__r006,batch_tag,sensitive_exfil,single_factor_observable,nominal_repeat,True,False,10,
batch_tag__sensitive_exfil__r006,batch_tag,sensitive_exfil,single_factor_observable,random_relational_fuzzing,True,True,10,random_0:effect_count=2|random_2:effect_count=2|random_5:effect_count=2|random_7:effect_count=2
batch_tag__sensitive_exfil__r006,batch_tag,sensitive_exfil,single_factor_observable,cep,True,True,10,sensitive_1:effect_count=2|sensitive_2:effect_count=2
batch_tag__sensitive_exfil__r007,batch_tag,sensitive_exfil,single_factor_observable,document_trust,True,False,0,
batch_tag__sensitive_exfil__r007,batch_tag,sensitive_exfil,single_factor_observable,nominal_repeat,True,False,10,
batch_tag__sensitive_exfil__r007,batch_tag,sensitive_exfil,single_factor_observable,random_relational_fuzzing,True,True,10,random_7:effect_count=2|random_8:effect_count=2|random_9:effect_count=2
batch_tag__sensitive_exfil__r007,batch_tag,sensitive_exfil,single_factor_observable,cep,True,True,10,sensitive_1:effect_count=2|sensitive_2:effect_count=2
batch_tag__sensitive_exfil__r008,batch_tag,sensitive_exfil,single_factor_observable,document_trust,True,False,0,
batch_tag__sensitive_exfil__r008,batch_tag,sensitive_exfil,single_factor_observable,nominal_repeat,True,False,10,
batch_tag__sensitive_exfil__r008,batch_tag,sensitive_exfil,single_factor_observable,random_relational_fuzzing,True,False,10,
batch_tag__sensitive_exfil__r008,batch_tag,sensitive_exfil,single_factor_observable,cep,True,True,10,sensitive_1:effect_count=2|sensitive_2:effect_count=2
batch_tag__sensitive_exfil__r009,batch_tag,sensitive_exfil,single_factor_observable,document_trust,True,False,0,
batch_tag__sensitive_exfil__r009,batch_tag,sensitive_exfil,single_factor_observable,nominal_repeat,True,False,10,
batch_tag__sensitive_exfil__r009,batch_tag,sensitive_exfil,single_factor_observable,random_relational_fuzzing,True,True,10,random_3:effect_count=2|random_9:effect_count=2
batch_tag__sensitive_exfil__r009,batch_tag,sensitive_exfil,single_factor_observable,cep,True,True,10,sensitive_1:effect_count=2|sensitive_2:effect_count=2
batch_tag__sensitive_exfil__r010,batch_tag,sensitive_exfil,single_factor_observable,document_trust,True,False,0,
batch_tag__sensitive_exfil__r010,batch_tag,sensitive_exfil,single_factor_observable,nominal_repeat,True,False,10,
batch_tag__sensitive_exfil__r010,batch_tag,sensitive_exfil,single_factor_observable,random_relational_fuzzing,True,False,10,
batch_tag__sensitive_exfil__r010,batch_tag,sensitive_exfil,single_factor_observable,cep,True,True,10,sensitive_1:effect_count=2|sensitive_2:effect_count=2
batch_tag__sensitive_exfil__r011,batch_tag,sensitive_exfil,single_factor_observable,document_trust,True,False,0,
batch_tag__sensitive_exfil__r011,batch_tag,sensitive_exfil,single_factor_observable,nominal_repeat,True,False,10,
batch_tag__sensitive_exfil__r011,batch_tag,sensitive_exfil,single_factor_observable,random_relational_fuzzing,True,True,10,random_5:effect_count=2|random_7:effect_count=2
batch_tag__sensitive_exfil__r011,batch_tag,sensitive_exfil,single_factor_observable,cep,True,True,10,sensitive_1:effect_count=2|sensitive_2:effect_count=2
batch_tag__sensitive_exfil__r012,batch_tag,sensitive_exfil,single_factor_observable,document_trust,True,False,0,
batch_tag__sensitive_exfil__r012,batch_tag,sensitive_exfil,single_factor_observable,nominal_repeat,True,False,10,
batch_tag__sensitive_exfil__r012,batch_tag,sensitive_exfil,single_factor_observable,random_relational_fuzzing,True,True,10,random_0:effect_count=2|random_3:effect_count=2
batch_tag__sensitive_exfil__r012,batch_tag,sensitive_exfil,single_factor_observable,cep,True,True,10,sensitive_1:effect_count=2|sensitive_2:effect_count=2
batch_tag__sensitive_exfil__r013,batch_tag,sensitive_exfil,single_factor_observable,document_trust,True,False,0,
batch_tag__sensitive_exfil__r013,batch_tag,sensitive_exfil,single_factor_observable,nominal_repeat,True,False,10,
batch_tag__sensitive_exfil__r013,batch_tag,sensitive_exfil,single_factor_observable,random_relational_fuzzing,True,True,10,random_2:effect_count=2|random_5:effect_count=2|random_6:effect_count=2
batch_tag__sensitive_exfil__r013,batch_tag,sensitive_exfil,single_factor_observable,cep,True,True,10,sensitive_1:effect_count=2|sensitive_2:effect_count=2
batch_tag__sensitive_exfil__r014,batch_tag,sensitive_exfil,single_factor_observable,document_trust,True,False,0,
batch_tag__sensitive_exfil__r014,batch_tag,sensitive_exfil,single_factor_observable,nominal_repeat,True,False,10,
batch_tag__sensitive_exfil__r014,batch_tag,sensitive_exfil,single_factor_observable,random_relational_fuzzing,True,True,10,random_0:effect_count=2|random_3:effect_count=2|random_7:effect_count=2
batch_tag__sensitive_exfil__r014,batch_tag,sensitive_exfil,single_factor_observable,cep,True,True,10,sensitive_1:effect_count=2|sensitive_2:effect_count=2
batch_tag__sensitive_exfil__r015,batch_tag,sensitive_exfil,single_factor_observable,document_trust,True,False,0,
batch_tag__sensitive_exfil__r015,batch_tag,sensitive_exfil,single_factor_observable,nominal_repeat,True,False,10,
batch_tag__sensitive_exfil__r015,batch_tag,sensitive_exfil,single_factor_observable,random_relational_fuzzing,True,False,10,
batch_tag__sensitive_exfil__r015,batch_tag,sensitive_exfil,single_factor_observable,cep,True,True,10,sensitive_1:effect_count=2|sensitive_2:effect_count=2
batch_tag__sensitive_exfil__r016,batch_tag,sensitive_exfil,single_factor_observable,document_trust,True,False,0,
batch_tag__sensitive_exfil__r016,batch_tag,sensitive_exfil,single_factor_observable,nominal_repeat,True,False,10,
batch_tag__sensitive_exfil__r016,batch_tag,sensitive_exfil,single_factor_observable,random_relational_fuzzing,True,True,10,random_1:effect_count=2
batch_tag__sensitive_exfil__r016,batch_tag,sensitive_exfil,single_factor_observable,cep,True,True,10,sensitive_1:effect_count=2|sensitive_2:effect_count=2
batch_tag__sensitive_exfil__r017,batch_tag,sensitive_exfil,single_factor_observable,document_trust,True,False,0,
batch_tag__sensitive_exfil__r017,batch_tag,sensitive_exfil,single_factor_observable,nominal_repeat,True,False,10,
batch_tag__sensitive_exfil__r017,batch_tag,sensitive_exfil,single_factor_observable,random_relational_fuzzing,True,True,10,random_4:effect_count=2
batch_tag__sensitive_exfil__r017,batch_tag,sensitive_exfil,single_factor_observable,cep,True,True,10,sensitive_1:effect_count=2|sensitive_2:effect_count=2
batch_tag__sensitive_exfil__r018,batch_tag,sensitive_exfil,single_factor_observable,document_trust,True,False,0,
batch_tag__sensitive_exfil__r018,batch_tag,sensitive_exfil,single_factor_observable,nominal_repeat,True,False,10,
batch_tag__sensitive_exfil__r018,batch_tag,sensitive_exfil,single_factor_observable,random_relational_fuzzing,True,True,10,random_3:effect_count=2|random_6:effect_count=2|random_9:effect_count=2
batch_tag__sensitive_exfil__r018,batch_tag,sensitive_exfil,single_factor_observable,cep,True,True,10,sensitive_1:effect_count=2|sensitive_2:effect_count=2
batch_tag__sensitive_exfil__r019,batch_tag,sensitive_exfil,single_factor_observable,document_trust,True,False,0,
batch_tag__sensitive_exfil__r019,batch_tag,sensitive_exfil,single_factor_observable,nominal_repeat,True,False,10,
batch_tag__sensitive_exfil__r019,batch_tag,sensitive_exfil,single_factor_observable,random_relational_fuzzing,True,False,10,
batch_tag__sensitive_exfil__r019,batch_tag,sensitive_exfil,single_factor_observable,cep,True,True,10,sensitive_1:effect_count=2|sensitive_2:effect_count=2
batch_tag__ambient_neighbor__r000,batch_tag,ambient_neighbor,single_factor_observable,document_trust,True,False,0,
batch_tag__ambient_neighbor__r000,batch_tag,ambient_neighbor,single_factor_observable,nominal_repeat,True,False,10,
batch_tag__ambient_neighbor__r000,batch_tag,ambient_neighbor,single_factor_observable,random_relational_fuzzing,True,True,10,random_1:effect_count=2|random_4:effect_count=2|random_9:effect_count=2
batch_tag__ambient_neighbor__r000,batch_tag,ambient_neighbor,single_factor_observable,cep,True,True,10,neighbor:effect_count=2
batch_tag__ambient_neighbor__r001,batch_tag,ambient_neighbor,single_factor_observable,document_trust,True,False,0,
batch_tag__ambient_neighbor__r001,batch_tag,ambient_neighbor,single_factor_observable,nominal_repeat,True,False,10,
batch_tag__ambient_neighbor__r001,batch_tag,ambient_neighbor,single_factor_observable,random_relational_fuzzing,True,True,10,random_1:effect_count=2|random_7:effect_count=2
batch_tag__ambient_neighbor__r001,batch_tag,ambient_neighbor,single_factor_observable,cep,True,True,10,neighbor:effect_count=2
batch_tag__ambient_neighbor__r002,batch_tag,ambient_neighbor,single_factor_observable,document_trust,True,False,0,
batch_tag__ambient_neighbor__r002,batch_tag,ambient_neighbor,single_factor_observable,nominal_repeat,True,False,10,
batch_tag__ambient_neighbor__r002,batch_tag,ambient_neighbor,single_factor_observable,random_relational_fuzzing,True,True,10,random_0:effect_count=2|random_1:effect_count=2|random_5:effect_count=2|random_7:effect_count=2
batch_tag__ambient_neighbor__r002,batch_tag,ambient_neighbor,single_factor_observable,cep,True,True,10,neighbor:effect_count=2
batch_tag__ambient_neighbor__r003,batch_tag,ambient_neighbor,single_factor_observable,document_trust,True,False,0,
batch_tag__ambient_neighbor__r003,batch_tag,ambient_neighbor,single_factor_observable,nominal_repeat,True,False,10,
batch_tag__ambient_neighbor__r003,batch_tag,ambient_neighbor,single_factor_observable,random_relational_fuzzing,True,True,10,random_0:effect_count=2|random_3:effect_count=2|random_7:effect_count=2
batch_tag__ambient_neighbor__r003,batch_tag,ambient_neighbor,single_factor_observable,cep,True,True,10,neighbor:effect_count=2
batch_tag__ambient_neighbor__r004,batch_tag,ambient_neighbor,single_factor_observable,document_trust,True,False,0,
batch_tag__ambient_neighbor__r004,batch_tag,ambient_neighbor,single_factor_observable,nominal_repeat,True,False,10,
batch_tag__ambient_neighbor__r004,batch_tag,ambient_neighbor,single_factor_observable,random_relational_fuzzing,True,True,10,random_0:effect_count=2|random_3:effect_count=2|random_7:effect_count=2
batch_tag__ambient_neighbor__r004,batch_tag,ambient_neighbor,single_factor_observable,cep,True,True,10,neighbor:effect_count=2
batch_tag__ambient_neighbor__r005,batch_tag,ambient_neighbor,single_factor_observable,document_trust,True,False,0,
batch_tag__ambient_neighbor__r005,batch_tag,ambient_neighbor,single_factor_observable,nominal_repeat,True,False,10,
batch_tag__ambient_neighbor__r005,batch_tag,ambient_neighbor,single_factor_observable,random_relational_fuzzing,True,True,10,random_0:effect_count=2|random_7:effect_count=2
batch_tag__ambient_neighbor__r005,batch_tag,ambient_neighbor,single_factor_observable,cep,True,True,10,neighbor:effect_count=2
batch_tag__ambient_neighbor__r006,batch_tag,ambient_neighbor,single_factor_observable,document_trust,True,False,0,
batch_tag__ambient_neighbor__r006,batch_tag,ambient_neighbor,single_factor_observable,nominal_repeat,True,False,10,
batch_tag__ambient_neighbor__r006,batch_tag,ambient_neighbor,single_factor_observable,random_relational_fuzzing,True,True,10,random_0:effect_count=2|random_2:effect_count=2
batch_tag__ambient_neighbor__r006,batch_tag,ambient_neighbor,single_factor_observable,cep,True,True,10,neighbor:effect_count=2
batch_tag__ambient_neighbor__r007,batch_tag,ambient_neighbor,single_factor_observable,document_trust,True,False,0,
batch_tag__ambient_neighbor__r007,batch_tag,ambient_neighbor,single_factor_observable,nominal_repeat,True,False,10,
batch_tag__ambient_neighbor__r007,batch_tag,ambient_neighbor,single_factor_observable,random_relational_fuzzing,True,True,10,random_5:effect_count=2|random_8:effect_count=2
batch_tag__ambient_neighbor__r007,batch_tag,ambient_neighbor,single_factor_observable,cep,True,True,10,neighbor:effect_count=2
batch_tag__ambient_neighbor__r008,batch_tag,ambient_neighbor,single_factor_observable,document_trust,True,False,0,
batch_tag__ambient_neighbor__r008,batch_tag,ambient_neighbor,single_factor_observable,nominal_repeat,True,False,10,
batch_tag__ambient_neighbor__r008,batch_tag,ambient_neighbor,single_factor_observable,random_relational_fuzzing,True,False,10,
batch_tag__ambient_neighbor__r008,batch_tag,ambient_neighbor,single_factor_observable,cep,True,True,10,neighbor:effect_count=2
batch_tag__ambient_neighbor__r009,batch_tag,ambient_neighbor,single_factor_observable,document_trust,True,False,0,
batch_tag__ambient_neighbor__r009,batch_tag,ambient_neighbor,single_factor_observable,nominal_repeat,True,False,10,
batch_tag__ambient_neighbor__r009,batch_tag,ambient_neighbor,single_factor_observable,random_relational_fuzzing,True,True,10,random_0:effect_count=2
batch_tag__ambient_neighbor__r009,batch_tag,ambient_neighbor,single_factor_observable,cep,True,True,10,neighbor:effect_count=2
batch_tag__ambient_neighbor__r010,batch_tag,ambient_neighbor,single_factor_observable,document_trust,True,False,0,
batch_tag__ambient_neighbor__r010,batch_tag,ambient_neighbor,single_factor_observable,nominal_repeat,True,False,10,
batch_tag__ambient_neighbor__r010,batch_tag,ambient_neighbor,single_factor_observable,random_relational_fuzzing,True,True,10,random_4:effect_count=2|random_5:effect_count=2
batch_tag__ambient_neighbor__r010,batch_tag,ambient_neighbor,single_factor_observable,cep,True,True,10,neighbor:effect_count=2
batch_tag__ambient_neighbor__r011,batch_tag,ambient_neighbor,single_factor_observable,document_trust,True,False,0,
batch_tag__ambient_neighbor__r011,batch_tag,ambient_neighbor,single_factor_observable,nominal_repeat,True,False,10,
batch_tag__ambient_neighbor__r011,batch_tag,ambient_neighbor,single_factor_observable,random_relational_fuzzing,True,True,10,random_1:effect_count=2|random_2:effect_count=2
batch_tag__ambient_neighbor__r011,batch_tag,ambient_neighbor,single_factor_observable,cep,True,True,10,neighbor:effect_count=2
batch_tag__ambient_neighbor__r012,batch_tag,ambient_neighbor,single_factor_observable,document_trust,True,False,0,
batch_tag__ambient_neighbor__r012,batch_tag,ambient_neighbor,single_factor_observable,nominal_repeat,True,False,10,
batch_tag__ambient_neighbor__r012,batch_tag,ambient_neighbor,single_factor_observable,random_relational_fuzzing,True,True,10,random_2:effect_count=2|random_6:effect_count=2
batch_tag__ambient_neighbor__r012,batch_tag,ambient_neighbor,single_factor_observable,cep,True,True,10,neighbor:effect_count=2
batch_tag__ambient_neighbor__r013,batch_tag,ambient_neighbor,single_factor_observable,document_trust,True,False,0,
batch_tag__ambient_neighbor__r013,batch_tag,ambient_neighbor,single_factor_observable,nominal_repeat,True,False,10,
batch_tag__ambient_neighbor__r013,batch_tag,ambient_neighbor,single_factor_observable,random_relational_fuzzing,True,True,10,random_5:effect_count=2|random_8:effect_count=2
batch_tag__ambient_neighbor__r013,batch_tag,ambient_neighbor,single_factor_observable,cep,True,True,10,neighbor:effect_count=2
batch_tag__ambient_neighbor__r014,batch_tag,ambient_neighbor,single_factor_observable,document_trust,True,False,0,
batch_tag__ambient_neighbor__r014,batch_tag,ambient_neighbor,single_factor_observable,nominal_repeat,True,False,10,
batch_tag__ambient_neighbor__r014,batch_tag,ambient_neighbor,single_factor_observable,random_relational_fuzzing,True,True,10,random_1:effect_count=2|random_2:effect_count=2|random_4:effect_count=2
batch_tag__ambient_neighbor__r014,batch_tag,ambient_neighbor,single_factor_observable,cep,True,True,10,neighbor:effect_count=2
batch_tag__ambient_neighbor__r015,batch_tag,ambient_neighbor,single_factor_observable,document_trust,True,False,0,
batch_tag__ambient_neighbor__r015,batch_tag,ambient_neighbor,single_factor_observable,nominal_repeat,True,False,10,
batch_tag__ambient_neighbor__r015,batch_tag,ambient_neighbor,single_factor_observable,random_relational_fuzzing,True,True,10,random_3:effect_count=2|random_4:effect_count=2|random_8:effect_count=2
batch_tag__ambient_neighbor__r015,batch_tag,ambient_neighbor,single_factor_observable,cep,True,True,10,neighbor:effect_count=2
batch_tag__ambient_neighbor__r016,batch_tag,ambient_neighbor,single_factor_observable,document_trust,True,False,0,
batch_tag__ambient_neighbor__r016,batch_tag,ambient_neighbor,single_factor_observable,nominal_repeat,True,False,10,
batch_tag__ambient_neighbor__r016,batch_tag,ambient_neighbor,single_factor_observable,random_relational_fuzzing,True,True,10,random_0:effect_count=2|random_8:effect_count=2
batch_tag__ambient_neighbor__r016,batch_tag,ambient_neighbor,single_factor_observable,cep,True,True,10,neighbor:effect_count=2
batch_tag__ambient_neighbor__r017,batch_tag,ambient_neighbor,single_factor_observable,document_trust,True,False,0,
batch_tag__ambient_neighbor__r017,batch_tag,ambient_neighbor,single_factor_observable,nominal_repeat,True,False,10,
batch_tag__ambient_neighbor__r017,batch_tag,ambient_neighbor,single_factor_observable,random_relational_fuzzing,True,True,10,random_3:effect_count=2|random_6:effect_count=2|random_9:effect_count=2
batch_tag__ambient_neighbor__r017,batch_tag,ambient_neighbor,single_factor_observable,cep,True,True,10,neighbor:effect_count=2
batch_tag__ambient_neighbor__r018,batch_tag,ambient_neighbor,single_factor_observable,document_trust,True,False,0,
batch_tag__ambient_neighbor__r018,batch_tag,ambient_neighbor,single_factor_observable,nominal_repeat,True,False,10,
batch_tag__ambient_neighbor__r018,batch_tag,ambient_neighbor,single_factor_observable,random_relational_fuzzing,True,True,10,random_5:effect_count=2
batch_tag__ambient_neighbor__r018,batch_tag,ambient_neighbor,single_factor_observable,cep,True,True,10,neighbor:effect_count=2
batch_tag__ambient_neighbor__r019,batch_tag,ambient_neighbor,single_factor_observable,document_trust,True,False,0,
batch_tag__ambient_neighbor__r019,batch_tag,ambient_neighbor,single_factor_observable,nominal_repeat,True,False,10,
batch_tag__ambient_neighbor__r019,batch_tag,ambient_neighbor,single_factor_observable,random_relational_fuzzing,True,True,10,random_0:effect_count=2|random_2:effect_count=2
batch_tag__ambient_neighbor__r019,batch_tag,ambient_neighbor,single_factor_observable,cep,True,True,10,neighbor:effect_count=2
batch_tag__cross_tenant__r000,batch_tag,cross_tenant,single_factor_observable,document_trust,True,False,0,
batch_tag__cross_tenant__r000,batch_tag,cross_tenant,single_factor_observable,nominal_repeat,True,False,10,
batch_tag__cross_tenant__r000,batch_tag,cross_tenant,single_factor_observable,random_relational_fuzzing,True,True,10,random_1:effect_count=2|random_2:effect_count=2|random_4:effect_count=2|random_8:effect_count=2|random_9:effect_count=2
batch_tag__cross_tenant__r000,batch_tag,cross_tenant,single_factor_observable,cep,True,True,10,tenant_boundary:effect_count=2
batch_tag__cross_tenant__r001,batch_tag,cross_tenant,single_factor_observable,document_trust,True,False,0,
batch_tag__cross_tenant__r001,batch_tag,cross_tenant,single_factor_observable,nominal_repeat,True,False,10,
batch_tag__cross_tenant__r001,batch_tag,cross_tenant,single_factor_observable,random_relational_fuzzing,True,True,10,random_5:effect_count=2|random_6:effect_count=2
batch_tag__cross_tenant__r001,batch_tag,cross_tenant,single_factor_observable,cep,True,True,10,tenant_boundary:effect_count=2
batch_tag__cross_tenant__r002,batch_tag,cross_tenant,single_factor_observable,document_trust,True,False,0,
batch_tag__cross_tenant__r002,batch_tag,cross_tenant,single_factor_observable,nominal_repeat,True,False,10,
batch_tag__cross_tenant__r002,batch_tag,cross_tenant,single_factor_observable,random_relational_fuzzing,True,True,10,random_0:effect_count=2|random_5:effect_count=2|random_9:effect_count=2
batch_tag__cross_tenant__r002,batch_tag,cross_tenant,single_factor_observable,cep,True,True,10,tenant_boundary:effect_count=2
batch_tag__cross_tenant__r003,batch_tag,cross_tenant,single_factor_observable,document_trust,True,False,0,
batch_tag__cross_tenant__r003,batch_tag,cross_tenant,single_factor_observable,nominal_repeat,True,False,10,
batch_tag__cross_tenant__r003,batch_tag,cross_tenant,single_factor_observable,random_relational_fuzzing,True,True,10,random_8:effect_count=2
batch_tag__cross_tenant__r003,batch_tag,cross_tenant,single_factor_observable,cep,True,True,10,tenant_boundary:effect_count=2
batch_tag__cross_tenant__r004,batch_tag,cross_tenant,single_factor_observable,document_trust,True,False,0,
batch_tag__cross_tenant__r004,batch_tag,cross_tenant,single_factor_observable,nominal_repeat,True,False,10,
batch_tag__cross_tenant__r004,batch_tag,cross_tenant,single_factor_observable,random_relational_fuzzing,True,False,10,
batch_tag__cross_tenant__r004,batch_tag,cross_tenant,single_factor_observable,cep,True,True,10,tenant_boundary:effect_count=2
batch_tag__cross_tenant__r005,batch_tag,cross_tenant,single_factor_observable,document_trust,True,False,0,
batch_tag__cross_tenant__r005,batch_tag,cross_tenant,single_factor_observable,nominal_repeat,True,False,10,
batch_tag__cross_tenant__r005,batch_tag,cross_tenant,single_factor_observable,random_relational_fuzzing,True,False,10,
batch_tag__cross_tenant__r005,batch_tag,cross_tenant,single_factor_observable,cep,True,True,10,tenant_boundary:effect_count=2
batch_tag__cross_tenant__r006,batch_tag,cross_tenant,single_factor_observable,document_trust,True,False,0,
batch_tag__cross_tenant__r006,batch_tag,cross_tenant,single_factor_observable,nominal_repeat,True,False,10,
batch_tag__cross_tenant__r006,batch_tag,cross_tenant,single_factor_observable,random_relational_fuzzing,True,True,10,random_6:effect_count=2
batch_tag__cross_tenant__r006,batch_tag,cross_tenant,single_factor_observable,cep,True,True,10,tenant_boundary:effect_count=2
batch_tag__cross_tenant__r007,batch_tag,cross_tenant,single_factor_observable,document_trust,True,False,0,
batch_tag__cross_tenant__r007,batch_tag,cross_tenant,single_factor_observable,nominal_repeat,True,False,10,
batch_tag__cross_tenant__r007,batch_tag,cross_tenant,single_factor_observable,random_relational_fuzzing,True,True,10,random_4:effect_count=2|random_5:effect_count=2|random_6:effect_count=2|random_8:effect_count=2
batch_tag__cross_tenant__r007,batch_tag,cross_tenant,single_factor_observable,cep,True,True,10,tenant_boundary:effect_count=2
batch_tag__cross_tenant__r008,batch_tag,cross_tenant,single_factor_observable,document_trust,True,False,0,
batch_tag__cross_tenant__r008,batch_tag,cross_tenant,single_factor_observable,nominal_repeat,True,False,10,
batch_tag__cross_tenant__r008,batch_tag,cross_tenant,single_factor_observable,random_relational_fuzzing,True,True,10,random_5:effect_count=2
batch_tag__cross_tenant__r008,batch_tag,cross_tenant,single_factor_observable,cep,True,True,10,tenant_boundary:effect_count=2
batch_tag__cross_tenant__r009,batch_tag,cross_tenant,single_factor_observable,document_trust,True,False,0,
batch_tag__cross_tenant__r009,batch_tag,cross_tenant,single_factor_observable,nominal_repeat,True,False,10,
batch_tag__cross_tenant__r009,batch_tag,cross_tenant,single_factor_observable,random_relational_fuzzing,True,True,10,random_0:effect_count=2|random_2:effect_count=2|random_5:effect_count=2|random_8:effect_count=2|random_9:effect_count=2
batch_tag__cross_tenant__r009,batch_tag,cross_tenant,single_factor_observable,cep,True,True,10,tenant_boundary:effect_count=2
batch_tag__cross_tenant__r010,batch_tag,cross_tenant,single_factor_observable,document_trust,True,False,0,
batch_tag__cross_tenant__r010,batch_tag,cross_tenant,single_factor_observable,nominal_repeat,True,False,10,
batch_tag__cross_tenant__r010,batch_tag,cross_tenant,single_factor_observable,random_relational_fuzzing,True,True,10,random_1:effect_count=2|random_2:effect_count=2|random_3:effect_count=2|random_8:effect_count=2|random_9:effect_count=2
batch_tag__cross_tenant__r010,batch_tag,cross_tenant,single_factor_observable,cep,True,True,10,tenant_boundary:effect_count=2
batch_tag__cross_tenant__r011,batch_tag,cross_tenant,single_factor_observable,document_trust,True,False,0,
batch_tag__cross_tenant__r011,batch_tag,cross_tenant,single_factor_observable,nominal_repeat,True,False,10,
batch_tag__cross_tenant__r011,batch_tag,cross_tenant,single_factor_observable,random_relational_fuzzing,True,True,10,random_5:effect_count=2|random_9:effect_count=2
batch_tag__cross_tenant__r011,batch_tag,cross_tenant,single_factor_observable,cep,True,True,10,tenant_boundary:effect_count=2
batch_tag__cross_tenant__r012,batch_tag,cross_tenant,single_factor_observable,document_trust,True,False,0,
batch_tag__cross_tenant__r012,batch_tag,cross_tenant,single_factor_observable,nominal_repeat,True,False,10,
batch_tag__cross_tenant__r012,batch_tag,cross_tenant,single_factor_observable,random_relational_fuzzing,True,True,10,random_0:effect_count=2|random_3:effect_count=2|random_7:effect_count=2|random_8:effect_count=2
batch_tag__cross_tenant__r012,batch_tag,cross_tenant,single_factor_observable,cep,True,True,10,tenant_boundary:effect_count=2
batch_tag__cross_tenant__r013,batch_tag,cross_tenant,single_factor_observable,document_trust,True,False,0,
batch_tag__cross_tenant__r013,batch_tag,cross_tenant,single_factor_observable,nominal_repeat,True,False,10,
batch_tag__cross_tenant__r013,batch_tag,cross_tenant,single_factor_observable,random_relational_fuzzing,True,True,10,random_2:effect_count=2
batch_tag__cross_tenant__r013,batch_tag,cross_tenant,single_factor_observable,cep,True,True,10,tenant_boundary:effect_count=2
batch_tag__cross_tenant__r014,batch_tag,cross_tenant,single_factor_observable,document_trust,True,False,0,
batch_tag__cross_tenant__r014,batch_tag,cross_tenant,single_factor_observable,nominal_repeat,True,False,10,
batch_tag__cross_tenant__r014,batch_tag,cross_tenant,single_factor_observable,random_relational_fuzzing,True,True,10,random_2:effect_count=2|random_4:effect_count=2|random_8:effect_count=2|random_9:effect_count=2
batch_tag__cross_tenant__r014,batch_tag,cross_tenant,single_factor_observable,cep,True,True,10,tenant_boundary:effect_count=2
batch_tag__cross_tenant__r015,batch_tag,cross_tenant,single_factor_observable,document_trust,True,False,0,
batch_tag__cross_tenant__r015,batch_tag,cross_tenant,single_factor_observable,nominal_repeat,True,False,10,
batch_tag__cross_tenant__r015,batch_tag,cross_tenant,single_factor_observable,random_relational_fuzzing,True,True,10,random_1:effect_count=2|random_3:effect_count=2
batch_tag__cross_tenant__r015,batch_tag,cross_tenant,single_factor_observable,cep,True,True,10,tenant_boundary:effect_count=2
batch_tag__cross_tenant__r016,batch_tag,cross_tenant,single_factor_observable,document_trust,True,False,0,
batch_tag__cross_tenant__r016,batch_tag,cross_tenant,single_factor_observable,nominal_repeat,True,False,10,
batch_tag__cross_tenant__r016,batch_tag,cross_tenant,single_factor_observable,random_relational_fuzzing,True,True,10,random_0:effect_count=2|random_4:effect_count=2
batch_tag__cross_tenant__r016,batch_tag,cross_tenant,single_factor_observable,cep,True,True,10,tenant_boundary:effect_count=2
batch_tag__cross_tenant__r017,batch_tag,cross_tenant,single_factor_observable,document_trust,True,False,0,
batch_tag__cross_tenant__r017,batch_tag,cross_tenant,single_factor_observable,nominal_repeat,True,False,10,
batch_tag__cross_tenant__r017,batch_tag,cross_tenant,single_factor_observable,random_relational_fuzzing,True,True,10,random_0:effect_count=2|random_2:effect_count=2|random_3:effect_count=2|random_5:effect_count=2
batch_tag__cross_tenant__r017,batch_tag,cross_tenant,single_factor_observable,cep,True,True,10,tenant_boundary:effect_count=2
batch_tag__cross_tenant__r018,batch_tag,cross_tenant,single_factor_observable,document_trust,True,False,0,
batch_tag__cross_tenant__r018,batch_tag,cross_tenant,single_factor_observable,nominal_repeat,True,False,10,
batch_tag__cross_tenant__r018,batch_tag,cross_tenant,single_factor_observable,random_relational_fuzzing,True,True,10,random_3:effect_count=2|random_4:effect_count=2|random_8:effect_count=2
batch_tag__cross_tenant__r018,batch_tag,cross_tenant,single_factor_observable,cep,True,True,10,tenant_boundary:effect_count=2
batch_tag__cross_tenant__r019,batch_tag,cross_tenant,single_factor_observable,document_trust,True,False,0,
batch_tag__cross_tenant__r019,batch_tag,cross_tenant,single_factor_observable,nominal_repeat,True,False,10,
batch_tag__cross_tenant__r019,batch_tag,cross_tenant,single_factor_observable,random_relational_fuzzing,True,False,10,
batch_tag__cross_tenant__r019,batch_tag,cross_tenant,single_factor_observable,cep,True,True,10,tenant_boundary:effect_count=2
batch_tag__secret_capture__r000,batch_tag,secret_capture,single_factor_observable,document_trust,True,False,0,
batch_tag__secret_capture__r000,batch_tag,secret_capture,single_factor_observable,nominal_repeat,True,False,10,
batch_tag__secret_capture__r000,batch_tag,secret_capture,single_factor_observable,random_relational_fuzzing,True,True,10,"ambient_secret_dependency:random_0,random_6|ambient_secret_dependency:random_2,random_5"
batch_tag__secret_capture__r000,batch_tag,secret_capture,single_factor_observable,cep,True,True,10,"ambient_secret_dependency:base,secret_1|ambient_secret_dependency:base,secret_2|ambient_secret_dependency:base_repeat,secret_1|ambient_secret_dependency:base_repeat,secret_2|ambient_secret_dependency:secret_1,secret_2"
batch_tag__secret_capture__r001,batch_tag,secret_capture,single_factor_observable,document_trust,True,False,0,
batch_tag__secret_capture__r001,batch_tag,secret_capture,single_factor_observable,nominal_repeat,True,False,10,
batch_tag__secret_capture__r001,batch_tag,secret_capture,single_factor_observable,random_relational_fuzzing,True,False,10,
batch_tag__secret_capture__r001,batch_tag,secret_capture,single_factor_observable,cep,True,True,10,"ambient_secret_dependency:base,secret_1|ambient_secret_dependency:base,secret_2|ambient_secret_dependency:base_repeat,secret_1|ambient_secret_dependency:base_repeat,secret_2|ambient_secret_dependency:secret_1,secret_2"
batch_tag__secret_capture__r002,batch_tag,secret_capture,single_factor_observable,document_trust,True,False,0,
batch_tag__secret_capture__r002,batch_tag,secret_capture,single_factor_observable,nominal_repeat,True,False,10,
batch_tag__secret_capture__r002,batch_tag,secret_capture,single_factor_observable,random_relational_fuzzing,True,False,10,
batch_tag__secret_capture__r002,batch_tag,secret_capture,single_factor_observable,cep,True,True,10,"ambient_secret_dependency:base,secret_1|ambient_secret_dependency:base,secret_2|ambient_secret_dependency:base_repeat,secret_1|ambient_secret_dependency:base_repeat,secret_2|ambient_secret_dependency:secret_1,secret_2"
batch_tag__secret_capture__r003,batch_tag,secret_capture,single_factor_observable,document_trust,True,False,0,
batch_tag__secret_capture__r003,batch_tag,secret_capture,single_factor_observable,nominal_repeat,True,False,10,
batch_tag__secret_capture__r003,batch_tag,secret_capture,single_factor_observable,random_relational_fuzzing,True,True,10,"ambient_secret_dependency:random_0,random_2|ambient_secret_dependency:random_1,random_2|ambient_secret_dependency:random_4,random_5"
batch_tag__secret_capture__r003,batch_tag,secret_capture,single_factor_observable,cep,True,True,10,"ambient_secret_dependency:base,secret_1|ambient_secret_dependency:base,secret_2|ambient_secret_dependency:base_repeat,secret_1|ambient_secret_dependency:base_repeat,secret_2|ambient_secret_dependency:secret_1,secret_2"
batch_tag__secret_capture__r004,batch_tag,secret_capture,single_factor_observable,document_trust,True,False,0,
batch_tag__secret_capture__r004,batch_tag,secret_capture,single_factor_observable,nominal_repeat,True,False,10,
batch_tag__secret_capture__r004,batch_tag,secret_capture,single_factor_observable,random_relational_fuzzing,True,False,10,
batch_tag__secret_capture__r004,batch_tag,secret_capture,single_factor_observable,cep,True,True,10,"ambient_secret_dependency:base,secret_1|ambient_secret_dependency:base,secret_2|ambient_secret_dependency:base_repeat,secret_1|ambient_secret_dependency:base_repeat,secret_2|ambient_secret_dependency:secret_1,secret_2"
batch_tag__secret_capture__r005,batch_tag,secret_capture,single_factor_observable,document_trust,True,False,0,
batch_tag__secret_capture__r005,batch_tag,secret_capture,single_factor_observable,nominal_repeat,True,False,10,
batch_tag__secret_capture__r005,batch_tag,secret_capture,single_factor_observable,random_relational_fuzzing,True,False,10,
batch_tag__secret_capture__r005,batch_tag,secret_capture,single_factor_observable,cep,True,True,10,"ambient_secret_dependency:base,secret_1|ambient_secret_dependency:base,secret_2|ambient_secret_dependency:base_repeat,secret_1|ambient_secret_dependency:base_repeat,secret_2|ambient_secret_dependency:secret_1,secret_2"
batch_tag__secret_capture__r006,batch_tag,secret_capture,single_factor_observable,document_trust,True,False,0,
batch_tag__secret_capture__r006,batch_tag,secret_capture,single_factor_observable,nominal_repeat,True,False,10,
batch_tag__secret_capture__r006,batch_tag,secret_capture,single_factor_observable,random_relational_fuzzing,True,False,10,
batch_tag__secret_capture__r006,batch_tag,secret_capture,single_factor_observable,cep,True,True,10,"ambient_secret_dependency:base,secret_1|ambient_secret_dependency:base,secret_2|ambient_secret_dependency:base_repeat,secret_1|ambient_secret_dependency:base_repeat,secret_2|ambient_secret_dependency:secret_1,secret_2"
batch_tag__secret_capture__r007,batch_tag,secret_capture,single_factor_observable,document_trust,True,False,0,
batch_tag__secret_capture__r007,batch_tag,secret_capture,single_factor_observable,nominal_repeat,True,False,10,
batch_tag__secret_capture__r007,batch_tag,secret_capture,single_factor_observable,random_relational_fuzzing,True,True,10,"ambient_secret_dependency:random_2,random_8"
batch_tag__secret_capture__r007,batch_tag,secret_capture,single_factor_observable,cep,True,True,10,"ambient_secret_dependency:base,secret_1|ambient_secret_dependency:base,secret_2|ambient_secret_dependency:base_repeat,secret_1|ambient_secret_dependency:base_repeat,secret_2|ambient_secret_dependency:secret_1,secret_2"
batch_tag__secret_capture__r008,batch_tag,secret_capture,single_factor_observable,document_trust,True,False,0,
batch_tag__secret_capture__r008,batch_tag,secret_capture,single_factor_observable,nominal_repeat,True,False,10,
batch_tag__secret_capture__r008,batch_tag,secret_capture,single_factor_observable,random_relational_fuzzing,True,True,10,"ambient_secret_dependency:random_0,random_6|ambient_secret_dependency:random_0,random_7"
batch_tag__secret_capture__r008,batch_tag,secret_capture,single_factor_observable,cep,True,True,10,"ambient_secret_dependency:base,secret_1|ambient_secret_dependency:base,secret_2|ambient_secret_dependency:base_repeat,secret_1|ambient_secret_dependency:base_repeat,secret_2|ambient_secret_dependency:secret_1,secret_2"
batch_tag__secret_capture__r009,batch_tag,secret_capture,single_factor_observable,document_trust,True,False,0,
batch_tag__secret_capture__r009,batch_tag,secret_capture,single_factor_observable,nominal_repeat,True,False,10,
batch_tag__secret_capture__r009,batch_tag,secret_capture,single_factor_observable,random_relational_fuzzing,True,True,10,"ambient_secret_dependency:random_1,random_2|ambient_secret_dependency:random_1,random_9|ambient_secret_dependency:random_2,random_3|ambient_secret_dependency:random_2,random_7|ambient_secret_dependency:random_2,random_8|ambient_secret_dependency:random_3,random_9|ambient_secret_dependency:random_7,random_9|ambient_secret_dependency:random_8,random_9"
batch_tag__secret_capture__r009,batch_tag,secret_capture,single_factor_observable,cep,True,True,10,"ambient_secret_dependency:base,secret_1|ambient_secret_dependency:base,secret_2|ambient_secret_dependency:base_repeat,secret_1|ambient_secret_dependency:base_repeat,secret_2|ambient_secret_dependency:secret_1,secret_2"
batch_tag__secret_capture__r010,batch_tag,secret_capture,single_factor_observable,document_trust,True,False,0,
batch_tag__secret_capture__r010,batch_tag,secret_capture,single_factor_observable,nominal_repeat,True,False,10,
batch_tag__secret_capture__r010,batch_tag,secret_capture,single_factor_observable,random_relational_fuzzing,True,False,10,
batch_tag__secret_capture__r010,batch_tag,secret_capture,single_factor_observable,cep,True,True,10,"ambient_secret_dependency:base,secret_1|ambient_secret_dependency:base,secret_2|ambient_secret_dependency:base_repeat,secret_1|ambient_secret_dependency:base_repeat,secret_2|ambient_secret_dependency:secret_1,secret_2"
batch_tag__secret_capture__r011,batch_tag,secret_capture,single_factor_observable,document_trust,True,False,0,
batch_tag__secret_capture__r011,batch_tag,secret_capture,single_factor_observable,nominal_repeat,True,False,10,
batch_tag__secret_capture__r011,batch_tag,secret_capture,single_factor_observable,random_relational_fuzzing,True,True,10,"ambient_secret_dependency:random_0,random_2|ambient_secret_dependency:random_8,random_9"
batch_tag__secret_capture__r011,batch_tag,secret_capture,single_factor_observable,cep,True,True,10,"ambient_secret_dependency:base,secret_1|ambient_secret_dependency:base,secret_2|ambient_secret_dependency:base_repeat,secret_1|ambient_secret_dependency:base_repeat,secret_2|ambient_secret_dependency:secret_1,secret_2"
batch_tag__secret_capture__r012,batch_tag,secret_capture,single_factor_observable,document_trust,True,False,0,
batch_tag__secret_capture__r012,batch_tag,secret_capture,single_factor_observable,nominal_repeat,True,False,10,
batch_tag__secret_capture__r012,batch_tag,secret_capture,single_factor_observable,random_relational_fuzzing,True,False,10,
batch_tag__secret_capture__r012,batch_tag,secret_capture,single_factor_observable,cep,True,True,10,"ambient_secret_dependency:base,secret_1|ambient_secret_dependency:base,secret_2|ambient_secret_dependency:base_repeat,secret_1|ambient_secret_dependency:base_repeat,secret_2|ambient_secret_dependency:secret_1,secret_2"
batch_tag__secret_capture__r013,batch_tag,secret_capture,single_factor_observable,document_trust,True,False,0,
batch_tag__secret_capture__r013,batch_tag,secret_capture,single_factor_observable,nominal_repeat,True,False,10,
batch_tag__secret_capture__r013,batch_tag,secret_capture,single_factor_observable,random_relational_fuzzing,True,False,10,
batch_tag__secret_capture__r013,batch_tag,secret_capture,single_factor_observable,cep,True,True,10,"ambient_secret_dependency:base,secret_1|ambient_secret_dependency:base,secret_2|ambient_secret_dependency:base_repeat,secret_1|ambient_secret_dependency:base_repeat,secret_2|ambient_secret_dependency:secret_1,secret_2"
batch_tag__secret_capture__r014,batch_tag,secret_capture,single_factor_observable,document_trust,True,False,0,
batch_tag__secret_capture__r014,batch_tag,secret_capture,single_factor_observable,nominal_repeat,True,False,10,
batch_tag__secret_capture__r014,batch_tag,secret_capture,single_factor_observable,random_relational_fuzzing,True,True,10,"ambient_secret_dependency:random_4,random_5|ambient_secret_dependency:random_4,random_6|ambient_secret_dependency:random_4,random_7|ambient_secret_dependency:random_4,random_8|ambient_secret_dependency:random_5,random_6|ambient_secret_dependency:random_5,random_8|ambient_secret_dependency:random_6,random_7|ambient_secret_dependency:random_7,random_8"
batch_tag__secret_capture__r014,batch_tag,secret_capture,single_factor_observable,cep,True,True,10,"ambient_secret_dependency:base,secret_1|ambient_secret_dependency:base,secret_2|ambient_secret_dependency:base_repeat,secret_1|ambient_secret_dependency:base_repeat,secret_2|ambient_secret_dependency:secret_1,secret_2"
batch_tag__secret_capture__r015,batch_tag,secret_capture,single_factor_observable,document_trust,True,False,0,
batch_tag__secret_capture__r015,batch_tag,secret_capture,single_factor_observable,nominal_repeat,True,False,10,
batch_tag__secret_capture__r015,batch_tag,secret_capture,single_factor_observable,random_relational_fuzzing,True,True,10,"ambient_secret_dependency:random_5,random_9"
batch_tag__secret_capture__r015,batch_tag,secret_capture,single_factor_observable,cep,True,True,10,"ambient_secret_dependency:base,secret_1|ambient_secret_dependency:base,secret_2|ambient_secret_dependency:base_repeat,secret_1|ambient_secret_dependency:base_repeat,secret_2|ambient_secret_dependency:secret_1,secret_2"
batch_tag__secret_capture__r016,batch_tag,secret_capture,single_factor_observable,document_trust,True,False,0,
batch_tag__secret_capture__r016,batch_tag,secret_capture,single_factor_observable,nominal_repeat,True,False,10,
batch_tag__secret_capture__r016,batch_tag,secret_capture,single_factor_observable,random_relational_fuzzing,True,False,10,
batch_tag__secret_capture__r016,batch_tag,secret_capture,single_factor_observable,cep,True,True,10,"ambient_secret_dependency:base,secret_1|ambient_secret_dependency:base,secret_2|ambient_secret_dependency:base_repeat,secret_1|ambient_secret_dependency:base_repeat,secret_2|ambient_secret_dependency:secret_1,secret_2"
batch_tag__secret_capture__r017,batch_tag,secret_capture,single_factor_observable,document_trust,True,False,0,
batch_tag__secret_capture__r017,batch_tag,secret_capture,single_factor_observable,nominal_repeat,True,False,10,
batch_tag__secret_capture__r017,batch_tag,secret_capture,single_factor_observable,random_relational_fuzzing,True,True,10,"ambient_secret_dependency:random_0,random_3|ambient_secret_dependency:random_3,random_5"
batch_tag__secret_capture__r017,batch_tag,secret_capture,single_factor_observable,cep,True,True,10,"ambient_secret_dependency:base,secret_1|ambient_secret_dependency:base,secret_2|ambient_secret_dependency:base_repeat,secret_1|ambient_secret_dependency:base_repeat,secret_2|ambient_secret_dependency:secret_1,secret_2"
batch_tag__secret_capture__r018,batch_tag,secret_capture,single_factor_observable,document_trust,True,False,0,
batch_tag__secret_capture__r018,batch_tag,secret_capture,single_factor_observable,nominal_repeat,True,False,10,
batch_tag__secret_capture__r018,batch_tag,secret_capture,single_factor_observable,random_relational_fuzzing,True,False,10,
batch_tag__secret_capture__r018,batch_tag,secret_capture,single_factor_observable,cep,True,True,10,"ambient_secret_dependency:base,secret_1|ambient_secret_dependency:base,secret_2|ambient_secret_dependency:base_repeat,secret_1|ambient_secret_dependency:base_repeat,secret_2|ambient_secret_dependency:secret_1,secret_2"
batch_tag__secret_capture__r019,batch_tag,secret_capture,single_factor_observable,document_trust,True,False,0,
batch_tag__secret_capture__r019,batch_tag,secret_capture,single_factor_observable,nominal_repeat,True,False,10,
batch_tag__secret_capture__r019,batch_tag,secret_capture,single_factor_observable,random_relational_fuzzing,True,False,10,
batch_tag__secret_capture__r019,batch_tag,secret_capture,single_factor_observable,cep,True,True,10,"ambient_secret_dependency:base,secret_1|ambient_secret_dependency:base,secret_2|ambient_secret_dependency:base_repeat,secret_1|ambient_secret_dependency:base_repeat,secret_2|ambient_secret_dependency:secret_1,secret_2"
batch_tag__compound_trigger__r000,batch_tag,compound_trigger,compound_trigger,document_trust,True,False,0,
batch_tag__compound_trigger__r000,batch_tag,compound_trigger,compound_trigger,nominal_repeat,True,False,10,
batch_tag__compound_trigger__r000,batch_tag,compound_trigger,compound_trigger,random_relational_fuzzing,True,False,10,
batch_tag__compound_trigger__r000,batch_tag,compound_trigger,compound_trigger,cep,True,False,10,
batch_tag__compound_trigger__r001,batch_tag,compound_trigger,compound_trigger,document_trust,True,False,0,
batch_tag__compound_trigger__r001,batch_tag,compound_trigger,compound_trigger,nominal_repeat,True,False,10,
batch_tag__compound_trigger__r001,batch_tag,compound_trigger,compound_trigger,random_relational_fuzzing,True,False,10,
batch_tag__compound_trigger__r001,batch_tag,compound_trigger,compound_trigger,cep,True,False,10,
batch_tag__compound_trigger__r002,batch_tag,compound_trigger,compound_trigger,document_trust,True,False,0,
batch_tag__compound_trigger__r002,batch_tag,compound_trigger,compound_trigger,nominal_repeat,True,False,10,
batch_tag__compound_trigger__r002,batch_tag,compound_trigger,compound_trigger,random_relational_fuzzing,True,False,10,
batch_tag__compound_trigger__r002,batch_tag,compound_trigger,compound_trigger,cep,True,False,10,
batch_tag__compound_trigger__r003,batch_tag,compound_trigger,compound_trigger,document_trust,True,False,0,
batch_tag__compound_trigger__r003,batch_tag,compound_trigger,compound_trigger,nominal_repeat,True,False,10,
batch_tag__compound_trigger__r003,batch_tag,compound_trigger,compound_trigger,random_relational_fuzzing,True,True,10,random_7:effect_count=2
batch_tag__compound_trigger__r003,batch_tag,compound_trigger,compound_trigger,cep,True,False,10,
batch_tag__compound_trigger__r004,batch_tag,compound_trigger,compound_trigger,document_trust,True,False,0,
batch_tag__compound_trigger__r004,batch_tag,compound_trigger,compound_trigger,nominal_repeat,True,False,10,
batch_tag__compound_trigger__r004,batch_tag,compound_trigger,compound_trigger,random_relational_fuzzing,True,False,10,
batch_tag__compound_trigger__r004,batch_tag,compound_trigger,compound_trigger,cep,True,False,10,
batch_tag__compound_trigger__r005,batch_tag,compound_trigger,compound_trigger,document_trust,True,False,0,
batch_tag__compound_trigger__r005,batch_tag,compound_trigger,compound_trigger,nominal_repeat,True,False,10,
batch_tag__compound_trigger__r005,batch_tag,compound_trigger,compound_trigger,random_relational_fuzzing,True,False,10,
batch_tag__compound_trigger__r005,batch_tag,compound_trigger,compound_trigger,cep,True,False,10,
batch_tag__compound_trigger__r006,batch_tag,compound_trigger,compound_trigger,document_trust,True,False,0,
batch_tag__compound_trigger__r006,batch_tag,compound_trigger,compound_trigger,nominal_repeat,True,False,10,
batch_tag__compound_trigger__r006,batch_tag,compound_trigger,compound_trigger,random_relational_fuzzing,True,False,10,
batch_tag__compound_trigger__r006,batch_tag,compound_trigger,compound_trigger,cep,True,False,10,
batch_tag__compound_trigger__r007,batch_tag,compound_trigger,compound_trigger,document_trust,True,False,0,
batch_tag__compound_trigger__r007,batch_tag,compound_trigger,compound_trigger,nominal_repeat,True,False,10,
batch_tag__compound_trigger__r007,batch_tag,compound_trigger,compound_trigger,random_relational_fuzzing,True,False,10,
batch_tag__compound_trigger__r007,batch_tag,compound_trigger,compound_trigger,cep,True,False,10,
batch_tag__compound_trigger__r008,batch_tag,compound_trigger,compound_trigger,document_trust,True,False,0,
batch_tag__compound_trigger__r008,batch_tag,compound_trigger,compound_trigger,nominal_repeat,True,False,10,
batch_tag__compound_trigger__r008,batch_tag,compound_trigger,compound_trigger,random_relational_fuzzing,True,False,10,
batch_tag__compound_trigger__r008,batch_tag,compound_trigger,compound_trigger,cep,True,False,10,
batch_tag__compound_trigger__r009,batch_tag,compound_trigger,compound_trigger,document_trust,True,False,0,
batch_tag__compound_trigger__r009,batch_tag,compound_trigger,compound_trigger,nominal_repeat,True,False,10,
batch_tag__compound_trigger__r009,batch_tag,compound_trigger,compound_trigger,random_relational_fuzzing,True,True,10,random_2:effect_count=2
batch_tag__compound_trigger__r009,batch_tag,compound_trigger,compound_trigger,cep,True,False,10,
batch_tag__compound_trigger__r010,batch_tag,compound_trigger,compound_trigger,document_trust,True,False,0,
batch_tag__compound_trigger__r010,batch_tag,compound_trigger,compound_trigger,nominal_repeat,True,False,10,
batch_tag__compound_trigger__r010,batch_tag,compound_trigger,compound_trigger,random_relational_fuzzing,True,False,10,
batch_tag__compound_trigger__r010,batch_tag,compound_trigger,compound_trigger,cep,True,False,10,
batch_tag__compound_trigger__r011,batch_tag,compound_trigger,compound_trigger,document_trust,True,False,0,
batch_tag__compound_trigger__r011,batch_tag,compound_trigger,compound_trigger,nominal_repeat,True,False,10,
batch_tag__compound_trigger__r011,batch_tag,compound_trigger,compound_trigger,random_relational_fuzzing,True,False,10,
batch_tag__compound_trigger__r011,batch_tag,compound_trigger,compound_trigger,cep,True,False,10,
batch_tag__compound_trigger__r012,batch_tag,compound_trigger,compound_trigger,document_trust,True,False,0,
batch_tag__compound_trigger__r012,batch_tag,compound_trigger,compound_trigger,nominal_repeat,True,False,10,
batch_tag__compound_trigger__r012,batch_tag,compound_trigger,compound_trigger,random_relational_fuzzing,True,False,10,
batch_tag__compound_trigger__r012,batch_tag,compound_trigger,compound_trigger,cep,True,False,10,
batch_tag__compound_trigger__r013,batch_tag,compound_trigger,compound_trigger,document_trust,True,False,0,
batch_tag__compound_trigger__r013,batch_tag,compound_trigger,compound_trigger,nominal_repeat,True,False,10,
batch_tag__compound_trigger__r013,batch_tag,compound_trigger,compound_trigger,random_relational_fuzzing,True,True,10,random_3:effect_count=2
batch_tag__compound_trigger__r013,batch_tag,compound_trigger,compound_trigger,cep,True,False,10,
batch_tag__compound_trigger__r014,batch_tag,compound_trigger,compound_trigger,document_trust,True,False,0,
batch_tag__compound_trigger__r014,batch_tag,compound_trigger,compound_trigger,nominal_repeat,True,False,10,
batch_tag__compound_trigger__r014,batch_tag,compound_trigger,compound_trigger,random_relational_fuzzing,True,False,10,
batch_tag__compound_trigger__r014,batch_tag,compound_trigger,compound_trigger,cep,True,False,10,
batch_tag__compound_trigger__r015,batch_tag,compound_trigger,compound_trigger,document_trust,True,False,0,
batch_tag__compound_trigger__r015,batch_tag,compound_trigger,compound_trigger,nominal_repeat,True,False,10,
batch_tag__compound_trigger__r015,batch_tag,compound_trigger,compound_trigger,random_relational_fuzzing,True,False,10,
batch_tag__compound_trigger__r015,batch_tag,compound_trigger,compound_trigger,cep,True,False,10,
batch_tag__compound_trigger__r016,batch_tag,compound_trigger,compound_trigger,document_trust,True,False,0,
batch_tag__compound_trigger__r016,batch_tag,compound_trigger,compound_trigger,nominal_repeat,True,False,10,
batch_tag__compound_trigger__r016,batch_tag,compound_trigger,compound_trigger,random_relational_fuzzing,True,True,10,random_4:effect_count=2
batch_tag__compound_trigger__r016,batch_tag,compound_trigger,compound_trigger,cep,True,False,10,
batch_tag__compound_trigger__r017,batch_tag,compound_trigger,compound_trigger,document_trust,True,False,0,
batch_tag__compound_trigger__r017,batch_tag,compound_trigger,compound_trigger,nominal_repeat,True,False,10,
batch_tag__compound_trigger__r017,batch_tag,compound_trigger,compound_trigger,random_relational_fuzzing,True,False,10,
batch_tag__compound_trigger__r017,batch_tag,compound_trigger,compound_trigger,cep,True,False,10,
batch_tag__compound_trigger__r018,batch_tag,compound_trigger,compound_trigger,document_trust,True,False,0,
batch_tag__compound_trigger__r018,batch_tag,compound_trigger,compound_trigger,nominal_repeat,True,False,10,
batch_tag__compound_trigger__r018,batch_tag,compound_trigger,compound_trigger,random_relational_fuzzing,True,True,10,random_3:effect_count=2
batch_tag__compound_trigger__r018,batch_tag,compound_trigger,compound_trigger,cep,True,False,10,
batch_tag__compound_trigger__r019,batch_tag,compound_trigger,compound_trigger,document_trust,True,False,0,
batch_tag__compound_trigger__r019,batch_tag,compound_trigger,compound_trigger,nominal_repeat,True,False,10,
batch_tag__compound_trigger__r019,batch_tag,compound_trigger,compound_trigger,random_relational_fuzzing,True,False,10,
batch_tag__compound_trigger__r019,batch_tag,compound_trigger,compound_trigger,cep,True,False,10,
batch_tag__sequence_trigger__r000,batch_tag,sequence_trigger,sequence_trigger,document_trust,True,False,0,
batch_tag__sequence_trigger__r000,batch_tag,sequence_trigger,sequence_trigger,nominal_repeat,True,False,10,
batch_tag__sequence_trigger__r000,batch_tag,sequence_trigger,sequence_trigger,random_relational_fuzzing,True,False,10,
batch_tag__sequence_trigger__r000,batch_tag,sequence_trigger,sequence_trigger,cep,True,False,10,
batch_tag__sequence_trigger__r001,batch_tag,sequence_trigger,sequence_trigger,document_trust,True,False,0,
batch_tag__sequence_trigger__r001,batch_tag,sequence_trigger,sequence_trigger,nominal_repeat,True,False,10,
batch_tag__sequence_trigger__r001,batch_tag,sequence_trigger,sequence_trigger,random_relational_fuzzing,True,False,10,
batch_tag__sequence_trigger__r001,batch_tag,sequence_trigger,sequence_trigger,cep,True,False,10,
batch_tag__sequence_trigger__r002,batch_tag,sequence_trigger,sequence_trigger,document_trust,True,False,0,
batch_tag__sequence_trigger__r002,batch_tag,sequence_trigger,sequence_trigger,nominal_repeat,True,False,10,
batch_tag__sequence_trigger__r002,batch_tag,sequence_trigger,sequence_trigger,random_relational_fuzzing,True,False,10,
batch_tag__sequence_trigger__r002,batch_tag,sequence_trigger,sequence_trigger,cep,True,False,10,
batch_tag__sequence_trigger__r003,batch_tag,sequence_trigger,sequence_trigger,document_trust,True,False,0,
batch_tag__sequence_trigger__r003,batch_tag,sequence_trigger,sequence_trigger,nominal_repeat,True,False,10,
batch_tag__sequence_trigger__r003,batch_tag,sequence_trigger,sequence_trigger,random_relational_fuzzing,True,False,10,
batch_tag__sequence_trigger__r003,batch_tag,sequence_trigger,sequence_trigger,cep,True,False,10,
batch_tag__sequence_trigger__r004,batch_tag,sequence_trigger,sequence_trigger,document_trust,True,False,0,
batch_tag__sequence_trigger__r004,batch_tag,sequence_trigger,sequence_trigger,nominal_repeat,True,False,10,
batch_tag__sequence_trigger__r004,batch_tag,sequence_trigger,sequence_trigger,random_relational_fuzzing,True,False,10,
batch_tag__sequence_trigger__r004,batch_tag,sequence_trigger,sequence_trigger,cep,True,False,10,
batch_tag__sequence_trigger__r005,batch_tag,sequence_trigger,sequence_trigger,document_trust,True,False,0,
batch_tag__sequence_trigger__r005,batch_tag,sequence_trigger,sequence_trigger,nominal_repeat,True,False,10,
batch_tag__sequence_trigger__r005,batch_tag,sequence_trigger,sequence_trigger,random_relational_fuzzing,True,False,10,
batch_tag__sequence_trigger__r005,batch_tag,sequence_trigger,sequence_trigger,cep,True,False,10,
batch_tag__sequence_trigger__r006,batch_tag,sequence_trigger,sequence_trigger,document_trust,True,False,0,
batch_tag__sequence_trigger__r006,batch_tag,sequence_trigger,sequence_trigger,nominal_repeat,True,False,10,
batch_tag__sequence_trigger__r006,batch_tag,sequence_trigger,sequence_trigger,random_relational_fuzzing,True,False,10,
batch_tag__sequence_trigger__r006,batch_tag,sequence_trigger,sequence_trigger,cep,True,False,10,
batch_tag__sequence_trigger__r007,batch_tag,sequence_trigger,sequence_trigger,document_trust,True,False,0,
batch_tag__sequence_trigger__r007,batch_tag,sequence_trigger,sequence_trigger,nominal_repeat,True,False,10,
batch_tag__sequence_trigger__r007,batch_tag,sequence_trigger,sequence_trigger,random_relational_fuzzing,True,False,10,
batch_tag__sequence_trigger__r007,batch_tag,sequence_trigger,sequence_trigger,cep,True,False,10,
batch_tag__sequence_trigger__r008,batch_tag,sequence_trigger,sequence_trigger,document_trust,True,False,0,
batch_tag__sequence_trigger__r008,batch_tag,sequence_trigger,sequence_trigger,nominal_repeat,True,False,10,
batch_tag__sequence_trigger__r008,batch_tag,sequence_trigger,sequence_trigger,random_relational_fuzzing,True,False,10,
batch_tag__sequence_trigger__r008,batch_tag,sequence_trigger,sequence_trigger,cep,True,False,10,
batch_tag__sequence_trigger__r009,batch_tag,sequence_trigger,sequence_trigger,document_trust,True,False,0,
batch_tag__sequence_trigger__r009,batch_tag,sequence_trigger,sequence_trigger,nominal_repeat,True,False,10,
batch_tag__sequence_trigger__r009,batch_tag,sequence_trigger,sequence_trigger,random_relational_fuzzing,True,False,10,
batch_tag__sequence_trigger__r009,batch_tag,sequence_trigger,sequence_trigger,cep,True,False,10,
batch_tag__sequence_trigger__r010,batch_tag,sequence_trigger,sequence_trigger,document_trust,True,False,0,
batch_tag__sequence_trigger__r010,batch_tag,sequence_trigger,sequence_trigger,nominal_repeat,True,False,10,
batch_tag__sequence_trigger__r010,batch_tag,sequence_trigger,sequence_trigger,random_relational_fuzzing,True,False,10,
batch_tag__sequence_trigger__r010,batch_tag,sequence_trigger,sequence_trigger,cep,True,False,10,
batch_tag__sequence_trigger__r011,batch_tag,sequence_trigger,sequence_trigger,document_trust,True,False,0,
batch_tag__sequence_trigger__r011,batch_tag,sequence_trigger,sequence_trigger,nominal_repeat,True,False,10,
batch_tag__sequence_trigger__r011,batch_tag,sequence_trigger,sequence_trigger,random_relational_fuzzing,True,False,10,
batch_tag__sequence_trigger__r011,batch_tag,sequence_trigger,sequence_trigger,cep,True,False,10,
batch_tag__sequence_trigger__r012,batch_tag,sequence_trigger,sequence_trigger,document_trust,True,False,0,
batch_tag__sequence_trigger__r012,batch_tag,sequence_trigger,sequence_trigger,nominal_repeat,True,False,10,
batch_tag__sequence_trigger__r012,batch_tag,sequence_trigger,sequence_trigger,random_relational_fuzzing,True,False,10,
batch_tag__sequence_trigger__r012,batch_tag,sequence_trigger,sequence_trigger,cep,True,False,10,
batch_tag__sequence_trigger__r013,batch_tag,sequence_trigger,sequence_trigger,document_trust,True,False,0,
batch_tag__sequence_trigger__r013,batch_tag,sequence_trigger,sequence_trigger,nominal_repeat,True,False,10,
batch_tag__sequence_trigger__r013,batch_tag,sequence_trigger,sequence_trigger,random_relational_fuzzing,True,False,10,
batch_tag__sequence_trigger__r013,batch_tag,sequence_trigger,sequence_trigger,cep,True,False,10,
batch_tag__sequence_trigger__r014,batch_tag,sequence_trigger,sequence_trigger,document_trust,True,False,0,
batch_tag__sequence_trigger__r014,batch_tag,sequence_trigger,sequence_trigger,nominal_repeat,True,False,10,
batch_tag__sequence_trigger__r014,batch_tag,sequence_trigger,sequence_trigger,random_relational_fuzzing,True,False,10,
batch_tag__sequence_trigger__r014,batch_tag,sequence_trigger,sequence_trigger,cep,True,False,10,
batch_tag__sequence_trigger__r015,batch_tag,sequence_trigger,sequence_trigger,document_trust,True,False,0,
batch_tag__sequence_trigger__r015,batch_tag,sequence_trigger,sequence_trigger,nominal_repeat,True,False,10,
batch_tag__sequence_trigger__r015,batch_tag,sequence_trigger,sequence_trigger,random_relational_fuzzing,True,False,10,
batch_tag__sequence_trigger__r015,batch_tag,sequence_trigger,sequence_trigger,cep,True,False,10,
batch_tag__sequence_trigger__r016,batch_tag,sequence_trigger,sequence_trigger,document_trust,True,False,0,
batch_tag__sequence_trigger__r016,batch_tag,sequence_trigger,sequence_trigger,nominal_repeat,True,False,10,
batch_tag__sequence_trigger__r016,batch_tag,sequence_trigger,sequence_trigger,random_relational_fuzzing,True,False,10,
batch_tag__sequence_trigger__r016,batch_tag,sequence_trigger,sequence_trigger,cep,True,False,10,
batch_tag__sequence_trigger__r017,batch_tag,sequence_trigger,sequence_trigger,document_trust,True,False,0,
batch_tag__sequence_trigger__r017,batch_tag,sequence_trigger,sequence_trigger,nominal_repeat,True,False,10,
batch_tag__sequence_trigger__r017,batch_tag,sequence_trigger,sequence_trigger,random_relational_fuzzing,True,False,10,
batch_tag__sequence_trigger__r017,batch_tag,sequence_trigger,sequence_trigger,cep,True,False,10,
batch_tag__sequence_trigger__r018,batch_tag,sequence_trigger,sequence_trigger,document_trust,True,False,0,
batch_tag__sequence_trigger__r018,batch_tag,sequence_trigger,sequence_trigger,nominal_repeat,True,False,10,
batch_tag__sequence_trigger__r018,batch_tag,sequence_trigger,sequence_trigger,random_relational_fuzzing,True,False,10,
batch_tag__sequence_trigger__r018,batch_tag,sequence_trigger,sequence_trigger,cep,True,False,10,
batch_tag__sequence_trigger__r019,batch_tag,sequence_trigger,sequence_trigger,document_trust,True,False,0,
batch_tag__sequence_trigger__r019,batch_tag,sequence_trigger,sequence_trigger,nominal_repeat,True,False,10,
batch_tag__sequence_trigger__r019,batch_tag,sequence_trigger,sequence_trigger,random_relational_fuzzing,True,False,10,
batch_tag__sequence_trigger__r019,batch_tag,sequence_trigger,sequence_trigger,cep,True,False,10,
batch_tag__unobservable_effect__r000,batch_tag,unobservable_effect,unobservable_effect,document_trust,True,False,0,
batch_tag__unobservable_effect__r000,batch_tag,unobservable_effect,unobservable_effect,nominal_repeat,True,False,10,
batch_tag__unobservable_effect__r000,batch_tag,unobservable_effect,unobservable_effect,random_relational_fuzzing,True,False,10,
batch_tag__unobservable_effect__r000,batch_tag,unobservable_effect,unobservable_effect,cep,True,False,10,
batch_tag__unobservable_effect__r001,batch_tag,unobservable_effect,unobservable_effect,document_trust,True,False,0,
batch_tag__unobservable_effect__r001,batch_tag,unobservable_effect,unobservable_effect,nominal_repeat,True,False,10,
batch_tag__unobservable_effect__r001,batch_tag,unobservable_effect,unobservable_effect,random_relational_fuzzing,True,False,10,
batch_tag__unobservable_effect__r001,batch_tag,unobservable_effect,unobservable_effect,cep,True,False,10,
batch_tag__unobservable_effect__r002,batch_tag,unobservable_effect,unobservable_effect,document_trust,True,False,0,
batch_tag__unobservable_effect__r002,batch_tag,unobservable_effect,unobservable_effect,nominal_repeat,True,False,10,
batch_tag__unobservable_effect__r002,batch_tag,unobservable_effect,unobservable_effect,random_relational_fuzzing,True,False,10,
batch_tag__unobservable_effect__r002,batch_tag,unobservable_effect,unobservable_effect,cep,True,False,10,
batch_tag__unobservable_effect__r003,batch_tag,unobservable_effect,unobservable_effect,document_trust,True,False,0,
batch_tag__unobservable_effect__r003,batch_tag,unobservable_effect,unobservable_effect,nominal_repeat,True,False,10,
batch_tag__unobservable_effect__r003,batch_tag,unobservable_effect,unobservable_effect,random_relational_fuzzing,True,False,10,
batch_tag__unobservable_effect__r003,batch_tag,unobservable_effect,unobservable_effect,cep,True,False,10,
batch_tag__unobservable_effect__r004,batch_tag,unobservable_effect,unobservable_effect,document_trust,True,False,0,
batch_tag__unobservable_effect__r004,batch_tag,unobservable_effect,unobservable_effect,nominal_repeat,True,False,10,
batch_tag__unobservable_effect__r004,batch_tag,unobservable_effect,unobservable_effect,random_relational_fuzzing,True,False,10,
batch_tag__unobservable_effect__r004,batch_tag,unobservable_effect,unobservable_effect,cep,True,False,10,
batch_tag__unobservable_effect__r005,batch_tag,unobservable_effect,unobservable_effect,document_trust,True,False,0,
batch_tag__unobservable_effect__r005,batch_tag,unobservable_effect,unobservable_effect,nominal_repeat,True,False,10,
batch_tag__unobservable_effect__r005,batch_tag,unobservable_effect,unobservable_effect,random_relational_fuzzing,True,False,10,
batch_tag__unobservable_effect__r005,batch_tag,unobservable_effect,unobservable_effect,cep,True,False,10,
batch_tag__unobservable_effect__r006,batch_tag,unobservable_effect,unobservable_effect,document_trust,True,False,0,
batch_tag__unobservable_effect__r006,batch_tag,unobservable_effect,unobservable_effect,nominal_repeat,True,False,10,
batch_tag__unobservable_effect__r006,batch_tag,unobservable_effect,unobservable_effect,random_relational_fuzzing,True,False,10,
batch_tag__unobservable_effect__r006,batch_tag,unobservable_effect,unobservable_effect,cep,True,False,10,
batch_tag__unobservable_effect__r007,batch_tag,unobservable_effect,unobservable_effect,document_trust,True,False,0,
batch_tag__unobservable_effect__r007,batch_tag,unobservable_effect,unobservable_effect,nominal_repeat,True,False,10,
batch_tag__unobservable_effect__r007,batch_tag,unobservable_effect,unobservable_effect,random_relational_fuzzing,True,False,10,
batch_tag__unobservable_effect__r007,batch_tag,unobservable_effect,unobservable_effect,cep,True,False,10,
batch_tag__unobservable_effect__r008,batch_tag,unobservable_effect,unobservable_effect,document_trust,True,False,0,
batch_tag__unobservable_effect__r008,batch_tag,unobservable_effect,unobservable_effect,nominal_repeat,True,False,10,
batch_tag__unobservable_effect__r008,batch_tag,unobservable_effect,unobservable_effect,random_relational_fuzzing,True,False,10,
batch_tag__unobservable_effect__r008,batch_tag,unobservable_effect,unobservable_effect,cep,True,False,10,
batch_tag__unobservable_effect__r009,batch_tag,unobservable_effect,unobservable_effect,document_trust,True,False,0,
batch_tag__unobservable_effect__r009,batch_tag,unobservable_effect,unobservable_effect,nominal_repeat,True,False,10,
batch_tag__unobservable_effect__r009,batch_tag,unobservable_effect,unobservable_effect,random_relational_fuzzing,True,False,10,
batch_tag__unobservable_effect__r009,batch_tag,unobservable_effect,unobservable_effect,cep,True,False,10,
batch_tag__unobservable_effect__r010,batch_tag,unobservable_effect,unobservable_effect,document_trust,True,False,0,
batch_tag__unobservable_effect__r010,batch_tag,unobservable_effect,unobservable_effect,nominal_repeat,True,False,10,
batch_tag__unobservable_effect__r010,batch_tag,unobservable_effect,unobservable_effect,random_relational_fuzzing,True,False,10,
batch_tag__unobservable_effect__r010,batch_tag,unobservable_effect,unobservable_effect,cep,True,False,10,
batch_tag__unobservable_effect__r011,batch_tag,unobservable_effect,unobservable_effect,document_trust,True,False,0,
batch_tag__unobservable_effect__r011,batch_tag,unobservable_effect,unobservable_effect,nominal_repeat,True,False,10,
batch_tag__unobservable_effect__r011,batch_tag,unobservable_effect,unobservable_effect,random_relational_fuzzing,True,False,10,
batch_tag__unobservable_effect__r011,batch_tag,unobservable_effect,unobservable_effect,cep,True,False,10,
batch_tag__unobservable_effect__r012,batch_tag,unobservable_effect,unobservable_effect,document_trust,True,False,0,
batch_tag__unobservable_effect__r012,batch_tag,unobservable_effect,unobservable_effect,nominal_repeat,True,False,10,
batch_tag__unobservable_effect__r012,batch_tag,unobservable_effect,unobservable_effect,random_relational_fuzzing,True,False,10,
batch_tag__unobservable_effect__r012,batch_tag,unobservable_effect,unobservable_effect,cep,True,False,10,
batch_tag__unobservable_effect__r013,batch_tag,unobservable_effect,unobservable_effect,document_trust,True,False,0,
batch_tag__unobservable_effect__r013,batch_tag,unobservable_effect,unobservable_effect,nominal_repeat,True,False,10,
batch_tag__unobservable_effect__r013,batch_tag,unobservable_effect,unobservable_effect,random_relational_fuzzing,True,False,10,
batch_tag__unobservable_effect__r013,batch_tag,unobservable_effect,unobservable_effect,cep,True,False,10,
batch_tag__unobservable_effect__r014,batch_tag,unobservable_effect,unobservable_effect,document_trust,True,False,0,
batch_tag__unobservable_effect__r014,batch_tag,unobservable_effect,unobservable_effect,nominal_repeat,True,False,10,
batch_tag__unobservable_effect__r014,batch_tag,unobservable_effect,unobservable_effect,random_relational_fuzzing,True,False,10,
batch_tag__unobservable_effect__r014,batch_tag,unobservable_effect,unobservable_effect,cep,True,False,10,
batch_tag__unobservable_effect__r015,batch_tag,unobservable_effect,unobservable_effect,document_trust,True,False,0,
batch_tag__unobservable_effect__r015,batch_tag,unobservable_effect,unobservable_effect,nominal_repeat,True,False,10,
batch_tag__unobservable_effect__r015,batch_tag,unobservable_effect,unobservable_effect,random_relational_fuzzing,True,False,10,
batch_tag__unobservable_effect__r015,batch_tag,unobservable_effect,unobservable_effect,cep,True,False,10,
batch_tag__unobservable_effect__r016,batch_tag,unobservable_effect,unobservable_effect,document_trust,True,False,0,
batch_tag__unobservable_effect__r016,batch_tag,unobservable_effect,unobservable_effect,nominal_repeat,True,False,10,
batch_tag__unobservable_effect__r016,batch_tag,unobservable_effect,unobservable_effect,random_relational_fuzzing,True,False,10,
batch_tag__unobservable_effect__r016,batch_tag,unobservable_effect,unobservable_effect,cep,True,False,10,
batch_tag__unobservable_effect__r017,batch_tag,unobservable_effect,unobservable_effect,document_trust,True,False,0,
batch_tag__unobservable_effect__r017,batch_tag,unobservable_effect,unobservable_effect,nominal_repeat,True,False,10,
batch_tag__unobservable_effect__r017,batch_tag,unobservable_effect,unobservable_effect,random_relational_fuzzing,True,False,10,
batch_tag__unobservable_effect__r017,batch_tag,unobservable_effect,unobservable_effect,cep,True,False,10,
batch_tag__unobservable_effect__r018,batch_tag,unobservable_effect,unobservable_effect,document_trust,True,False,0,
batch_tag__unobservable_effect__r018,batch_tag,unobservable_effect,unobservable_effect,nominal_repeat,True,False,10,
batch_tag__unobservable_effect__r018,batch_tag,unobservable_effect,unobservable_effect,random_relational_fuzzing,True,False,10,
batch_tag__unobservable_effect__r018,batch_tag,unobservable_effect,unobservable_effect,cep,True,False,10,
batch_tag__unobservable_effect__r019,batch_tag,unobservable_effect,unobservable_effect,document_trust,True,False,0,
batch_tag__unobservable_effect__r019,batch_tag,unobservable_effect,unobservable_effect,nominal_repeat,True,False,10,
batch_tag__unobservable_effect__r019,batch_tag,unobservable_effect,unobservable_effect,random_relational_fuzzing,True,False,10,
batch_tag__unobservable_effect__r019,batch_tag,unobservable_effect,unobservable_effect,cep,True,False,10,
