[?2026h[?25l[1Gpulling manifest ⠋ [K[?25h[?2026l[?2026h[?25l[1Gpulling manifest ⠙ [K[?25h[?2026l[?2026h[?25l[1Gpulling manifest ⠹ [K[?25h[?2026l[?2026h[?25l[1Gpulling manifest ⠸ [K[?25h[?2026l[?2026h[?25l[1Gpulling manifest ⠼ [K[?25h[?2026l[?2026h[?25l[1Gpulling manifest ⠴ [K[?25h[?2026l[?2026h[?25l[1Gpulling manifest ⠦ [K[?25h[?2026l[?2026h[?25l[1Gpulling manifest ⠧ [K[?25h[?2026l[?2026h[?25l[1Gpulling manifest ⠇ [K[?25h[?2026l[?2026h[?25l[1Gpulling manifest ⠏ [K[?25h[?2026l[?2026h[?25l[1Gpulling manifest ⠋ [K[?25h[?2026l[?2026h[?25l[1Gpulling manifest ⠙ [K[?25h[?2026l[?2026h[?25l[1Gpulling manifest ⠹ [K[?25h[?2026l[?2026h[?25l[1Gpulling manifest ⠸ [K[?25h[?2026l[?2026h[?25l[1Gpulling manifest ⠼ [K[?25h[?2026l[?2026h[?25l[1Gpulling manifest ⠴ [K[?25h[?2026l[?2026h[?25l[1Gpulling manifest ⠦ [K[?25h[?2026l[?2026h[?25l[1Gpulling manifest ⠧ [K[?25h[?2026l[?2026h[?25l[1Gpulling manifest [K
pulling a8cc1361f314:  19% ▕███               ▏ 1.7 GB/9.3 GB                  [K[?25h[?2026l[?2026h[?25l[A[1Gpulling manifest [K
pulling a8cc1361f314:  19% ▕███               ▏ 1.7 GB/9.3 GB                  [K[?25h[?2026l[?2026h[?25l[A[1Gpulling manifest [K
pulling a8cc1361f314:  19% ▕███               ▏ 1.7 GB/9.3 GB                  [K[?25h[?2026l[?2026h[?25l[A[1Gpulling manifest [K
pulling a8cc1361f314:  19% ▕███               ▏ 1.7 GB/9.3 GB                  [K[?25h[?2026l[?2026h[?25l[A[1Gpulling manifest [K
pulling a8cc1361f314:  19% ▕███               ▏ 1.7 GB/9.3 GB                  [K[?25h[?2026l[?2026h[?25l[A[1Gpulling manifest [K
pulling a8cc1361f314:  19% ▕███               ▏ 1.7 GB/9.3 GB                  [K[?25h[?2026l[?2026h[?25l[A[1Gpulling manifest [K
pulling a8cc1361f314:  19% ▕███               ▏ 1.7 GB/9.3 GB                  [K[?25h[?2026l[?2026h[?25l[A[1Gpulling manifest [K
pulling a8cc1361f314:  19% ▕███               ▏ 1.7 GB/9.3 GB                  [K[?25h[?2026l[?2026h[?25l[A[1Gpulling manifest [K
pulling a8cc1361f314:  19% ▕███               ▏ 1.7 GB/9.3 GB                  [K[?25h[?2026l[?2026h[?25l[A[1Gpulling manifest [K
pulling a8cc1361f314:  19% ▕███               ▏ 1.7 GB/9.3 GB                  [K[?25h[?2026l[?2026h[?25l[A[1Gpulling manifest [K
pulling a8cc1361f314:  19% ▕███               ▏ 1.7 GB/9.3 GB                  [K[?25h[?2026l[?2026h[?25l[A[1Gpulling manifest [K
pulling a8cc1361f314:  19% ▕███               ▏ 1.7 GB/9.3 GB                  [K[?25h[?2026l[?2026h[?25l[A[1Gpulling manifest [K
pulling a8cc1361f314:  19% ▕███               ▏ 1.7 GB/9.3 GB                  [K[?25h[?2026l[?2026h[?25l[A[1Gpulling manifest [K
pulling a8cc1361f314:  19% ▕███               ▏ 1.7 GB/9.3 GB                  [K[?25h[?2026l[?2026h[?25l[A[1Gpulling manifest [K
pulling a8cc1361f314:  19% ▕███               ▏ 1.7 GB/9.3 GB                  [K[?25h[?2026l[?2026h[?25l[A[1Gpulling manifest [K
pulling a8cc1361f314:  19% ▕███               ▏ 1.7 GB/9.3 GB                  [K[?25h[?2026l[?2026h[?25l[A[1Gpulling manifest [K
pulling a8cc1361f314:  19% ▕███               ▏ 1.7 GB/9.3 GB                  [K[?25h[?2026l[?2026h[?25l[A[1Gpulling manifest [K
pulling a8cc1361f314:  19% ▕███               ▏ 1.7 GB/9.3 GB                  [K[?25h[?2026l[?2026h[?25l[A[1Gpulling manifest [K
pulling a8cc1361f314:  19% ▕███               ▏ 1.7 GB/9.3 GB                  [K[?25h[?2026l[?2026h[?25l[A[1Gpulling manifest [K
pulling a8cc1361f314:  19% ▕███               ▏ 1.7 GB/9.3 GB                  [K[?25h[?2026l[?2026h[?25l[A[1Gpulling manifest [K
pulling a8cc1361f314:  19% ▕███               ▏ 1.7 GB/9.3 GB  2.0 MB/s    1h2m[K[?25h[?2026l[?2026h[?25l[A[1Gpulling manifest [K
pulling a8cc1361f314:  19% ▕███               ▏ 1.7 GB/9.3 GB  2.0 MB/s    1h2m[K[?25h[?2026l[?2026h[?25l[A[1Gpulling manifest [K
pulling a8cc1361f314:  19% ▕███               ▏ 1.7 GB/9.3 GB  2.0 MB/s    1h2m[K[?25h[?2026l[?2026h[?25l[A[1Gpulling manifest [K
pulling a8cc1361f314:  19% ▕███               ▏ 1.7 GB/9.3 GB  2.0 MB/s    1h2m[K[?25h[?2026l[?2026h[?25l[A[1Gpulling manifest [K
pulling a8cc1361f314:  19% ▕███               ▏ 1.7 GB/9.3 GB  2.0 MB/s    1h2m[K[?25h[?2026l[?2026h[?25l[A[1Gpulling manifest [K
pulling a8cc1361f314:  19% ▕███               ▏ 1.8 GB/9.3 GB  2.0 MB/s    1h2m[K[?25h[?2026l[?2026h[?25l[A[1Gpulling manifest [K
pulling a8cc1361f314:  19% ▕███               ▏ 1.8 GB/9.3 GB  2.0 MB/s    1h2m[K[?25h[?2026l[?2026h[?25l[A[1Gpulling manifest [K
pulling a8cc1361f314:  19% ▕███               ▏ 1.8 GB/9.3 GB  2.0 MB/s    1h2m[K[?25h[?2026l[?2026h[?25l[A[1Gpulling manifest [K
pulling a8cc1361f314:  19% ▕███               ▏ 1.8 GB/9.3 GB  2.0 MB/s    1h2m[K[?25h[?2026l[?2026h[?25l[A[1Gpulling manifest [K
pulling a8cc1361f314:  19% ▕███               ▏ 1.8 GB/9.3 GB  2.0 MB/s    1h2m[K[?25h[?2026l[?2026h[?25l[A[1Gpulling manifest [K
pulling a8cc1361f314:  19% ▕███               ▏ 1.8 GB/9.3 GB  2.0 MB/s    1h2m[K[?25h[?2026l[?2026h[?25l[A[1Gpulling manifest [K
pulling a8cc1361f314:  19% ▕███               ▏ 1.8 GB/9.3 GB  4.2 MB/s  29m36s[K[?25h[?2026l[?2026h[?25l[A[1Gpulling manifest [K
pulling a8cc1361f314:  19% ▕███               ▏ 1.8 GB/9.3 GB  4.2 MB/s  29m36s[K[?25h[?2026l[?2026h[?25l[A[1Gpulling manifest [K
pulling a8cc1361f314:  19% ▕███               ▏ 1.8 GB/9.3 GB  4.2 MB/s  29m35s[K[?25h[?2026l[?2026h[?25l[A[1Gpulling manifest [K
pulling a8cc1361f314:  19% ▕███               ▏ 1.8 GB/9.3 GB  4.2 MB/s  29m35s[K[?25h[?2026l[?2026h[?25l[A[1Gpulling manifest [K
pulling a8cc1361f314:  19% ▕███               ▏ 1.8 GB/9.3 GB  4.2 MB/s  29m35s[K[?25h[?2026l[?2026h[?25l[A[1Gpulling manifest [K
pulling a8cc1361f314:  19% ▕███               ▏ 1.8 GB/9.3 GB  4.2 MB/s  29m35s[K[?25h[?2026l[?2026h[?25l[A[1Gpulling manifest [K
pulling a8cc1361f314:  19% ▕███               ▏ 1.8 GB/9.3 GB  4.2 MB/s  29m35s[K[?25h[?2026l[?2026h[?25l[A[1Gpulling manifest [K
pulling a8cc1361f314:  19% ▕███               ▏ 1.8 GB/9.3 GB  4.2 MB/s  29m34s[K[?25h[?2026l[?2026h[?25l[A[1Gpulling manifest [K
pulling a8cc1361f314:  19% ▕███               ▏ 1.8 GB/9.3 GB  4.2 MB/s  29m34s[K[?25h[?2026l[?2026h[?25l[A[1Gpulling manifest [K
pulling a8cc1361f314:  19% ▕███               ▏ 1.8 GB/9.3 GB  4.2 MB/s  29m34s[K[?25h[?2026l[?2026h[?25l[A[1Gpulling manifest [K
pulling a8cc1361f314:  19% ▕███               ▏ 1.8 GB/9.3 GB  5.0 MB/s  25m14s[K[?25h[?2026l[?2026h[?25l[A[1Gpulling manifest [K
pulling a8cc1361f314:  19% ▕███               ▏ 1.8 GB/9.3 GB  5.0 MB/s  25m14s[K[?25h[?2026l[?2026h[?25l[A[1Gpulling manifest [K
pulling a8cc1361f314:  19% ▕███               ▏ 1.8 GB/9.3 GB  5.0 MB/s  25m14s[K[?25h[?2026l[?2026h[?25l[A[1Gpulling manifest [K
pulling a8cc1361f314:  19% ▕███               ▏ 1.8 GB/9.3 GB  5.0 MB/s  25m14s[K[?25h[?2026l[?2026h[?25l[A[1Gpulling manifest [K
pulling a8cc1361f314:  19% ▕███               ▏ 1.8 GB/9.3 GB  5.0 MB/s  25m14s[K[?25h[?2026l[?2026h[?25l[A[1Gpulling manifest [K
pulling a8cc1361f314:  19% ▕███               ▏ 1.8 GB/9.3 GB  5.0 MB/s  25m14s[K[?25h[?2026l[?2026h[?25l[A[1Gpulling manifest [K
pulling a8cc1361f314:  19% ▕███               ▏ 1.8 GB/9.3 GB  5.0 MB/s  25m13s[K[?25h[?2026l[?2026h[?25l[A[1Gpulling manifest [K
pulling a8cc1361f314:  19% ▕███               ▏ 1.8 GB/9.3 GB  5.0 MB/s  25m13s[K[?25h[?2026l[?2026h[?25l[A[1Gpulling manifest [K
pulling a8cc1361f314:  19% ▕███               ▏ 1.8 GB/9.3 GB  5.0 MB/s  25m13s[K[?25h[?2026l[?2026h[?25l[A[1Gpulling manifest [K
pulling a8cc1361f314:  19% ▕███               ▏ 1.8 GB/9.3 GB  5.0 MB/s  25m13s[K[?25h[?2026l[?2026h[?25l[A[1Gpulling manifest [K
pulling a8cc1361f314:  19% ▕███               ▏ 1.8 GB/9.3 GB  5.6 MB/s  22m12s[K[?25h[?2026l[?2026h[?25l[A[1Gpulling manifest [K
pulling a8cc1361f314:  19% ▕███               ▏ 1.8 GB/9.3 GB  5.6 MB/s  22m11s[K[?25h[?2026l[?2026h[?25l[A[1Gpulling manifest [K
pulling a8cc1361f314:  19% ▕███               ▏ 1.8 GB/9.3 GB  5.6 MB/s  22m11s[K[?25h[?2026l[?2026h[?25l[A[1Gpulling manifest [K
pulling a8cc1361f314:  19% ▕███               ▏ 1.8 GB/9.3 GB  5.6 MB/s  22m11s[K[?25h[?2026l[?2026h[?25l[A[1Gpulling manifest [K
pulling a8cc1361f314:  19% ▕███               ▏ 1.8 GB/9.3 GB  5.6 MB/s  22m11s[K[?25h[?2026l[?2026h[?25l[A[1Gpulling manifest [K
pulling a8cc1361f314:  19% ▕███               ▏ 1.8 GB/9.3 GB  5.6 MB/s  22m11s[K[?25h[?2026l[?2026h[?25l[A[1Gpulling manifest [K
pulling a8cc1361f314:  19% ▕███               ▏ 1.8 GB/9.3 GB  5.6 MB/s  22m11s[K[?25h[?2026l[?2026h[?25l[A[1Gpulling manifest [K
pulling a8cc1361f314:  19% ▕███               ▏ 1.8 GB/9.3 GB  5.6 MB/s  22m10s[K[?25h[?2026l[?2026h[?25l[A[1Gpulling manifest [K
pulling a8cc1361f314:  19% ▕███               ▏ 1.8 GB/9.3 GB  5.6 MB/s  22m10s[K[?25h[?2026l[?2026h[?25l[A[1Gpulling manifest [K
pulling a8cc1361f314:  19% ▕███               ▏ 1.8 GB/9.3 GB  5.6 MB/s  22m10s[K[?25h[?2026l[?2026h[?25l[A[1Gpulling manifest [K
pulling a8cc1361f314:  19% ▕███               ▏ 1.8 GB/9.3 GB  6.2 MB/s  20m13s[K[?25h[?2026l[?2026h[?25l[A[1Gpulling manifest [K
pulling a8cc1361f314:  19% ▕███               ▏ 1.8 GB/9.3 GB  6.2 MB/s  20m13s[K[?25h[?2026l[?2026h[?25l[A[1Gpulling manifest [K
pulling a8cc1361f314:  19% ▕███               ▏ 1.8 GB/9.3 GB  6.2 MB/s  20m13s[K[?25h[?2026l[?2026h[?25l[A[1Gpulling manifest [K
pulling a8cc1361f314:  19% ▕███               ▏ 1.8 GB/9.3 GB  6.2 MB/s  20m13s[K[?25h[?2026l[?2026h[?25l[A[1Gpulling manifest [K
pulling a8cc1361f314:  19% ▕███               ▏ 1.8 GB/9.3 GB  6.2 MB/s  20m12s[K[?25h[?2026l[?2026h[?25l[A[1Gpulling manifest [K
pulling a8cc1361f314:  19% ▕███               ▏ 1.8 GB/9.3 GB  6.2 MB/s  20m12s[K[?25h[?2026l[?2026h[?25l[A[1Gpulling manifest [K
pulling a8cc1361f314:  19% ▕███               ▏ 1.8 GB/9.3 GB  6.2 MB/s  20m12s[K[?25h[?2026l[?2026h[?25l[A[1Gpulling manifest [K
pulling a8cc1361f314:  19% ▕███               ▏ 1.8 GB/9.3 GB  6.2 MB/s  20m12s[K[?25h[?2026l[?2026h[?25l[A[1Gpulling manifest [K
pulling a8cc1361f314:  19% ▕███               ▏ 1.8 GB/9.3 GB  6.2 MB/s  20m12s[K[?25h[?2026l[?2026h[?25l[A[1Gpulling manifest [K
pulling a8cc1361f314:  19% ▕███               ▏ 1.8 GB/9.3 GB  6.2 MB/s  20m12s[K[?25h[?2026l[?2026h[?25l[A[1Gpulling manifest [K
pulling a8cc1361f314:  19% ▕███               ▏ 1.8 GB/9.3 GB  6.4 MB/s  19m22s[K[?25h[?2026l[?2026h[?25l[A[1Gpulling manifest [K
pulling a8cc1361f314:  19% ▕███               ▏ 1.8 GB/9.3 GB  6.4 MB/s  19m22s[K[?25h[?2026l[?2026h[?25l[A[1Gpulling manifest [K
pulling a8cc1361f314:  19% ▕███               ▏ 1.8 GB/9.3 GB  6.4 MB/s  19m22s[K[?25h[?2026l[?2026h[?25l[A[1Gpulling manifest [K
pulling a8cc1361f314:  19% ▕███               ▏ 1.8 GB/9.3 GB  6.4 MB/s  19m22s[K[?25h[?2026l[?2026h[?25l[A[1Gpulling manifest [K
pulling a8cc1361f314:  19% ▕███               ▏ 1.8 GB/9.3 GB  6.4 MB/s  19m22s[K[?25h[?2026l[?2026h[?25l[A[1Gpulling manifest [K
pulling a8cc1361f314:  19% ▕███               ▏ 1.8 GB/9.3 GB  6.4 MB/s  19m21s[K[?25h[?2026l[?2026h[?25l[A[1Gpulling manifest [K
pulling a8cc1361f314:  19% ▕███               ▏ 1.8 GB/9.3 GB  6.4 MB/s  19m21s[K[?25h[?2026l[?2026h[?25l[A[1Gpulling manifest [K
pulling a8cc1361f314:  19% ▕███               ▏ 1.8 GB/9.3 GB  6.4 MB/s  19m21s[K[?25h[?2026l[?2026h[?25l[A[1Gpulling manifest [K
pulling a8cc1361f314:  19% ▕███               ▏ 1.8 GB/9.3 GB  6.4 MB/s  19m21s[K[?25h[?2026l[?2026h[?25l[A[1Gpulling manifest [K
pulling a8cc1361f314:  19% ▕███               ▏ 1.8 GB/9.3 GB  6.4 MB/s  19m21s[K[?25h[?2026l[?2026h[?25l[A[1Gpulling manifest [K
pulling a8cc1361f314:  19% ▕███               ▏ 1.8 GB/9.3 GB  6.4 MB/s  19m21s[K[?25h[?2026l[?2026h[?25l[A[1Gpulling manifest [K
pulling a8cc1361f314:  19% ▕███               ▏ 1.8 GB/9.3 GB  6.7 MB/s  18m41s[K[?25h[?2026l[?2026h[?25l[A[1Gpulling manifest [K
pulling a8cc1361f314:  19% ▕███               ▏ 1.8 GB/9.3 GB  6.7 MB/s  18m40s[K[?25h[?2026l[?2026h[?25l[A[1Gpulling manifest [K
pulling a8cc1361f314:  19% ▕███               ▏ 1.8 GB/9.3 GB  6.7 MB/s  18m40s[K[?25h[?2026l[?2026h[?25l[A[1Gpulling manifest [K
pulling a8cc1361f314:  19% ▕███               ▏ 1.8 GB/9.3 GB  6.7 MB/s  18m40s[K[?25h[?2026l[?2026h[?25l[A[1Gpulling manifest [K
pulling a8cc1361f314:  19% ▕███               ▏ 1.8 GB/9.3 GB  6.7 MB/s  18m40s[K[?25h[?2026l[?2026h[?25l[A[1Gpulling manifest [K
pulling a8cc1361f314:  19% ▕███               ▏ 1.8 GB/9.3 GB  6.7 MB/s  18m40s[K[?25h[?2026l[?2026h[?25l[A[1Gpulling manifest [K
pulling a8cc1361f314:  19% ▕███               ▏ 1.8 GB/9.3 GB  6.7 MB/s  18m40s[K[?25h[?2026l[?2026h[?25l[A[1Gpulling manifest [K
pulling a8cc1361f314:  19% ▕███               ▏ 1.8 GB/9.3 GB  6.7 MB/s  18m40s[K[?25h[?2026l[?2026h[?25l[A[1Gpulling manifest [K
pulling a8cc1361f314:  19% ▕███               ▏ 1.8 GB/9.3 GB  6.7 MB/s  18m40s[K[?25h[?2026l[?2026h[?25l[A[1Gpulling manifest [K
pulling a8cc1361f314:  19% ▕███               ▏ 1.8 GB/9.3 GB  6.7 MB/s  18m40s[K[?25h[?2026l[?2026h[?25l[A[1Gpulling manifest [K
pulling a8cc1361f314:  19% ▕███               ▏ 1.8 GB/9.3 GB  6.8 MB/s  18m18s[K[?25h[?2026l[?2026h[?25l[A[1Gpulling manifest [K
pulling a8cc1361f314:  19% ▕███               ▏ 1.8 GB/9.3 GB  6.8 MB/s  18m18s[K[?25h[?2026l[?2026h[?25l[A[1Gpulling manifest [K
pulling a8cc1361f314:  19% ▕███               ▏ 1.8 GB/9.3 GB  6.8 MB/s  18m18s[K[?25h[?2026l[?2026h[?25l[A[1Gpulling manifest [K
pulling a8cc1361f314:  19% ▕███               ▏ 1.8 GB/9.3 GB  6.8 MB/s  18m18s[K[?25h[?2026l[?2026h[?25l[A[1Gpulling manifest [K
pulling a8cc1361f314:  19% ▕███               ▏ 1.8 GB/9.3 GB  6.8 MB/s  18m18s[K[?25h[?2026l[?2026h[?25l[A[1Gpulling manifest [K
pulling a8cc1361f314:  19% ▕███               ▏ 1.8 GB/9.3 GB  6.8 MB/s  18m17s[K[?25h[?2026l[?2026h[?25l[A[1Gpulling manifest [K
pulling a8cc1361f314:  19% ▕███               ▏ 1.8 GB/9.3 GB  6.8 MB/s  18m17s[K[?25h[?2026l[?2026h[?25l[A[1Gpulling manifest [K
pulling a8cc1361f314:  20% ▕███               ▏ 1.8 GB/9.3 GB  6.8 MB/s  18m17s[K[?25h[?2026l[?2026h[?25l[A[1Gpulling manifest [K
pulling a8cc1361f314:  20% ▕███               ▏ 1.8 GB/9.3 GB  6.8 MB/s  18m17s[K[?25h[?2026l[?2026h[?25l[A[1Gpulling manifest [K
pulling a8cc1361f314:  20% ▕███               ▏ 1.8 GB/9.3 GB  6.8 MB/s  18m17s[K[?25h[?2026l[?2026h[?25l[A[1Gpulling manifest [K
pulling a8cc1361f314:  20% ▕███               ▏ 1.8 GB/9.3 GB  7.7 MB/s   16m3s[K[?25h[?2026l[?2026h[?25l[A[1Gpulling manifest [K
pulling a8cc1361f314:  20% ▕███               ▏ 1.8 GB/9.3 GB  7.7 MB/s   16m3s[K[?25h[?2026l[?2026h[?25l[A[1Gpulling manifest [K
pulling a8cc1361f314:  20% ▕███               ▏ 1.8 GB/9.3 GB  7.7 MB/s   16m3s[K[?25h[?2026l[?2026h[?25l[A[1Gpulling manifest [K
pulling a8cc1361f314:  20% ▕███               ▏ 1.8 GB/9.3 GB  7.7 MB/s   16m3s[K[?25h[?2026l[?2026h[?25l[A[1Gpulling manifest [K
pulling a8cc1361f314:  20% ▕███               ▏ 1.8 GB/9.3 GB  7.7 MB/s   16m3s[K[?25h[?2026l[?2026h[?25l[A[1Gpulling manifest [K
pulling a8cc1361f314:  20% ▕███               ▏ 1.8 GB/9.3 GB  7.7 MB/s   16m3s[K[?25h[?2026l[?2026h[?25l[A[1Gpulling manifest [K
pulling a8cc1361f314:  20% ▕███               ▏ 1.8 GB/9.3 GB  7.7 MB/s   16m2s[K[?25h[?2026l[?2026h[?25l[A[1Gpulling manifest [K
pulling a8cc1361f314:  20% ▕███               ▏ 1.8 GB/9.3 GB  7.7 MB/s   16m2s[K[?25h[?2026l[?2026h[?25l[A[1Gpulling manifest [K
pulling a8cc1361f314:  20% ▕███               ▏ 1.8 GB/9.3 GB  7.7 MB/s   16m2s[K[?25h[?2026l[?2026h[?25l[A[1Gpulling manifest [K
pulling a8cc1361f314:  20% ▕███               ▏ 1.8 GB/9.3 GB  7.7 MB/s   16m2s[K[?25h[?2026l[?2026h[?25l[A[1Gpulling manifest [K
pulling a8cc1361f314:  20% ▕███               ▏ 1.8 GB/9.3 GB  8.1 MB/s  15m16s[K[?25h[?2026l[?2026h[?25l[A[1Gpulling manifest [K
pulling a8cc1361f314:  20% ▕███               ▏ 1.8 GB/9.3 GB  8.1 MB/s  15m16s[K[?25h[?2026l[?2026h[?25l[A[1Gpulling manifest [K
pulling a8cc1361f314:  20% ▕███               ▏ 1.8 GB/9.3 GB  8.1 MB/s  15m16s[K[?25h[?2026l[?2026h[?25l[A[1Gpulling manifest [K
pulling a8cc1361f314:  20% ▕███               ▏ 1.8 GB/9.3 GB  8.1 MB/s  15m16s[K[?25h[?2026l[?2026h[?25l[A[1Gpulling manifest [K
pulling a8cc1361f314:  20% ▕███               ▏ 1.8 GB/9.3 GB  8.1 MB/s  15m16s[K[?25h[?2026l[?2026h[?25l[A[1Gpulling manifest [K
pulling a8cc1361f314:  20% ▕███               ▏ 1.8 GB/9.3 GB  8.1 MB/s  15m16s[K[?25h[?2026l[?2026h[?25l[A[1Gpulling manifest [K
pulling a8cc1361f314:  20% ▕███               ▏ 1.8 GB/9.3 GB  8.1 MB/s  15m16s[K[?25h[?2026l[?2026h[?25l[A[1Gpulling manifest [K
pulling a8cc1361f314:  20% ▕███               ▏ 1.8 GB/9.3 GB  8.1 MB/s  15m16s[K[?25h[?2026l[?2026h[?25l[A[1Gpulling manifest [K
pulling a8cc1361f314:  20% ▕███               ▏ 1.8 GB/9.3 GB  8.1 MB/s  15m16s[K[?25h[?2026l[?2026h[?25l[A[1Gpulling manifest [K
pulling a8cc1361f314:  20% ▕███               ▏ 1.8 GB/9.3 GB  8.1 MB/s  15m16s[K[?25h[?2026l[?2026h[?25l[A[1Gpulling manifest [K
pulling a8cc1361f314:  20% ▕███               ▏ 1.8 GB/9.3 GB  7.9 MB/s  15m43s[K[?25h[?2026l[?2026h[?25l[A[1Gpulling manifest [K
pulling a8cc1361f314:  20% ▕███               ▏ 1.8 GB/9.3 GB  7.9 MB/s  15m43s[K[?25h[?2026l[?2026h[?25l[A[1Gpulling manifest [K
pulling a8cc1361f314:  20% ▕███               ▏ 1.8 GB/9.3 GB  7.9 MB/s  15m43s[K[?25h[?2026l[?2026h[?25l[A[1Gpulling manifest [K
pulling a8cc1361f314:  20% ▕███               ▏ 1.8 GB/9.3 GB  7.9 MB/s  15m42s[K[?25h[?2026l[?2026h[?25l[A[1Gpulling manifest [K
pulling a8cc1361f314:  20% ▕███               ▏ 1.8 GB/9.3 GB  7.9 MB/s  15m42s[K[?25h[?2026l[?2026h[?25l[A[1Gpulling manifest [K
pulling a8cc1361f314:  20% ▕███               ▏ 1.8 GB/9.3 GB  7.9 MB/s  15m42s[K[?25h[?2026l[?2026h[?25l[A[1Gpulling manifest [K
pulling a8cc1361f314:  20% ▕███               ▏ 1.8 GB/9.3 GB  7.9 MB/s  15m42s[K[?25h[?2026l[?2026h[?25l[A[1Gpulling manifest [K
pulling a8cc1361f314:  20% ▕███               ▏ 1.8 GB/9.3 GB  7.9 MB/s  15m42s[K[?25h[?2026l[?2026h[?25l[A[1Gpulling manifest [K
pulling a8cc1361f314:  20% ▕███               ▏ 1.8 GB/9.3 GB  7.9 MB/s  15m42s[K[?25h[?2026l[?2026h[?25l[A[1Gpulling manifest [K
pulling a8cc1361f314:  20% ▕███               ▏ 1.8 GB/9.3 GB  7.9 MB/s  15m42s[K[?25h[?2026l[?2026h[?25l[A[1Gpulling manifest [K
pulling a8cc1361f314:  20% ▕███               ▏ 1.8 GB/9.3 GB  7.9 MB/s  15m42s[K[?25h[?2026l[?2026h[?25l[A[1Gpulling manifest [K
pulling a8cc1361f314:  20% ▕███               ▏ 1.8 GB/9.3 GB  7.9 MB/s  15m37s[K[?25h[?2026l[?2026h[?25l[A[1Gpulling manifest [K
pulling a8cc1361f314:  20% ▕███               ▏ 1.8 GB/9.3 GB  7.9 MB/s  15m37s[K[?25h[?2026l[?2026h[?25l[A[1Gpulling manifest [K
pulling a8cc1361f314:  20% ▕███               ▏ 1.8 GB/9.3 GB  7.9 MB/s  15m37s[K[?25h[?2026l[?2026h[?25l[A[1Gpulling manifest [K
pulling a8cc1361f314:  20% ▕███               ▏ 1.8 GB/9.3 GB  7.9 MB/s  15m37s[K[?25h[?2026l[?2026h[?25l[A[1Gpulling manifest [K
pulling a8cc1361f314:  20% ▕███               ▏ 1.8 GB/9.3 GB  7.9 MB/s  15m37s[K[?25h[?2026l[?2026h[?25l[A[1Gpulling manifest [K
pulling a8cc1361f314:  20% ▕███               ▏ 1.8 GB/9.3 GB  7.9 MB/s  15m36s[K[?25h[?2026l[?2026h[?25l[A[1Gpulling manifest [K
pulling a8cc1361f314:  20% ▕███               ▏ 1.8 GB/9.3 GB  7.9 MB/s  15m36s[K[?25h[?2026l[?2026h[?25l[A[1Gpulling manifest [K
pulling a8cc1361f314:  20% ▕███               ▏ 1.8 GB/9.3 GB  7.9 MB/s  15m36s[K[?25h[?2026l[?2026h[?25l[A[1Gpulling manifest [K
pulling a8cc1361f314:  20% ▕███               ▏ 1.8 GB/9.3 GB  7.9 MB/s  15m36s[K[?25h[?2026l[?2026h[?25l[A[1Gpulling manifest [K
pulling a8cc1361f314:  20% ▕███               ▏ 1.8 GB/9.3 GB  7.9 MB/s  15m36s[K[?25h[?2026l[?2026h[?25l[A[1Gpulling manifest [K
pulling a8cc1361f314:  20% ▕███               ▏ 1.8 GB/9.3 GB  8.0 MB/s  15m31s[K[?25h[?2026l[?2026h[?25l[A[1Gpulling manifest [K
pulling a8cc1361f314:  20% ▕███               ▏ 1.8 GB/9.3 GB  8.0 MB/s  15m31s[K[?25h[?2026l[?2026h[?25l[A[1Gpulling manifest [K
pulling a8cc1361f314:  20% ▕███               ▏ 1.8 GB/9.3 GB  8.0 MB/s  15m31s[K[?25h[?2026l[?2026h[?25l[A[1Gpulling manifest [K
pulling a8cc1361f314:  20% ▕███               ▏ 1.8 GB/9.3 GB  8.0 MB/s  15m31s[K[?25h[?2026l[?2026h[?25l[A[1Gpulling manifest [K
pulling a8cc1361f314:  20% ▕███               ▏ 1.8 GB/9.3 GB  8.0 MB/s  15m31s[K[?25h[?2026l[?2026h[?25l[A[1Gpulling manifest [K
pulling a8cc1361f314:  20% ▕███               ▏ 1.8 GB/9.3 GB  8.0 MB/s  15m31s[K[?25h[?2026l[?2026h[?25l[A[1Gpulling manifest [K
pulling a8cc1361f314:  20% ▕███               ▏ 1.8 GB/9.3 GB  8.0 MB/s  15m31s[K[?25h[?2026l[?2026h[?25l[A[1Gpulling manifest [K
pulling a8cc1361f314:  20% ▕███               ▏ 1.8 GB/9.3 GB  8.0 MB/s  15m31s[K[?25h[?2026l[?2026h[?25l[A[1Gpulling manifest [K
pulling a8cc1361f314:  20% ▕███               ▏ 1.8 GB/9.3 GB  8.0 MB/s  15m31s[K[?25h[?2026l[?2026h[?25l[A[1Gpulling manifest [K
pulling a8cc1361f314:  20% ▕███               ▏ 1.8 GB/9.3 GB  8.0 MB/s  15m30s[K[?25h[?2026l[?2026h[?25l[A[1Gpulling manifest [K
pulling a8cc1361f314:  20% ▕███               ▏ 1.8 GB/9.3 GB  7.8 MB/s  15m49s[K[?25h[?2026l[?2026h[?25l[A[1Gpulling manifest [K
pulling a8cc1361f314:  20% ▕███               ▏ 1.9 GB/9.3 GB  7.8 MB/s  15m49s[K[?25h[?2026l[?2026h[?25l[A[1Gpulling manifest [K
pulling a8cc1361f314:  20% ▕███               ▏ 1.9 GB/9.3 GB  7.8 MB/s  15m49s[K[?25h[?2026l[?2026h[?25l[A[1Gpulling manifest [K
pulling a8cc1361f314:  20% ▕███               ▏ 1.9 GB/9.3 GB  7.8 MB/s  15m49s[K[?25h[?2026l[?2026h[?25l[A[1Gpulling manifest [K
pulling a8cc1361f314:  20% ▕███               ▏ 1.9 GB/9.3 GB  7.8 MB/s  15m48s[K[?25h[?2026l[?2026h[?25l[A[1Gpulling manifest [K
pulling a8cc1361f314:  20% ▕███               ▏ 1.9 GB/9.3 GB  7.8 MB/s  15m48s[K[?25h[?2026l[?2026h[?25l[A[1Gpulling manifest [K
pulling a8cc1361f314:  20% ▕███               ▏ 1.9 GB/9.3 GB  7.8 MB/s  15m48s[K[?25h[?2026l[?2026h[?25l[A[1Gpulling manifest [K
pulling a8cc1361f314:  20% ▕███               ▏ 1.9 GB/9.3 GB  7.8 MB/s  15m48s[K[?25h[?2026l[?2026h[?25l[A[1Gpulling manifest [K
pulling a8cc1361f314:  20% ▕███               ▏ 1.9 GB/9.3 GB  7.8 MB/s  15m48s[K[?25h[?2026l[?2026h[?25l[A[1Gpulling manifest [K
pulling a8cc1361f314:  20% ▕███               ▏ 1.9 GB/9.3 GB  7.8 MB/s  15m48s[K[?25h[?2026l[?2026h[?25l[A[1Gpulling manifest [K
pulling a8cc1361f314:  20% ▕███               ▏ 1.9 GB/9.3 GB  7.6 MB/s  16m20s[K[?25h[?2026l[?2026h[?25l[A[1Gpulling manifest [K
pulling a8cc1361f314:  20% ▕███               ▏ 1.9 GB/9.3 GB  7.6 MB/s  16m20s[K[?25h[?2026l[?2026h[?25l[A[1Gpulling manifest [K
pulling a8cc1361f314:  20% ▕███               ▏ 1.9 GB/9.3 GB  7.6 MB/s  16m20s[K[?25h[?2026l[?2026h[?25l[A[1Gpulling manifest [K
pulling a8cc1361f314:  20% ▕███               ▏ 1.9 GB/9.3 GB  7.6 MB/s  16m20s[K[?25h[?2026l[?2026h[?25l[A[1Gpulling manifest [K
pulling a8cc1361f314:  20% ▕███               ▏ 1.9 GB/9.3 GB  7.6 MB/s  16m20s[K[?25h[?2026l[?2026h[?25l[A[1Gpulling manifest [K
pulling a8cc1361f314:  20% ▕███               ▏ 1.9 GB/9.3 GB  7.6 MB/s  16m20s[K[?25h[?2026l[?2026h[?25l[A[1Gpulling manifest [K
pulling a8cc1361f314:  20% ▕███               ▏ 1.9 GB/9.3 GB  7.6 MB/s  16m20s[K[?25h[?2026l[?2026h[?25l[A[1Gpulling manifest [K
pulling a8cc1361f314:  20% ▕███               ▏ 1.9 GB/9.3 GB  7.6 MB/s  16m20s[K[?25h[?2026l[?2026h[?25l[A[1Gpulling manifest [K
pulling a8cc1361f314:  20% ▕███               ▏ 1.9 GB/9.3 GB  7.6 MB/s  16m20s[K[?25h[?2026l[?2026h[?25l[A[1Gpulling manifest [K
pulling a8cc1361f314:  20% ▕███               ▏ 1.9 GB/9.3 GB  7.6 MB/s  16m20s[K[?25h[?2026l[?2026h[?25l[A[1Gpulling manifest [K
pulling a8cc1361f314:  20% ▕███               ▏ 1.9 GB/9.3 GB  6.8 MB/s  18m10s[K[?25h[?2026l[?2026h[?25l[A[1Gpulling manifest [K
pulling a8cc1361f314:  20% ▕███               ▏ 1.9 GB/9.3 GB  6.8 MB/s  18m10s[K[?25h[?2026l[?2026h[?25l[A[1Gpulling manifest [K
pulling a8cc1361f314:  20% ▕███               ▏ 1.9 GB/9.3 GB  6.8 MB/s  18m10s[K[?25h[?2026l[?2026h[?25l[A[1Gpulling manifest [K
pulling a8cc1361f314:  20% ▕███               ▏ 1.9 GB/9.3 GB  6.8 MB/s  18m10s[K[?25h[?2026l[?2026h[?25l[A[1Gpulling manifest [K
pulling a8cc1361f314:  20% ▕███               ▏ 1.9 GB/9.3 GB  6.8 MB/s  18m10s[K[?25h[?2026l[?2026h[?25l[A[1Gpulling manifest [K
pulling a8cc1361f314:  20% ▕███               ▏ 1.9 GB/9.3 GB  6.8 MB/s  18m10s[K[?25h[?2026l[?2026h[?25l[A[1Gpulling manifest [K
pulling a8cc1361f314:  20% ▕███               ▏ 1.9 GB/9.3 GB  6.8 MB/s  18m10s[K[?25h[?2026l[?2026h[?25l[A[1Gpulling manifest [K
pulling a8cc1361f314:  20% ▕███               ▏ 1.9 GB/9.3 GB  6.8 MB/s  18m10s[K[?25h[?2026l[?2026h[?25l[A[1Gpulling manifest [K
pulling a8cc1361f314:  20% ▕███               ▏ 1.9 GB/9.3 GB  6.8 MB/s  18m10s[K[?25h[?2026l[?2026h[?25l[A[1Gpulling manifest [K
pulling a8cc1361f314:  20% ▕███               ▏ 1.9 GB/9.3 GB  6.8 MB/s  18m10s[K[?25h[?2026l[?2026h[?25l[A[1Gpulling manifest [K
pulling a8cc1361f314:  20% ▕███               ▏ 1.9 GB/9.3 GB  6.8 MB/s  18m10s[K[?25h[?2026l[?2026h[?25l[A[1Gpulling manifest [K
pulling a8cc1361f314:  20% ▕███               ▏ 1.9 GB/9.3 GB  6.1 MB/s  20m17s[K[?25h[?2026l[?2026h[?25l[A[1Gpulling manifest [K
pulling a8cc1361f314:  20% ▕███               ▏ 1.9 GB/9.3 GB  6.1 MB/s  20m17s[K[?25h[?2026l[?2026h[?25l[A[1Gpulling manifest [K
pulling a8cc1361f314:  20% ▕███               ▏ 1.9 GB/9.3 GB  6.1 MB/s  20m17s[K[?25h[?2026l[?2026h[?25l[A[1Gpulling manifest [K
pulling a8cc1361f314:  20% ▕███               ▏ 1.9 GB/9.3 GB  6.1 MB/s  20m17s[K[?25h[?2026l[?2026h[?25l[A[1Gpulling manifest [K
pulling a8cc1361f314:  20% ▕███               ▏ 1.9 GB/9.3 GB  6.1 MB/s  20m17s[K[?25h[?2026l[?2026h[?25l[A[1Gpulling manifest [K
pulling a8cc1361f314:  20% ▕███               ▏ 1.9 GB/9.3 GB  6.1 MB/s  20m17s[K[?25h[?2026l[?2026h[?25l[A[1Gpulling manifest [K
pulling a8cc1361f314:  20% ▕███               ▏ 1.9 GB/9.3 GB  6.1 MB/s  20m17s[K[?25h[?2026l[?2026h[?25l[A[1Gpulling manifest [K
pulling a8cc1361f314:  20% ▕███               ▏ 1.9 GB/9.3 GB  6.1 MB/s  20m17s[K[?25h[?2026l[?2026h[?25l[A[1Gpulling manifest [K
pulling a8cc1361f314:  20% ▕███               ▏ 1.9 GB/9.3 GB  6.1 MB/s  20m17s[K[?25h[?2026l[?2026h[?25l[A[1Gpulling manifest [K
pulling a8cc1361f314:  20% ▕███               ▏ 1.9 GB/9.3 GB  6.1 MB/s  20m17s[K[?25h[?2026l[?2026h[?25l[A[1Gpulling manifest [K
pulling a8cc1361f314:  20% ▕███               ▏ 1.9 GB/9.3 GB  5.3 MB/s  23m21s[K[?25h[?2026l[?2026h[?25l[A[1Gpulling manifest [K
pulling a8cc1361f314:  20% ▕███               ▏ 1.9 GB/9.3 GB  5.3 MB/s  23m21s[K[?25h[?2026l[?2026h[?25l[A[1Gpulling manifest [K
pulling a8cc1361f314:  20% ▕███               ▏ 1.9 GB/9.3 GB  5.3 MB/s  23m20s[K[?25h[?2026l[?2026h[?25l[A[1Gpulling manifest [K
pulling a8cc1361f314:  20% ▕███               ▏ 1.9 GB/9.3 GB  5.3 MB/s  23m20s[K[?25h[?2026l[?2026h[?25l[A[1Gpulling manifest [K
pulling a8cc1361f314:  20% ▕███               ▏ 1.9 GB/9.3 GB  5.3 MB/s  23m20s[K[?25h[?2026l[?2026h[?25l[A[1Gpulling manifest [K
pulling a8cc1361f314:  20% ▕███               ▏ 1.9 GB/9.3 GB  5.3 MB/s  23m20s[K[?25h[?2026l[?2026h[?25l[A[1Gpulling manifest [K
pulling a8cc1361f314:  20% ▕███               ▏ 1.9 GB/9.3 GB  5.3 MB/s  23m20s[K[?25h[?2026l[?2026h[?25l[A[1Gpulling manifest [K
pulling a8cc1361f314:  20% ▕███               ▏ 1.9 GB/9.3 GB  5.3 MB/s  23m20s[K[?25h[?2026l[?2026h[?25l[A[1Gpulling manifest [K
pulling a8cc1361f314:  20% ▕███               ▏ 1.9 GB/9.3 GB  5.3 MB/s  23m20s[K[?25h[?2026l[?2026h[?25l[A[1Gpulling manifest [K
pulling a8cc1361f314:  20% ▕███               ▏ 1.9 GB/9.3 GB  5.3 MB/s  23m20s[K[?25h[?2026l[?2026h[?25l[A[1Gpulling manifest [K
pulling a8cc1361f314:  20% ▕███               ▏ 1.9 GB/9.3 GB  4.6 MB/s  26m48s[K[?25h[?2026l[?2026h[?25l[A[1Gpulling manifest [K
pulling a8cc1361f314:  20% ▕███               ▏ 1.9 GB/9.3 GB  4.6 MB/s  26m48s[K[?25h[?2026l[?2026h[?25l[A[1Gpulling manifest [K
pulling a8cc1361f314:  20% ▕███               ▏ 1.9 GB/9.3 GB  4.6 MB/s  26m48s[K[?25h[?2026l[?2026h[?25l[A[1Gpulling manifest [K
pulling a8cc1361f314:  20% ▕███               ▏ 1.9 GB/9.3 GB  4.6 MB/s  26m48s[K[?25h[?2026l[?2026h[?25l[A[1Gpulling manifest [K
pulling a8cc1361f314:  20% ▕███               ▏ 1.9 GB/9.3 GB  4.6 MB/s  26m48s[K[?25h[?2026l[?2026h[?25l[A[1Gpulling manifest [K
pulling a8cc1361f314:  20% ▕███               ▏ 1.9 GB/9.3 GB  4.6 MB/s  26m48s[K[?25h[?2026l[?2026h[?25l[A[1Gpulling manifest [K
pulling a8cc1361f314:  20% ▕███               ▏ 1.9 GB/9.3 GB  4.6 MB/s  26m48s[K[?25h[?2026l[?2026h[?25l[A[1Gpulling manifest [K
pulling a8cc1361f314:  20% ▕███               ▏ 1.9 GB/9.3 GB  4.6 MB/s  26m48s[K[?25h[?2026l[?2026h[?25l[A[1Gpulling manifest [K
pulling a8cc1361f314:  20% ▕███               ▏ 1.9 GB/9.3 GB  4.6 MB/s  26m48s[K[?25h[?2026l[?2026h[?25l[A[1Gpulling manifest [K
pulling a8cc1361f314:  20% ▕███               ▏ 1.9 GB/9.3 GB  4.6 MB/s  26m48s[K[?25h[?2026l[?2026h[?25l[A[1Gpulling manifest [K
pulling a8cc1361f314:  20% ▕███               ▏ 1.9 GB/9.3 GB  4.0 MB/s  30m40s[K[?25h[?2026l[?2026h[?25l[A[1Gpulling manifest [K
pulling a8cc1361f314:  20% ▕███               ▏ 1.9 GB/9.3 GB  4.0 MB/s  30m40s[K[?25h[?2026l[?2026h[?25l[A[1Gpulling manifest [K
pulling a8cc1361f314:  20% ▕███               ▏ 1.9 GB/9.3 GB  4.0 MB/s  30m40s[K[?25h[?2026l[?2026h[?25l[A[1Gpulling manifest [K
pulling a8cc1361f314:  20% ▕███               ▏ 1.9 GB/9.3 GB  4.0 MB/s  30m40s[K[?25h[?2026l[?2026h[?25l[A[1Gpulling manifest [K
pulling a8cc1361f314:  20% ▕███               ▏ 1.9 GB/9.3 GB  4.0 MB/s  30m40s[K[?25h[?2026l[?2026h[?25l[A[1Gpulling manifest [K
pulling a8cc1361f314:  20% ▕███               ▏ 1.9 GB/9.3 GB  4.0 MB/s  30m40s[K[?25h[?2026l[?2026h[?25l[A[1Gpulling manifest [K
pulling a8cc1361f314:  20% ▕███               ▏ 1.9 GB/9.3 GB  4.0 MB/s  30m40s[K[?25h[?2026l[?2026h[?25l[A[1Gpulling manifest [K
pulling a8cc1361f314:  20% ▕███               ▏ 1.9 GB/9.3 GB  4.0 MB/s  30m40s[K[?25h[?2026l[?2026h[?25l[A[1Gpulling manifest [K
pulling a8cc1361f314:  20% ▕███               ▏ 1.9 GB/9.3 GB  4.0 MB/s  30m40s[K[?25h[?2026l[?2026h[?25l[A[1Gpulling manifest [K
pulling a8cc1361f314:  20% ▕███               ▏ 1.9 GB/9.3 GB  4.0 MB/s  30m40s[K[?25h[?2026l[?2026h[?25l[A[1Gpulling manifest [K
pulling a8cc1361f314:  20% ▕███               ▏ 1.9 GB/9.3 GB  3.3 MB/s  36m55s[K[?25h[?2026l[?2026h[?25l[A[1Gpulling manifest [K
pulling a8cc1361f314:  20% ▕███               ▏ 1.9 GB/9.3 GB  3.3 MB/s  36m55s[K[?25h[?2026l[?2026h[?25l[A[1Gpulling manifest [K
pulling a8cc1361f314:  20% ▕███               ▏ 1.9 GB/9.3 GB  3.3 MB/s  36m55s[K[?25h[?2026l[?2026h[?25l[A[1Gpulling manifest [K
pulling a8cc1361f314:  20% ▕███               ▏ 1.9 GB/9.3 GB  3.3 MB/s  36m55s[K[?25h[?2026l[?2026h[?25l[A[1Gpulling manifest [K
pulling a8cc1361f314:  20% ▕███               ▏ 1.9 GB/9.3 GB  3.3 MB/s  36m55s[K[?25h[?2026l[?2026h[?25l[A[1Gpulling manifest [K
pulling a8cc1361f314:  20% ▕███               ▏ 1.9 GB/9.3 GB  3.3 MB/s  36m55s[K[?25h[?2026l[?2026h[?25l[A[1Gpulling manifest [K
pulling a8cc1361f314:  20% ▕███               ▏ 1.9 GB/9.3 GB  3.3 MB/s  36m55s[K[?25h[?2026l[?2026h[?25l[A[1Gpulling manifest [K
pulling a8cc1361f314:  20% ▕███               ▏ 1.9 GB/9.3 GB  3.3 MB/s  36m55s[K[?25h[?2026l[?2026h[?25l[A[1Gpulling manifest [K
pulling a8cc1361f314:  20% ▕███               ▏ 1.9 GB/9.3 GB  3.3 MB/s  36m55s[K[?25h[?2026l[?2026h[?25l[A[1Gpulling manifest [K
pulling a8cc1361f314:  20% ▕███               ▏ 1.9 GB/9.3 GB  3.3 MB/s  36m55s[K[?25h[?2026l[?2026h[?25l[A[1Gpulling manifest [K
pulling a8cc1361f314:  20% ▕███               ▏ 1.9 GB/9.3 GB  3.3 MB/s  36m55s[K[?25h[?2026l[?2026h[?25l[A[1Gpulling manifest [K
pulling a8cc1361f314:  20% ▕███               ▏ 1.9 GB/9.3 GB  2.5 MB/s  48m56s[K[?25h[?2026l[?2026h[?25l[A[1Gpulling manifest [K
pulling a8cc1361f314:  20% ▕███               ▏ 1.9 GB/9.3 GB  2.5 MB/s  48m56s[K[?25h[?2026l[?2026h[?25l[A[1Gpulling manifest [K
pulling a8cc1361f314:  20% ▕███               ▏ 1.9 GB/9.3 GB  2.5 MB/s  48m56s[K[?25h[?2026l[?2026h[?25l[A[1Gpulling manifest [K
pulling a8cc1361f314:  20% ▕███               ▏ 1.9 GB/9.3 GB  2.5 MB/s  48m56s[K[?25h[?2026l[?2026h[?25l[A[1Gpulling manifest [K
pulling a8cc1361f314:  20% ▕███               ▏ 1.9 GB/9.3 GB  2.5 MB/s  48m56s[K[?25h[?2026l[?2026h[?25l[A[1Gpulling manifest [K
pulling a8cc1361f314:  20% ▕███               ▏ 1.9 GB/9.3 GB  2.5 MB/s  48m56s[K[?25h[?2026l[?2026h[?25l[A[1Gpulling manifest [K
pulling a8cc1361f314:  20% ▕███               ▏ 1.9 GB/9.3 GB  2.5 MB/s  48m56s[K[?25h[?2026l[?2026h[?25l[A[1Gpulling manifest [K
pulling a8cc1361f314:  20% ▕███               ▏ 1.9 GB/9.3 GB  2.5 MB/s  48m56s[K[?25h[?2026l[?2026h[?25l[A[1Gpulling manifest [K
pulling a8cc1361f314:  20% ▕███               ▏ 1.9 GB/9.3 GB  2.5 MB/s  48m56s[K[?25h[?2026l[?2026h[?25l[A[1Gpulling manifest [K
pulling a8cc1361f314:  20% ▕███               ▏ 1.9 GB/9.3 GB  2.5 MB/s  48m56s[K[?25h[?2026l[?2026h[?25l[A[1Gpulling manifest [K
pulling a8cc1361f314:  20% ▕███               ▏ 1.9 GB/9.3 GB  1.8 MB/s    1h7m[K[?25h[?2026l[?2026h[?25l[A[1Gpulling manifest [K
pulling a8cc1361f314:  20% ▕███               ▏ 1.9 GB/9.3 GB  1.8 MB/s    1h7m[K[?25h[?2026l[?2026h[?25l[A[1Gpulling manifest [K
pulling a8cc1361f314:  20% ▕███               ▏ 1.9 GB/9.3 GB  1.8 MB/s    1h7m[K[?25h[?2026l[?2026h[?25l[A[1Gpulling manifest [K
pulling a8cc1361f314:  20% ▕███               ▏ 1.9 GB/9.3 GB  1.8 MB/s    1h7m[K[?25h[?2026l[?2026h[?25l[A[1Gpulling manifest [K
pulling a8cc1361f314:  20% ▕███               ▏ 1.9 GB/9.3 GB  1.8 MB/s    1h7m[K[?25h[?2026l[?2026h[?25l[A[1Gpulling manifest [K
pulling a8cc1361f314:  20% ▕███               ▏ 1.9 GB/9.3 GB  1.8 MB/s    1h7m[K[?25h[?2026l[?2026h[?25l[A[1Gpulling manifest [K
pulling a8cc1361f314:  20% ▕███               ▏ 1.9 GB/9.3 GB  1.8 MB/s    1h7m[K[?25h[?2026l[?2026h[?25l[A[1Gpulling manifest [K
pulling a8cc1361f314:  20% ▕███               ▏ 1.9 GB/9.3 GB  1.8 MB/s    1h7m[K[?25h[?2026l[?2026h[?25l[A[1Gpulling manifest [K
pulling a8cc1361f314:  20% ▕███               ▏ 1.9 GB/9.3 GB  1.8 MB/s    1h7m[K[?25h[?2026l[?2026h[?25l[A[1Gpulling manifest [K
pulling a8cc1361f314:  20% ▕███               ▏ 1.9 GB/9.3 GB  1.8 MB/s    1h7m[K[?25h[?2026l[?2026h[?25l[A[1Gpulling manifest [K
pulling a8cc1361f314:  20% ▕███               ▏ 1.9 GB/9.3 GB  1.4 MB/s   1h31m[K[?25h[?2026l[?2026h[?25l[A[1Gpulling manifest [K
pulling a8cc1361f314:  20% ▕███               ▏ 1.9 GB/9.3 GB  1.4 MB/s   1h31m[K[?25h[?2026l[?2026h[?25l[A[1Gpulling manifest [K
pulling a8cc1361f314:  20% ▕███               ▏ 1.9 GB/9.3 GB  1.4 MB/s   1h31m[K[?25h[?2026l[?2026h[?25l[A[1Gpulling manifest [K
pulling a8cc1361f314:  20% ▕███               ▏ 1.9 GB/9.3 GB  1.4 MB/s   1h31m[K[?25h[?2026l[?2026h[?25l[A[1Gpulling manifest [K
pulling a8cc1361f314:  20% ▕███               ▏ 1.9 GB/9.3 GB  1.4 MB/s   1h31m[K[?25h[?2026l[?2026h[?25l[A[1Gpulling manifest [K
pulling a8cc1361f314:  20% ▕███               ▏ 1.9 GB/9.3 GB  1.4 MB/s   1h31m[K[?25h[?2026l[?2026h[?25l[A[1Gpulling manifest [K
pulling a8cc1361f314:  20% ▕███               ▏ 1.9 GB/9.3 GB  1.4 MB/s   1h31m[K[?25h[?2026l[?2026h[?25l[A[1Gpulling manifest [K
pulling a8cc1361f314:  20% ▕███               ▏ 1.9 GB/9.3 GB  1.4 MB/s   1h31m[K[?25h[?2026l[?2026h[?25l[A[1Gpulling manifest [K
pulling a8cc1361f314:  20% ▕███               ▏ 1.9 GB/9.3 GB  1.4 MB/s   1h31m[K[?25h[?2026l[?2026h[?25l[A[1Gpulling manifest [K
pulling a8cc1361f314:  20% ▕███               ▏ 1.9 GB/9.3 GB  1.4 MB/s   1h31m[K[?25h[?2026l[?2026h[?25l[A[1Gpulling manifest [K
pulling a8cc1361f314:  20% ▕███               ▏ 1.9 GB/9.3 GB  1.3 MB/s   1h31m[K[?25h[?2026l[?2026h[?25l[A[1Gpulling manifest [K
pulling a8cc1361f314:  20% ▕███               ▏ 1.9 GB/9.3 GB  1.3 MB/s   1h31m[K[?25h[?2026l[?2026h[?25l[A[1Gpulling manifest [K
pulling a8cc1361f314:  20% ▕███               ▏ 1.9 GB/9.3 GB  1.3 MB/s   1h31m[K[?25h[?2026l[?2026h[?25l[A[1Gpulling manifest [K
pulling a8cc1361f314:  20% ▕███               ▏ 1.9 GB/9.3 GB  1.3 MB/s   1h31m[K[?25h[?2026l[?2026h[?25l[A[1Gpulling manifest [K
pulling a8cc1361f314:  20% ▕███               ▏ 1.9 GB/9.3 GB  1.3 MB/s   1h31m[K[?25h[?2026l[?2026h[?25l[A[1Gpulling manifest [K
pulling a8cc1361f314:  20% ▕███               ▏ 1.9 GB/9.3 GB  1.3 MB/s   1h31m[K[?25h[?2026l[?2026h[?25l[A[1Gpulling manifest [K
pulling a8cc1361f314:  20% ▕███               ▏ 1.9 GB/9.3 GB  1.3 MB/s   1h31m[K[?25h[?2026l[?2026h[?25l[A[1Gpulling manifest [K
pulling a8cc1361f314:  20% ▕███               ▏ 1.9 GB/9.3 GB  1.3 MB/s   1h31m[K[?25h[?2026l[?2026h[?25l[A[1Gpulling manifest [K
pulling a8cc1361f314:  20% ▕███               ▏ 1.9 GB/9.3 GB  1.3 MB/s   1h31m[K[?25h[?2026l[?2026h[?25l[A[1Gpulling manifest [K
pulling a8cc1361f314:  20% ▕███               ▏ 1.9 GB/9.3 GB  1.3 MB/s   1h31m[K[?25h[?2026l[?2026h[?25l[A[1Gpulling manifest [K
pulling a8cc1361f314:  20% ▕███               ▏ 1.9 GB/9.3 GB  1.3 MB/s   1h32m[K[?25h[?2026l[?2026h[?25l[A[1Gpulling manifest [K
pulling a8cc1361f314:  20% ▕███               ▏ 1.9 GB/9.3 GB  1.3 MB/s   1h32m[K[?25h[?2026l[?2026h[?25l[A[1Gpulling manifest [K
pulling a8cc1361f314:  20% ▕███               ▏ 1.9 GB/9.3 GB  1.3 MB/s   1h32m[K[?25h[?2026l[?2026h[?25l[A[1Gpulling manifest [K
pulling a8cc1361f314:  20% ▕███               ▏ 1.9 GB/9.3 GB  1.3 MB/s   1h32m[K[?25h[?2026l[?2026h[?25l[A[1Gpulling manifest [K
pulling a8cc1361f314:  20% ▕███               ▏ 1.9 GB/9.3 GB  1.3 MB/s   1h32m[K[?25h[?2026l[?2026h[?25l[A[1Gpulling manifest [K
pulling a8cc1361f314:  20% ▕███               ▏ 1.9 GB/9.3 GB  1.3 MB/s   1h32m[K[?25h[?2026l[?2026h[?25l[A[1Gpulling manifest [K
pulling a8cc1361f314:  20% ▕███               ▏ 1.9 GB/9.3 GB  1.3 MB/s   1h32m[K[?25h[?2026l[?2026h[?25l[A[1Gpulling manifest [K
pulling a8cc1361f314:  20% ▕███               ▏ 1.9 GB/9.3 GB  1.3 MB/s   1h32m[K[?25h[?2026l[?2026h[?25l[A[1Gpulling manifest [K
pulling a8cc1361f314:  20% ▕███               ▏ 1.9 GB/9.3 GB  1.3 MB/s   1h32m[K[?25h[?2026l[?2026h[?25l[A[1Gpulling manifest [K
pulling a8cc1361f314:  20% ▕███               ▏ 1.9 GB/9.3 GB  1.3 MB/s   1h32m[K[?25h[?2026l[?2026h[?25l[A[1Gpulling manifest [K
pulling a8cc1361f314:  20% ▕███               ▏ 1.9 GB/9.3 GB  1.3 MB/s   1h32m[K[?25h[?2026l[?2026h[?25l[A[1Gpulling manifest [K
pulling a8cc1361f314:  20% ▕███               ▏ 1.9 GB/9.3 GB  1.3 MB/s   1h32m[K[?25h[?2026l[?2026h[?25l[A[1Gpulling manifest [K
pulling a8cc1361f314:  20% ▕███               ▏ 1.9 GB/9.3 GB  1.3 MB/s   1h32m[K[?25h[?2026l[?2026h[?25l[A[1Gpulling manifest [K
pulling a8cc1361f314:  20% ▕███               ▏ 1.9 GB/9.3 GB  1.3 MB/s   1h32m[K[?25h[?2026l[?2026h[?25l[A[1Gpulling manifest [K
pulling a8cc1361f314:  20% ▕███               ▏ 1.9 GB/9.3 GB  1.3 MB/s   1h32m[K[?25h[?2026l[?2026h[?25l[A[1Gpulling manifest [K
pulling a8cc1361f314:  20% ▕███               ▏ 1.9 GB/9.3 GB  1.3 MB/s   1h32m[K[?25h[?2026l[?2026h[?25l[A[1Gpulling manifest [K
pulling a8cc1361f314:  20% ▕███               ▏ 1.9 GB/9.3 GB  1.3 MB/s   1h32m[K[?25h[?2026l[?2026h[?25l[A[1Gpulling manifest [K
pulling a8cc1361f314:  20% ▕███               ▏ 1.9 GB/9.3 GB  1.3 MB/s   1h32m[K[?25h[?2026l[?2026h[?25l[A[1Gpulling manifest [K
pulling a8cc1361f314:  20% ▕███               ▏ 1.9 GB/9.3 GB  1.3 MB/s   1h32m[K[?25h[?2026l[?2026h[?25l[A[1Gpulling manifest [K
pulling a8cc1361f314:  20% ▕███               ▏ 1.9 GB/9.3 GB  1.3 MB/s   1h32m[K[?25h[?2026l[?2026h[?25l[A[1Gpulling manifest [K
pulling a8cc1361f314:  20% ▕███               ▏ 1.9 GB/9.3 GB  1.3 MB/s   1h32m[K[?25h[?2026l[?2026h[?25l[A[1Gpulling manifest [K
pulling a8cc1361f314:  20% ▕███               ▏ 1.9 GB/9.3 GB  1.3 MB/s   1h32m[K[?25h[?2026l[?2026h[?25l[A[1Gpulling manifest [K
pulling a8cc1361f314:  20% ▕███               ▏ 1.9 GB/9.3 GB  1.3 MB/s   1h32m[K[?25h[?2026l[?2026h[?25l[A[1Gpulling manifest [K
pulling a8cc1361f314:  20% ▕███               ▏ 1.9 GB/9.3 GB  1.3 MB/s   1h32m[K[?25h[?2026l[?2026h[?25l[A[1Gpulling manifest [K
pulling a8cc1361f314:  20% ▕███               ▏ 1.9 GB/9.3 GB  1.3 MB/s   1h32m[K[?25h[?2026l[?2026h[?25l[A[1Gpulling manifest [K
pulling a8cc1361f314:  20% ▕███               ▏ 1.9 GB/9.3 GB  1.3 MB/s   1h32m[K[?25h[?2026l[?2026h[?25l[A[1Gpulling manifest [K
pulling a8cc1361f314:  20% ▕███               ▏ 1.9 GB/9.3 GB  1.3 MB/s   1h32m[K[?25h[?2026l[?2026h[?25l[A[1Gpulling manifest [K
pulling a8cc1361f314:  20% ▕███               ▏ 1.9 GB/9.3 GB  1.3 MB/s   1h32m[K[?25h[?2026l[?2026h[?25l[A[1Gpulling manifest [K
pulling a8cc1361f314:  20% ▕███               ▏ 1.9 GB/9.3 GB  1.3 MB/s   1h32m[K[?25h[?2026l[?2026h[?25l[A[1Gpulling manifest [K
pulling a8cc1361f314:  20% ▕███               ▏ 1.9 GB/9.3 GB  1.3 MB/s   1h32m[K[?25h[?2026l[?2026h[?25l[A[1Gpulling manifest [K
pulling a8cc1361f314:  20% ▕███               ▏ 1.9 GB/9.3 GB  1.3 MB/s   1h32m[K[?25h[?2026l[?2026h[?25l[A[1Gpulling manifest [K
pulling a8cc1361f314:  20% ▕███               ▏ 1.9 GB/9.3 GB  1.3 MB/s   1h32m[K[?25h[?2026l[?2026h[?25l[A[1Gpulling manifest [K
pulling a8cc1361f314:  20% ▕███               ▏ 1.9 GB/9.3 GB  1.3 MB/s   1h32m[K[?25h[?2026l[?2026h[?25l[A[1Gpulling manifest [K
pulling a8cc1361f314:  20% ▕███               ▏ 1.9 GB/9.3 GB  1.3 MB/s   1h32m[K[?25h[?2026l[?2026h[?25l[A[1Gpulling manifest [K
pulling a8cc1361f314:  20% ▕███               ▏ 1.9 GB/9.3 GB  1.3 MB/s   1h32m[K[?25h[?2026l[?2026h[?25l[A[1Gpulling manifest [K
pulling a8cc1361f314:  20% ▕███               ▏ 1.9 GB/9.3 GB  1.3 MB/s   1h32m[K[?25h[?2026l[?2026h[?25l[A[1Gpulling manifest [K
pulling a8cc1361f314:  20% ▕███               ▏ 1.9 GB/9.3 GB  1.3 MB/s   1h32m[K[?25h[?2026l[?2026h[?25l[A[1Gpulling manifest [K
pulling a8cc1361f314:  20% ▕███               ▏ 1.9 GB/9.3 GB  1.3 MB/s   1h32m[K[?25h[?2026l[?2026h[?25l[A[1Gpulling manifest [K
pulling a8cc1361f314:  20% ▕███               ▏ 1.9 GB/9.3 GB  1.3 MB/s   1h32m[K[?25h[?2026l[?2026h[?25l[A[1Gpulling manifest [K
pulling a8cc1361f314:  20% ▕███               ▏ 1.9 GB/9.3 GB  1.3 MB/s   1h32m[K[?25h[?2026l[?2026h[?25l[A[1Gpulling manifest [K
pulling a8cc1361f314:  20% ▕███               ▏ 1.9 GB/9.3 GB  1.3 MB/s   1h32m[K[?25h[?2026l[?2026h[?25l[A[1Gpulling manifest [K
pulling a8cc1361f314:  20% ▕███               ▏ 1.9 GB/9.3 GB  1.3 MB/s   1h32m[K[?25h[?2026l[?2026h[?25l[A[1Gpulling manifest [K
pulling a8cc1361f314:  20% ▕███               ▏ 1.9 GB/9.3 GB  1.3 MB/s   1h32m[K[?25h[?2026l[?2026h[?25l[A[1Gpulling manifest [K
pulling a8cc1361f314:  20% ▕███               ▏ 1.9 GB/9.3 GB  1.3 MB/s   1h32m[K[?25h[?2026l[?2026h[?25l[A[1Gpulling manifest [K
pulling a8cc1361f314:  20% ▕███               ▏ 1.9 GB/9.3 GB  1.3 MB/s   1h32m[K[?25h[?2026l[?2026h[?25l[A[1Gpulling manifest [K
pulling a8cc1361f314:  20% ▕███               ▏ 1.9 GB/9.3 GB  1.3 MB/s   1h32m[K[?25h[?2026l[?2026h[?25l[A[1Gpulling manifest [K
pulling a8cc1361f314:  20% ▕███               ▏ 1.9 GB/9.3 GB  1.3 MB/s   1h32m[K[?25h[?2026l[?2026h[?25l[A[1Gpulling manifest [K
pulling a8cc1361f314:  20% ▕███               ▏ 1.9 GB/9.3 GB  1.3 MB/s   1h32m[K[?25h[?2026l[?2026h[?25l[A[1Gpulling manifest [K
pulling a8cc1361f314:  20% ▕███               ▏ 1.9 GB/9.3 GB  1.3 MB/s   1h32m[K[?25h[?2026l[?2026h[?25l[A[1Gpulling manifest [K
pulling a8cc1361f314:  20% ▕███               ▏ 1.9 GB/9.3 GB  1.3 MB/s   1h32m[K[?25h[?2026l[?2026h[?25l[A[1Gpulling manifest [K
pulling a8cc1361f314:  20% ▕███               ▏ 1.9 GB/9.3 GB  1.3 MB/s   1h32m[K[?25h[?2026l[?2026h[?25l[A[1Gpulling manifest [K
pulling a8cc1361f314:  20% ▕███               ▏ 1.9 GB/9.3 GB  1.3 MB/s   1h32m[K[?25h[?2026l[?2026h[?25l[A[1Gpulling manifest [K
pulling a8cc1361f314:  20% ▕███               ▏ 1.9 GB/9.3 GB  1.3 MB/s   1h32m[K[?25h[?2026l[?2026h[?25l[A[1Gpulling manifest [K
pulling a8cc1361f314:  20% ▕███               ▏ 1.9 GB/9.3 GB  1.3 MB/s   1h32m[K[?25h[?2026l[?2026h[?25l[A[1Gpulling manifest [K
pulling a8cc1361f314:  20% ▕███               ▏ 1.9 GB/9.3 GB  1.3 MB/s   1h32m[K[?25h[?2026l[?2026h[?25l[A[1Gpulling manifest [K
pulling a8cc1361f314:  20% ▕███               ▏ 1.9 GB/9.3 GB  1.3 MB/s   1h32m[K[?25h[?2026l[?2026h[?25l[A[1Gpulling manifest [K
pulling a8cc1361f314:  20% ▕███               ▏ 1.9 GB/9.3 GB  1.3 MB/s   1h32m[K[?25h[?2026l[?2026h[?25l[A[1Gpulling manifest [K
pulling a8cc1361f314:  20% ▕███               ▏ 1.9 GB/9.3 GB  1.3 MB/s   1h32m[K[?25h[?2026l[?2026h[?25l[A[1Gpulling manifest [K
pulling a8cc1361f314:  20% ▕███               ▏ 1.9 GB/9.3 GB  1.3 MB/s   1h32m[K[?25h[?2026l[?2026h[?25l[A[1Gpulling manifest [K
pulling a8cc1361f314:  20% ▕███               ▏ 1.9 GB/9.3 GB  1.3 MB/s   1h32m[K[?25h[?2026l[?2026h[?25l[A[1Gpulling manifest [K
pulling a8cc1361f314:  20% ▕███               ▏ 1.9 GB/9.3 GB  1.3 MB/s   1h32m[K[?25h[?2026l[?2026h[?25l[A[1Gpulling manifest [K
pulling a8cc1361f314:  20% ▕███               ▏ 1.9 GB/9.3 GB  1.3 MB/s   1h32m[K[?25h[?2026l[?2026h[?25l[A[1Gpulling manifest [K
pulling a8cc1361f314:  20% ▕███               ▏ 1.9 GB/9.3 GB  1.3 MB/s   1h32m[K[?25h[?2026l[?2026h[?25l[A[1Gpulling manifest [K
pulling a8cc1361f314:  20% ▕███               ▏ 1.9 GB/9.3 GB  1.3 MB/s   1h32m[K[?25h[?2026l[?2026h[?25l[A[1Gpulling manifest [K
pulling a8cc1361f314:  20% ▕███               ▏ 1.9 GB/9.3 GB  1.3 MB/s   1h32m[K[?25h[?2026l[?2026h[?25l[A[1Gpulling manifest [K
pulling a8cc1361f314:  20% ▕███               ▏ 1.9 GB/9.3 GB  1.3 MB/s   1h32m[K[?25h[?2026l[?2026h[?25l[A[1Gpulling manifest [K
pulling a8cc1361f314:  20% ▕███               ▏ 1.9 GB/9.3 GB  1.3 MB/s   1h32m[K[?25h[?2026l[?2026h[?25l[A[1Gpulling manifest [K
pulling a8cc1361f314:  20% ▕███               ▏ 1.9 GB/9.3 GB  1.3 MB/s   1h32m[K[?25h[?2026l[?2026h[?25l[A[1Gpulling manifest [K
pulling a8cc1361f314:  20% ▕███               ▏ 1.9 GB/9.3 GB  1.3 MB/s   1h32m[K[?25h[?2026l[?2026h[?25l[A[1Gpulling manifest [K
pulling a8cc1361f314:  20% ▕███               ▏ 1.9 GB/9.3 GB  1.3 MB/s   1h32m[K[?25h[?2026l[?2026h[?25l[A[1Gpulling manifest [K
pulling a8cc1361f314:  20% ▕███               ▏ 1.9 GB/9.3 GB  1.3 MB/s   1h32m[K[?25h[?2026l[?2026h[?25l[A[1Gpulling manifest [K
pulling a8cc1361f314:  20% ▕███               ▏ 1.9 GB/9.3 GB  1.3 MB/s   1h32m[K[?25h[?2026l[?2026h[?25l[A[1Gpulling manifest [K
pulling a8cc1361f314:  20% ▕███               ▏ 1.9 GB/9.3 GB  1.3 MB/s   1h32m[K[?25h[?2026l[?2026h[?25l[A[1Gpulling manifest [K
pulling a8cc1361f314:  20% ▕███               ▏ 1.9 GB/9.3 GB  1.3 MB/s   1h32m[K[?25h[?2026l[?2026h[?25l[A[1Gpulling manifest [K
pulling a8cc1361f314:  20% ▕███               ▏ 1.9 GB/9.3 GB  1.3 MB/s   1h32m[K[?25h[?2026l[?2026h[?25l[A[1Gpulling manifest [K
pulling a8cc1361f314:  20% ▕███               ▏ 1.9 GB/9.3 GB  1.3 MB/s   1h32m[K[?25h[?2026l[?2026h[?25l[A[1Gpulling manifest [K
pulling a8cc1361f314:  20% ▕███               ▏ 1.9 GB/9.3 GB  1.3 MB/s   1h32m[K[?25h[?2026l[?2026h[?25l[A[1Gpulling manifest [K
pulling a8cc1361f314:  20% ▕███               ▏ 1.9 GB/9.3 GB  1.3 MB/s   1h32m[K[?25h[?2026l[?2026h[?25l[A[1Gpulling manifest [K
pulling a8cc1361f314:  20% ▕███               ▏ 1.9 GB/9.3 GB  1.3 MB/s   1h32m[K[?25h[?2026l[?2026h[?25l[A[1Gpulling manifest [K
pulling a8cc1361f314:  20% ▕███               ▏ 1.9 GB/9.3 GB  1.3 MB/s   1h32m[K[?25h[?2026l[?2026h[?25l[A[1Gpulling manifest [K
pulling a8cc1361f314:  20% ▕███               ▏ 1.9 GB/9.3 GB  1.3 MB/s   1h32m[K[?25h[?2026l[?2026h[?25l[A[1Gpulling manifest [K
pulling a8cc1361f314:  20% ▕███               ▏ 1.9 GB/9.3 GB  1.3 MB/s   1h32m[K[?25h[?2026l[?2026h[?25l[A[1Gpulling manifest [K
pulling a8cc1361f314:  20% ▕███               ▏ 1.9 GB/9.3 GB  1.3 MB/s   1h32m[K[?25h[?2026l[?2026h[?25l[A[1Gpulling manifest [K
pulling a8cc1361f314:  20% ▕███               ▏ 1.9 GB/9.3 GB  1.3 MB/s   1h32m[K[?25h[?2026l[?2026h[?25l[A[1Gpulling manifest [K
pulling a8cc1361f314:  20% ▕███               ▏ 1.9 GB/9.3 GB  1.3 MB/s   1h32m[K[?25h[?2026l[?2026h[?25l[A[1Gpulling manifest [K
pulling a8cc1361f314:  20% ▕███               ▏ 1.9 GB/9.3 GB  1.3 MB/s   1h32m[K[?25h[?2026l[?2026h[?25l[A[1Gpulling manifest [K
pulling a8cc1361f314:  20% ▕███               ▏ 1.9 GB/9.3 GB  1.3 MB/s   1h32m[K[?25h[?2026l[?2026h[?25l[A[1Gpulling manifest [K
pulling a8cc1361f314:  20% ▕███               ▏ 1.9 GB/9.3 GB  1.3 MB/s   1h32m[K[?25h[?2026l[?2026h[?25l[A[1Gpulling manifest [K
pulling a8cc1361f314:  20% ▕███               ▏ 1.9 GB/9.3 GB  1.3 MB/s   1h32m[K[?25h[?2026l[?2026h[?25l[A[1Gpulling manifest [K
pulling a8cc1361f314:  20% ▕███               ▏ 1.9 GB/9.3 GB  1.3 MB/s   1h32m[K[?25h[?2026l[?2026h[?25l[A[1Gpulling manifest [K
pulling a8cc1361f314:  20% ▕███               ▏ 1.9 GB/9.3 GB  1.3 MB/s   1h32m[K[?25h[?2026l[?2026h[?25l[A[1Gpulling manifest [K
pulling a8cc1361f314:  20% ▕███               ▏ 1.9 GB/9.3 GB  1.3 MB/s   1h32m[K[?25h[?2026l[?2026h[?25l[A[1Gpulling manifest [K
pulling a8cc1361f314:  20% ▕███               ▏ 1.9 GB/9.3 GB  1.3 MB/s   1h32m[K[?25h[?2026l[?2026h[?25l[A[1Gpulling manifest [K
pulling a8cc1361f314:  20% ▕███               ▏ 1.9 GB/9.3 GB  1.3 MB/s   1h32m[K[?25h[?2026l[?2026h[?25l[A[1Gpulling manifest [K
pulling a8cc1361f314:  20% ▕███               ▏ 1.9 GB/9.3 GB  1.3 MB/s   1h32m[K[?25h[?2026l[?2026h[?25l[A[1Gpulling manifest [K
pulling a8cc1361f314:  20% ▕███               ▏ 1.9 GB/9.3 GB  1.3 MB/s   1h32m[K[?25h[?2026l[?2026h[?25l[A[1Gpulling manifest [K
pulling a8cc1361f314:  20% ▕███               ▏ 1.9 GB/9.3 GB  1.3 MB/s   1h32m[K[?25h[?2026l[?2026h[?25l[A[1Gpulling manifest [K
pulling a8cc1361f314:  20% ▕███               ▏ 1.9 GB/9.3 GB  1.3 MB/s   1h32m[K[?25h[?2026l[?2026h[?25l[A[1Gpulling manifest [K
pulling a8cc1361f314:  20% ▕███               ▏ 1.9 GB/9.3 GB  1.3 MB/s   1h32m[K[?25h[?2026l[?2026h[?25l[A[1Gpulling manifest [K
pulling a8cc1361f314:  20% ▕███               ▏ 1.9 GB/9.3 GB  1.3 MB/s   1h32m[K[?25h[?2026l[?2026h[?25l[A[1Gpulling manifest [K
pulling a8cc1361f314:  20% ▕███               ▏ 1.9 GB/9.3 GB  1.3 MB/s   1h32m[K[?25h[?2026l[?2026h[?25l[A[1Gpulling manifest [K
pulling a8cc1361f314:  20% ▕███               ▏ 1.9 GB/9.3 GB  1.3 MB/s   1h32m[K[?25h[?2026l[?2026h[?25l[A[1Gpulling manifest [K
pulling a8cc1361f314:  20% ▕███               ▏ 1.9 GB/9.3 GB  1.3 MB/s   1h32m[K[?25h[?2026l[?2026h[?25l[A[1Gpulling manifest [K
pulling a8cc1361f314:  20% ▕███               ▏ 1.9 GB/9.3 GB  1.3 MB/s   1h32m[K[?25h[?2026l[?2026h[?25l[A[1Gpulling manifest [K
pulling a8cc1361f314:  20% ▕███               ▏ 1.9 GB/9.3 GB  1.3 MB/s   1h32m[K[?25h[?2026l[?2026h[?25l[A[1Gpulling manifest [K
pulling a8cc1361f314:  20% ▕███               ▏ 1.9 GB/9.3 GB  1.3 MB/s   1h32m[K[?25h[?2026l[?2026h[?25l[A[1Gpulling manifest [K
pulling a8cc1361f314:  20% ▕███               ▏ 1.9 GB/9.3 GB  1.3 MB/s   1h32m[K[?25h[?2026l[?2026h[?25l[A[1Gpulling manifest [K
pulling a8cc1361f314:  20% ▕███               ▏ 1.9 GB/9.3 GB  1.3 MB/s   1h32m[K[?25h[?2026l[?2026h[?25l[A[1Gpulling manifest [K
pulling a8cc1361f314:  20% ▕███               ▏ 1.9 GB/9.3 GB  1.3 MB/s   1h32m[K[?25h[?2026l[?2026h[?25l[A[1Gpulling manifest [K
pulling a8cc1361f314:  20% ▕███               ▏ 1.9 GB/9.3 GB  1.3 MB/s   1h32m[K[?25h[?2026l[?2026h[?25l[A[1Gpulling manifest [K
pulling a8cc1361f314:  20% ▕███               ▏ 1.9 GB/9.3 GB  1.3 MB/s   1h32m[K[?25h[?2026l[?2026h[?25l[A[1Gpulling manifest [K
pulling a8cc1361f314:  20% ▕███               ▏ 1.9 GB/9.3 GB  1.3 MB/s   1h32m[K[?25h[?2026l[?2026h[?25l[A[1Gpulling manifest [K
pulling a8cc1361f314:  20% ▕███               ▏ 1.9 GB/9.3 GB  1.3 MB/s   1h32m[K[?25h[?2026l[?2026h[?25l[A[1Gpulling manifest [K
pulling a8cc1361f314:  20% ▕███               ▏ 1.9 GB/9.3 GB  1.3 MB/s   1h33m[K[?25h[?2026l[?2026h[?25l[A[1Gpulling manifest [K
pulling a8cc1361f314:  20% ▕███               ▏ 1.9 GB/9.3 GB  1.3 MB/s   1h33m[K[?25h[?2026l[?2026h[?25l[A[1Gpulling manifest [K
pulling a8cc1361f314:  20% ▕███               ▏ 1.9 GB/9.3 GB  1.3 MB/s   1h33m[K[?25h[?2026l[?2026h[?25l[A[1Gpulling manifest [K
pulling a8cc1361f314:  20% ▕███               ▏ 1.9 GB/9.3 GB  1.3 MB/s   1h33m[K[?25h[?2026l[?2026h[?25l[A[1Gpulling manifest [K
pulling a8cc1361f314:  20% ▕███               ▏ 1.9 GB/9.3 GB  1.3 MB/s   1h33m[K[?25h[?2026l[?2026h[?25l[A[1Gpulling manifest [K
pulling a8cc1361f314:  20% ▕███               ▏ 1.9 GB/9.3 GB  1.3 MB/s   1h33m[K[?25h[?2026l[?2026h[?25l[A[1Gpulling manifest [K
pulling a8cc1361f314:  20% ▕███               ▏ 1.9 GB/9.3 GB  1.3 MB/s   1h33m[K[?25h[?2026l[?2026h[?25l[A[1Gpulling manifest [K
pulling a8cc1361f314:  20% ▕███               ▏ 1.9 GB/9.3 GB  1.3 MB/s   1h33m[K[?25h[?2026l[?2026h[?25l[A[1Gpulling manifest [K
pulling a8cc1361f314:  20% ▕███               ▏ 1.9 GB/9.3 GB  1.3 MB/s   1h33m[K[?25h[?2026l[?2026h[?25l[A[1Gpulling manifest [K
pulling a8cc1361f314:  20% ▕███               ▏ 1.9 GB/9.3 GB  1.3 MB/s   1h33m[K[?25h[?2026l[?2026h[?25l[A[1Gpulling manifest [K
pulling a8cc1361f314:  20% ▕███               ▏ 1.9 GB/9.3 GB  1.2 MB/s   1h40m[K[?25h[?2026l[?2026h[?25l[A[1Gpulling manifest [K
pulling a8cc1361f314:  20% ▕███               ▏ 1.9 GB/9.3 GB  1.2 MB/s   1h40m[K[?25h[?2026l[?2026h[?25l[A[1Gpulling manifest [K
pulling a8cc1361f314:  20% ▕███               ▏ 1.9 GB/9.3 GB  1.2 MB/s   1h40m[K[?25h[?2026l[?2026h[?25l[A[1Gpulling manifest [K
pulling a8cc1361f314:  20% ▕███               ▏ 1.9 GB/9.3 GB  1.2 MB/s   1h40m[K[?25h[?2026l[?2026h[?25l[A[1Gpulling manifest [K
pulling a8cc1361f314:  20% ▕███               ▏ 1.9 GB/9.3 GB  1.2 MB/s   1h40m[K[?25h[?2026l[?2026h[?25l[A[1Gpulling manifest [K
pulling a8cc1361f314:  20% ▕███               ▏ 1.9 GB/9.3 GB  1.2 MB/s   1h40m[K[?25h[?2026l[?2026h[?25l[A[1Gpulling manifest [K
pulling a8cc1361f314:  20% ▕███               ▏ 1.9 GB/9.3 GB  1.2 MB/s   1h40m[K[?25h[?2026l[?2026h[?25l[A[1Gpulling manifest [K
pulling a8cc1361f314:  20% ▕███               ▏ 1.9 GB/9.3 GB  1.2 MB/s   1h40m[K[?25h[?2026l[?2026h[?25l[A[1Gpulling manifest [K
pulling a8cc1361f314:  20% ▕███               ▏ 1.9 GB/9.3 GB  1.2 MB/s   1h40m[K[?25h[?2026l[?2026h[?25l[A[1Gpulling manifest [K
pulling a8cc1361f314:  20% ▕███               ▏ 1.9 GB/9.3 GB  1.2 MB/s   1h40m[K[?25h[?2026l[?2026h[?25l[A[1Gpulling manifest [K
pulling a8cc1361f314:  20% ▕███               ▏ 1.9 GB/9.3 GB  1.2 MB/s   1h46m[K[?25h[?2026l[?2026h[?25l[A[1Gpulling manifest [K
pulling a8cc1361f314:  20% ▕███               ▏ 1.9 GB/9.3 GB  1.2 MB/s   1h46m[K[?25h[?2026l[?2026h[?25l[A[1Gpulling manifest [K
pulling a8cc1361f314:  20% ▕███               ▏ 1.9 GB/9.3 GB  1.2 MB/s   1h46m[K[?25h[?2026l[?2026h[?25l[A[1Gpulling manifest [K
pulling a8cc1361f314:  20% ▕███               ▏ 1.9 GB/9.3 GB  1.2 MB/s   1h46m[K[?25h[?2026l[?2026h[?25l[A[1Gpulling manifest [K
pulling a8cc1361f314:  20% ▕███               ▏ 1.9 GB/9.3 GB  1.2 MB/s   1h46m[K[?25h[?2026l[?2026h[?25l[A[1Gpulling manifest [K
pulling a8cc1361f314:  20% ▕███               ▏ 1.9 GB/9.3 GB  1.2 MB/s   1h46m[K[?25h[?2026l[?2026h[?25l[A[1Gpulling manifest [K
pulling a8cc1361f314:  20% ▕███               ▏ 1.9 GB/9.3 GB  1.2 MB/s   1h46m[K[?25h[?2026l[?2026h[?25l[A[1Gpulling manifest [K
pulling a8cc1361f314:  20% ▕███               ▏ 1.9 GB/9.3 GB  1.2 MB/s   1h46m[K[?25h[?2026l[?2026h[?25l[A[1Gpulling manifest [K
pulling a8cc1361f314:  20% ▕███               ▏ 1.9 GB/9.3 GB  1.2 MB/s   1h46m[K[?25h[?2026l[?2026h[?25l[A[1Gpulling manifest [K
pulling a8cc1361f314:  20% ▕███               ▏ 1.9 GB/9.3 GB  1.2 MB/s   1h46m[K[?25h[?2026l[?2026h[?25l[A[1Gpulling manifest [K
pulling a8cc1361f314:  20% ▕███               ▏ 1.9 GB/9.3 GB  1.2 MB/s   1h41m[K[?25h[?2026l[?2026h[?25l[A[1Gpulling manifest [K
pulling a8cc1361f314:  20% ▕███               ▏ 1.9 GB/9.3 GB  1.2 MB/s   1h41m[K[?25h[?2026l[?2026h[?25l[A[1Gpulling manifest [K
pulling a8cc1361f314:  20% ▕███               ▏ 1.9 GB/9.3 GB  1.2 MB/s   1h41m[K[?25h[?2026l[?2026h[?25l[A[1Gpulling manifest [K
pulling a8cc1361f314:  20% ▕███               ▏ 1.9 GB/9.3 GB  1.2 MB/s   1h41m[K[?25h[?2026l[?2026h[?25l[A[1Gpulling manifest [K
pulling a8cc1361f314:  20% ▕███               ▏ 1.9 GB/9.3 GB  1.2 MB/s   1h41m[K[?25h[?2026l[?2026h[?25l[A[1Gpulling manifest [K
pulling a8cc1361f314:  20% ▕███               ▏ 1.9 GB/9.3 GB  1.2 MB/s   1h41m[K[?25h[?2026l[?2026h[?25l[A[1Gpulling manifest [K
pulling a8cc1361f314:  20% ▕███               ▏ 1.9 GB/9.3 GB  1.2 MB/s   1h41m[K[?25h[?2026l[?2026h[?25l[A[1Gpulling manifest [K
pulling a8cc1361f314:  20% ▕███               ▏ 1.9 GB/9.3 GB  1.2 MB/s   1h41m[K[?25h[?2026l[?2026h[?25l[A[1Gpulling manifest [K
pulling a8cc1361f314:  20% ▕███               ▏ 1.9 GB/9.3 GB  1.2 MB/s   1h41m[K[?25h[?2026l[?2026h[?25l[A[1Gpulling manifest [K
pulling a8cc1361f314:  20% ▕███               ▏ 1.9 GB/9.3 GB  1.2 MB/s   1h41m[K[?25h[?2026l[?2026h[?25l[A[1Gpulling manifest [K
pulling a8cc1361f314:  20% ▕███               ▏ 1.9 GB/9.3 GB  1.2 MB/s   1h44m[K[?25h[?2026l[?2026h[?25l[A[1Gpulling manifest [K
pulling a8cc1361f314:  20% ▕███               ▏ 1.9 GB/9.3 GB  1.2 MB/s   1h44m[K[?25h[?2026l[?2026h[?25l[A[1Gpulling manifest [K
pulling a8cc1361f314:  20% ▕███               ▏ 1.9 GB/9.3 GB  1.2 MB/s   1h44m[K[?25h[?2026l[?2026h[?25l[A[1Gpulling manifest [K
pulling a8cc1361f314:  20% ▕███               ▏ 1.9 GB/9.3 GB  1.2 MB/s   1h44m[K[?25h[?2026l[?2026h[?25l[A[1Gpulling manifest [K
pulling a8cc1361f314:  20% ▕███               ▏ 1.9 GB/9.3 GB  1.2 MB/s   1h44m[K[?25h[?2026l[?2026h[?25l[A[1Gpulling manifest [K
pulling a8cc1361f314:  20% ▕███               ▏ 1.9 GB/9.3 GB  1.2 MB/s   1h44m[K[?25h[?2026l[?2026h[?25l[A[1Gpulling manifest [K
pulling a8cc1361f314:  20% ▕███               ▏ 1.9 GB/9.3 GB  1.2 MB/s   1h44m[K[?25h[?2026l[?2026h[?25l[A[1Gpulling manifest [K
pulling a8cc1361f314:  20% ▕███               ▏ 1.9 GB/9.3 GB  1.2 MB/s   1h44m[K[?25h[?2026l[?2026h[?25l[A[1Gpulling manifest [K
pulling a8cc1361f314:  20% ▕███               ▏ 1.9 GB/9.3 GB  1.2 MB/s   1h44m[K[?25h[?2026l[?2026h[?25l[A[1Gpulling manifest [K
pulling a8cc1361f314:  20% ▕███               ▏ 1.9 GB/9.3 GB  1.2 MB/s   1h44m[K[?25h[?2026l[?2026h[?25l[A[1Gpulling manifest [K
pulling a8cc1361f314:  20% ▕███               ▏ 1.9 GB/9.3 GB  1.2 MB/s   1h44m[K[?25h[?2026l[?2026h[?25l[A[1Gpulling manifest [K
pulling a8cc1361f314:  20% ▕███               ▏ 1.9 GB/9.3 GB  1.2 MB/s   1h44m[K[?25h[?2026l[?2026h[?25l[A[1Gpulling manifest [K
pulling a8cc1361f314:  20% ▕███               ▏ 1.9 GB/9.3 GB  1.2 MB/s   1h44m[K[?25h[?2026l[?2026h[?25l[A[1Gpulling manifest [K
pulling a8cc1361f314:  20% ▕███               ▏ 1.9 GB/9.3 GB  1.2 MB/s   1h44m[K[?25h[?2026l[?2026h[?25l[A[1Gpulling manifest [K
pulling a8cc1361f314:  20% ▕███               ▏ 1.9 GB/9.3 GB  1.2 MB/s   1h44m[K[?25h[?2026l[?2026h[?25l[A[1Gpulling manifest [K
pulling a8cc1361f314:  20% ▕███               ▏ 1.9 GB/9.3 GB  1.2 MB/s   1h44m[K[?25h[?2026l[?2026h[?25l[A[1Gpulling manifest [K
pulling a8cc1361f314:  20% ▕███               ▏ 1.9 GB/9.3 GB  1.2 MB/s   1h44m[K[?25h[?2026l[?2026h[?25l[A[1Gpulling manifest [K
pulling a8cc1361f314:  20% ▕███               ▏ 1.9 GB/9.3 GB  1.2 MB/s   1h44m[K[?25h[?2026l[?2026h[?25l[A[1Gpulling manifest [K
pulling a8cc1361f314:  20% ▕███               ▏ 1.9 GB/9.3 GB  1.2 MB/s   1h44m[K[?25h[?2026l[?2026h[?25l[A[1Gpulling manifest [K
pulling a8cc1361f314:  20% ▕███               ▏ 1.9 GB/9.3 GB  1.2 MB/s   1h44m[K[?25h[?2026l[?2026h[?25l[A[1Gpulling manifest [K
pulling a8cc1361f314:  20% ▕███               ▏ 1.9 GB/9.3 GB  1.2 MB/s   1h44m[K[?25h[?2026l[?2026h[?25l[A[1Gpulling manifest [K
pulling a8cc1361f314:  20% ▕███               ▏ 1.9 GB/9.3 GB  1.2 MB/s   1h39m[K[?25h[?2026l[?2026h[?25l[A[1Gpulling manifest [K
pulling a8cc1361f314:  20% ▕███               ▏ 1.9 GB/9.3 GB  1.2 MB/s   1h39m[K[?25h[?2026l[?2026h[?25l[A[1Gpulling manifest [K
pulling a8cc1361f314:  20% ▕███               ▏ 1.9 GB/9.3 GB  1.2 MB/s   1h39m[K[?25h[?2026l[?2026h[?25l[A[1Gpulling manifest [K
pulling a8cc1361f314:  20% ▕███               ▏ 1.9 GB/9.3 GB  1.2 MB/s   1h39m[K[?25h[?2026l[?2026h[?25l[A[1Gpulling manifest [K
pulling a8cc1361f314:  20% ▕███               ▏ 1.9 GB/9.3 GB  1.2 MB/s   1h39m[K[?25h[?2026l[?2026h[?25l[A[1Gpulling manifest [K
pulling a8cc1361f314:  20% ▕███               ▏ 1.9 GB/9.3 GB  1.2 MB/s   1h39m[K[?25h[?2026l[?2026h[?25l[A[1Gpulling manifest [K
pulling a8cc1361f314:  20% ▕███               ▏ 1.9 GB/9.3 GB  1.2 MB/s   1h39m[K[?25h[?2026l[?2026h[?25l[A[1Gpulling manifest [K
pulling a8cc1361f314:  20% ▕███               ▏ 1.9 GB/9.3 GB  1.2 MB/s   1h39m[K[?25h[?2026l[?2026h[?25l[A[1Gpulling manifest [K
pulling a8cc1361f314:  20% ▕███               ▏ 1.9 GB/9.3 GB  1.2 MB/s   1h39m[K[?25h[?2026l[?2026h[?25l[A[1Gpulling manifest [K
pulling a8cc1361f314:  20% ▕███               ▏ 1.9 GB/9.3 GB  1.2 MB/s   1h39m[K[?25h[?2026l[?2026h[?25l[A[1Gpulling manifest [K
pulling a8cc1361f314:  20% ▕███               ▏ 1.9 GB/9.3 GB  1.2 MB/s   1h38m[K[?25h[?2026l[?2026h[?25l[A[1Gpulling manifest [K
pulling a8cc1361f314:  20% ▕███               ▏ 1.9 GB/9.3 GB  1.2 MB/s   1h38m[K[?25h[?2026l[?2026h[?25l[A[1Gpulling manifest [K
pulling a8cc1361f314:  20% ▕███               ▏ 1.9 GB/9.3 GB  1.2 MB/s   1h38m[K[?25h[?2026l[?2026h[?25l[A[1Gpulling manifest [K
pulling a8cc1361f314:  20% ▕███               ▏ 1.9 GB/9.3 GB  1.2 MB/s   1h38m[K[?25h[?2026l[?2026h[?25l[A[1Gpulling manifest [K
pulling a8cc1361f314:  20% ▕███               ▏ 1.9 GB/9.3 GB  1.2 MB/s   1h38m[K[?25h[?2026l[?2026h[?25l[A[1Gpulling manifest [K
pulling a8cc1361f314:  20% ▕███               ▏ 1.9 GB/9.3 GB  1.2 MB/s   1h38m[K[?25h[?2026l[?2026h[?25l[A[1Gpulling manifest [K
pulling a8cc1361f314:  20% ▕███               ▏ 1.9 GB/9.3 GB  1.2 MB/s   1h38m[K[?25h[?2026l[?2026h[?25l[A[1Gpulling manifest [K
pulling a8cc1361f314:  20% ▕███               ▏ 1.9 GB/9.3 GB  1.2 MB/s   1h38m[K[?25h[?2026l[?2026h[?25l[A[1Gpulling manifest [K
pulling a8cc1361f314:  20% ▕███               ▏ 1.9 GB/9.3 GB  1.2 MB/s   1h38m[K[?25h[?2026l[?2026h[?25l[A[1Gpulling manifest [K
pulling a8cc1361f314:  20% ▕███               ▏ 1.9 GB/9.3 GB  1.2 MB/s   1h38m[K[?25h[?2026l[?2026h[?25l[A[1Gpulling manifest [K
pulling a8cc1361f314:  20% ▕███               ▏ 1.9 GB/9.3 GB  1.2 MB/s   1h39m[K[?25h[?2026l[?2026h[?25l[A[1Gpulling manifest [K
pulling a8cc1361f314:  20% ▕███               ▏ 1.9 GB/9.3 GB  1.2 MB/s   1h39m[K[?25h[?2026l[?2026h[?25l[A[1Gpulling manifest [K
pulling a8cc1361f314:  20% ▕███               ▏ 1.9 GB/9.3 GB  1.2 MB/s   1h39m[K[?25h[?2026l[?2026h[?25l[A[1Gpulling manifest [K
pulling a8cc1361f314:  20% ▕███               ▏ 1.9 GB/9.3 GB  1.2 MB/s   1h39m[K[?25h[?2026l[?2026h[?25l[A[1Gpulling manifest [K
pulling a8cc1361f314:  20% ▕███               ▏ 1.9 GB/9.3 GB  1.2 MB/s   1h39m[K[?25h[?2026l[?2026h[?25l[A[1Gpulling manifest [K
pulling a8cc1361f314:  20% ▕███               ▏ 1.9 GB/9.3 GB  1.2 MB/s   1h39m[K[?25h[?2026l[?2026h[?25l[A[1Gpulling manifest [K
pulling a8cc1361f314:  20% ▕███               ▏ 1.9 GB/9.3 GB  1.2 MB/s   1h39m[K[?25h[?2026l[?2026h[?25l[A[1Gpulling manifest [K
pulling a8cc1361f314:  20% ▕███               ▏ 1.9 GB/9.3 GB  1.2 MB/s   1h39m[K[?25h[?2026l[?2026h[?25l[A[1Gpulling manifest [K
pulling a8cc1361f314:  20% ▕███               ▏ 1.9 GB/9.3 GB  1.2 MB/s   1h39m[K[?25h[?2026l[?2026h[?25l[A[1Gpulling manifest [K
pulling a8cc1361f314:  20% ▕███               ▏ 1.9 GB/9.3 GB  1.2 MB/s   1h39m[K[?25h[?2026l[?2026h[?25l[A[1Gpulling manifest [K
pulling a8cc1361f314:  20% ▕███               ▏ 1.9 GB/9.3 GB  1.3 MB/s   1h37m[K[?25h[?2026l[?2026h[?25l[A[1Gpulling manifest [K
pulling a8cc1361f314:  20% ▕███               ▏ 1.9 GB/9.3 GB  1.3 MB/s   1h37m[K[?25h[?2026l[?2026h[?25l[A[1Gpulling manifest [K
pulling a8cc1361f314:  20% ▕███               ▏ 1.9 GB/9.3 GB  1.3 MB/s   1h37m[K[?25h[?2026l[?2026h[?25l[A[1Gpulling manifest [K
pulling a8cc1361f314:  20% ▕███               ▏ 1.9 GB/9.3 GB  1.3 MB/s   1h37m[K[?25h[?2026l[?2026h[?25l[A[1Gpulling manifest [K
pulling a8cc1361f314:  20% ▕███               ▏ 1.9 GB/9.3 GB  1.3 MB/s   1h37m[K[?25h[?2026l[?2026h[?25l[A[1Gpulling manifest [K
pulling a8cc1361f314:  20% ▕███               ▏ 1.9 GB/9.3 GB  1.3 MB/s   1h37m[K[?25h[?2026l[?2026h[?25l[A[1Gpulling manifest [K
pulling a8cc1361f314:  20% ▕███               ▏ 1.9 GB/9.3 GB  1.3 MB/s   1h37m[K[?25h[?2026l[?2026h[?25l[A[1Gpulling manifest [K
pulling a8cc1361f314:  20% ▕███               ▏ 1.9 GB/9.3 GB  1.3 MB/s   1h37m[K[?25h[?2026l[?2026h[?25l[A[1Gpulling manifest [K
pulling a8cc1361f314:  20% ▕███               ▏ 1.9 GB/9.3 GB  1.3 MB/s   1h37m[K[?25h[?2026l[?2026h[?25l[A[1Gpulling manifest [K
pulling a8cc1361f314:  20% ▕███               ▏ 1.9 GB/9.3 GB  1.3 MB/s   1h37m[K[?25h[?2026l[?2026h[?25l[A[1Gpulling manifest [K
pulling a8cc1361f314:  20% ▕███               ▏ 1.9 GB/9.3 GB  1.3 MB/s   1h37m[K[?25h[?2026l[?2026h[?25l[A[1Gpulling manifest [K
pulling a8cc1361f314:  20% ▕███               ▏ 1.9 GB/9.3 GB  1.4 MB/s   1h27m[K[?25h[?2026l[?2026h[?25l[A[1Gpulling manifest [K
pulling a8cc1361f314:  20% ▕███               ▏ 1.9 GB/9.3 GB  1.4 MB/s   1h27m[K[?25h[?2026l[?2026h[?25l[A[1Gpulling manifest [K
pulling a8cc1361f314:  20% ▕███               ▏ 1.9 GB/9.3 GB  1.4 MB/s   1h27m[K[?25h[?2026l[?2026h[?25l[A[1Gpulling manifest [K
pulling a8cc1361f314:  20% ▕███               ▏ 1.9 GB/9.3 GB  1.4 MB/s   1h27m[K[?25h[?2026l[?2026h[?25l[A[1Gpulling manifest [K
pulling a8cc1361f314:  20% ▕███               ▏ 1.9 GB/9.3 GB  1.4 MB/s   1h27m[K[?25h[?2026l[?2026h[?25l[A[1Gpulling manifest [K
pulling a8cc1361f314:  20% ▕███               ▏ 1.9 GB/9.3 GB  1.4 MB/s   1h27m[K[?25h[?2026l[?2026h[?25l[A[1Gpulling manifest [K
pulling a8cc1361f314:  20% ▕███               ▏ 1.9 GB/9.3 GB  1.4 MB/s   1h27m[K[?25h[?2026l[?2026h[?25l[A[1Gpulling manifest [K
pulling a8cc1361f314:  20% ▕███               ▏ 1.9 GB/9.3 GB  1.4 MB/s   1h27m[K[?25h[?2026l[?2026h[?25l[A[1Gpulling manifest [K
pulling a8cc1361f314:  20% ▕███               ▏ 1.9 GB/9.3 GB  1.4 MB/s   1h27m[K[?25h[?2026l[?2026h[?25l[A[1Gpulling manifest [K
pulling a8cc1361f314:  20% ▕███               ▏ 1.9 GB/9.3 GB  1.4 MB/s   1h27m[K[?25h[?2026l[?2026h[?25l[A[1Gpulling manifest [K
pulling a8cc1361f314:  20% ▕███               ▏ 1.9 GB/9.3 GB  1.5 MB/s   1h20m[K[?25h[?2026l[?2026h[?25l[A[1Gpulling manifest [K
pulling a8cc1361f314:  20% ▕███               ▏ 1.9 GB/9.3 GB  1.5 MB/s   1h20m[K[?25h[?2026l[?2026h[?25l[A[1Gpulling manifest [K
pulling a8cc1361f314:  20% ▕███               ▏ 1.9 GB/9.3 GB  1.5 MB/s   1h20m[K[?25h[?2026l[?2026h[?25l[A[1Gpulling manifest [K
pulling a8cc1361f314:  20% ▕███               ▏ 1.9 GB/9.3 GB  1.5 MB/s   1h20m[K[?25h[?2026l[?2026h[?25l[A[1Gpulling manifest [K
pulling a8cc1361f314:  20% ▕███               ▏ 1.9 GB/9.3 GB  1.5 MB/s   1h20m[K[?25h[?2026l[?2026h[?25l[A[1Gpulling manifest [K
pulling a8cc1361f314:  20% ▕███               ▏ 1.9 GB/9.3 GB  1.5 MB/s   1h20m[K[?25h[?2026l[?2026h[?25l[A[1Gpulling manifest [K
pulling a8cc1361f314:  20% ▕███               ▏ 1.9 GB/9.3 GB  1.5 MB/s   1h20m[K[?25h[?2026l[?2026h[?25l[A[1Gpulling manifest [K
pulling a8cc1361f314:  20% ▕███               ▏ 1.9 GB/9.3 GB  1.5 MB/s   1h20m[K[?25h[?2026l[?2026h[?25l[A[1Gpulling manifest [K
pulling a8cc1361f314:  20% ▕███               ▏ 1.9 GB/9.3 GB  1.5 MB/s   1h20m[K[?25h[?2026l[?2026h[?25l[A[1Gpulling manifest [K
pulling a8cc1361f314:  20% ▕███               ▏ 1.9 GB/9.3 GB  1.5 MB/s   1h20m[K[?25h[?2026l[?2026h[?25l[A[1Gpulling manifest [K
pulling a8cc1361f314:  20% ▕███               ▏ 1.9 GB/9.3 GB  1.5 MB/s   1h24m[K[?25h[?2026l[?2026h[?25l[A[1Gpulling manifest [K
pulling a8cc1361f314:  20% ▕███               ▏ 1.9 GB/9.3 GB  1.5 MB/s   1h24m[K[?25h[?2026l[?2026h[?25l[A[1Gpulling manifest [K
pulling a8cc1361f314:  20% ▕███               ▏ 1.9 GB/9.3 GB  1.5 MB/s   1h24m[K[?25h[?2026l[?2026h[?25l[A[1Gpulling manifest [K
pulling a8cc1361f314:  20% ▕███               ▏ 1.9 GB/9.3 GB  1.5 MB/s   1h24m[K[?25h[?2026l[?2026h[?25l[A[1Gpulling manifest [K
pulling a8cc1361f314:  20% ▕███               ▏ 1.9 GB/9.3 GB  1.5 MB/s   1h24m[K[?25h[?2026l[?2026h[?25l[A[1Gpulling manifest [K
pulling a8cc1361f314:  20% ▕███               ▏ 1.9 GB/9.3 GB  1.5 MB/s   1h24m[K[?25h[?2026l[?2026h[?25l[A[1Gpulling manifest [K
pulling a8cc1361f314:  20% ▕███               ▏ 1.9 GB/9.3 GB  1.5 MB/s   1h24m[K[?25h[?2026l[?2026h[?25l[A[1Gpulling manifest [K
pulling a8cc1361f314:  20% ▕███               ▏ 1.9 GB/9.3 GB  1.5 MB/s   1h24m[K[?25h[?2026l[?2026h[?25l[A[1Gpulling manifest [K
pulling a8cc1361f314:  20% ▕███               ▏ 1.9 GB/9.3 GB  1.5 MB/s   1h24m[K[?25h[?2026l[?2026h[?25l[A[1Gpulling manifest [K
pulling a8cc1361f314:  21% ▕███               ▏ 1.9 GB/9.3 GB  1.5 MB/s   1h24m[K[?25h[?2026l[?2026h[?25l[A[1Gpulling manifest [K
pulling a8cc1361f314:  21% ▕███               ▏ 1.9 GB/9.3 GB  1.5 MB/s   1h22m[K[?25h[?2026l[?2026h[?25l[A[1Gpulling manifest [K
pulling a8cc1361f314:  21% ▕███               ▏ 1.9 GB/9.3 GB  1.5 MB/s   1h22m[K[?25h[?2026l[?2026h[?25l[A[1Gpulling manifest [K
pulling a8cc1361f314:  21% ▕███               ▏ 1.9 GB/9.3 GB  1.5 MB/s   1h22m[K[?25h[?2026l[?2026h[?25l[A[1Gpulling manifest [K
pulling a8cc1361f314:  21% ▕███               ▏ 1.9 GB/9.3 GB  1.5 MB/s   1h22m[K[?25h[?2026l[?2026h[?25l[A[1Gpulling manifest [K
pulling a8cc1361f314:  21% ▕███               ▏ 1.9 GB/9.3 GB  1.5 MB/s   1h22m[K[?25h[?2026l[?2026h[?25l[A[1Gpulling manifest [K
pulling a8cc1361f314:  21% ▕███               ▏ 1.9 GB/9.3 GB  1.5 MB/s   1h22m[K[?25h[?2026l[?2026h[?25l[A[1Gpulling manifest [K
pulling a8cc1361f314:  21% ▕███               ▏ 1.9 GB/9.3 GB  1.5 MB/s   1h22m[K[?25h[?2026l[?2026h[?25l[A[1Gpulling manifest [K
pulling a8cc1361f314:  21% ▕███               ▏ 1.9 GB/9.3 GB  1.5 MB/s   1h22m[K[?25h[?2026l[?2026h[?25l[A[1Gpulling manifest [K
pulling a8cc1361f314:  21% ▕███               ▏ 1.9 GB/9.3 GB  1.5 MB/s   1h22m[K[?25h[?2026l[?2026h[?25l[A[1Gpulling manifest [K
pulling a8cc1361f314:  21% ▕███               ▏ 1.9 GB/9.3 GB  1.5 MB/s   1h22m[K[?25h[?2026l[?2026h[?25l[A[1Gpulling manifest [K
pulling a8cc1361f314:  21% ▕███               ▏ 1.9 GB/9.3 GB  1.5 MB/s   1h22m[K[?25h[?2026l[?2026h[?25l[A[1Gpulling manifest [K
pulling a8cc1361f314:  21% ▕███               ▏ 1.9 GB/9.3 GB  1.5 MB/s   1h22m[K[?25h[?2026l[?2026h[?25l[A[1Gpulling manifest [K
pulling a8cc1361f314:  21% ▕███               ▏ 1.9 GB/9.3 GB  1.5 MB/s   1h22m[K[?25h[?2026l[?2026h[?25l[A[1Gpulling manifest [K
pulling a8cc1361f314:  21% ▕███               ▏ 1.9 GB/9.3 GB  1.5 MB/s   1h22m[K[?25h[?2026l[?2026h[?25l[A[1Gpulling manifest [K
pulling a8cc1361f314:  21% ▕███               ▏ 1.9 GB/9.3 GB  1.5 MB/s   1h22m[K[?25h[?2026l[?2026h[?25l[A[1Gpulling manifest [K
pulling a8cc1361f314:  21% ▕███               ▏ 1.9 GB/9.3 GB  1.5 MB/s   1h21m[K[?25h[?2026l[?2026h[?25l[A[1Gpulling manifest [K
pulling a8cc1361f314:  21% ▕███               ▏ 1.9 GB/9.3 GB  1.5 MB/s   1h21m[K[?25h[?2026l[?2026h[?25l[A[1Gpulling manifest [K
pulling a8cc1361f314:  21% ▕███               ▏ 1.9 GB/9.3 GB  1.5 MB/s   1h21m[K[?25h[?2026l[?2026h[?25l[A[1Gpulling manifest [K
pulling a8cc1361f314:  21% ▕███               ▏ 1.9 GB/9.3 GB  1.5 MB/s   1h21m[K[?25h[?2026l[?2026h[?25l[A[1Gpulling manifest [K
pulling a8cc1361f314:  21% ▕███               ▏ 1.9 GB/9.3 GB  1.5 MB/s   1h21m[K[?25h[?2026l[?2026h[?25l[A[1Gpulling manifest [K
pulling a8cc1361f314:  21% ▕███               ▏ 1.9 GB/9.3 GB  1.5 MB/s   1h21m[K[?25h[?2026l[?2026h[?25l[A[1Gpulling manifest [K
pulling a8cc1361f314:  21% ▕███               ▏ 1.9 GB/9.3 GB  1.4 MB/s   1h25m[K[?25h[?2026l[?2026h[?25l[A[1Gpulling manifest [K
pulling a8cc1361f314:  21% ▕███               ▏ 1.9 GB/9.3 GB  1.4 MB/s   1h25m[K[?25h[?2026l[?2026h[?25l[A[1Gpulling manifest [K
pulling a8cc1361f314:  21% ▕███               ▏ 1.9 GB/9.3 GB  1.4 MB/s   1h25m[K[?25h[?2026l[?2026h[?25l[A[1Gpulling manifest [K
pulling a8cc1361f314:  21% ▕███               ▏ 1.9 GB/9.3 GB  1.4 MB/s   1h25m[K[?25h[?2026l[?2026h[?25l[A[1Gpulling manifest [K
pulling a8cc1361f314:  21% ▕███               ▏ 1.9 GB/9.3 GB  1.4 MB/s   1h25m[K[?25h[?2026l[?2026h[?25l[A[1Gpulling manifest [K
pulling a8cc1361f314:  21% ▕███               ▏ 1.9 GB/9.3 GB  1.4 MB/s   1h25m[K[?25h[?2026l[?2026h[?25l[A[1Gpulling manifest [K
pulling a8cc1361f314:  21% ▕███               ▏ 1.9 GB/9.3 GB  1.4 MB/s   1h25m[K[?25h[?2026l[?2026h[?25l[A[1Gpulling manifest [K
pulling a8cc1361f314:  21% ▕███               ▏ 1.9 GB/9.3 GB  1.4 MB/s   1h25m[K[?25h[?2026l[?2026h[?25l[A[1Gpulling manifest [K
pulling a8cc1361f314:  21% ▕███               ▏ 1.9 GB/9.3 GB  1.4 MB/s   1h25m[K[?25h[?2026l[?2026h[?25l[A[1Gpulling manifest [K
pulling a8cc1361f314:  21% ▕███               ▏ 1.9 GB/9.3 GB  1.4 MB/s   1h25m[K[?25h[?2026l[?2026h[?25l[A[1Gpulling manifest [K
pulling a8cc1361f314:  21% ▕███               ▏ 1.9 GB/9.3 GB  1.4 MB/s   1h26m[K[?25h[?2026l[?2026h[?25l[A[1Gpulling manifest [K
pulling a8cc1361f314:  21% ▕███               ▏ 1.9 GB/9.3 GB  1.4 MB/s   1h26m[K[?25h[?2026l[?2026h[?25l[A[1Gpulling manifest [K
pulling a8cc1361f314:  21% ▕███               ▏ 1.9 GB/9.3 GB  1.4 MB/s   1h26m[K[?25h[?2026l[?2026h[?25l[A[1Gpulling manifest [K
pulling a8cc1361f314:  21% ▕███               ▏ 1.9 GB/9.3 GB  1.4 MB/s   1h26m[K[?25h[?2026l[?2026h[?25l[A[1Gpulling manifest [K
pulling a8cc1361f314:  21% ▕███               ▏ 1.9 GB/9.3 GB  1.4 MB/s   1h26m[K[?25h[?2026l[?2026h[?25l[A[1Gpulling manifest [K
pulling a8cc1361f314:  21% ▕███               ▏ 1.9 GB/9.3 GB  1.4 MB/s   1h26m[K[?25h[?2026l[?2026h[?25l[A[1Gpulling manifest [K
pulling a8cc1361f314:  21% ▕███               ▏ 1.9 GB/9.3 GB  1.4 MB/s   1h26m[K[?25h[?2026l[?2026h[?25l[A[1Gpulling manifest [K
pulling a8cc1361f314:  21% ▕███               ▏ 1.9 GB/9.3 GB  1.4 MB/s   1h26m[K[?25h[?2026l[?2026h[?25l[A[1Gpulling manifest [K
pulling a8cc1361f314:  21% ▕███               ▏ 1.9 GB/9.3 GB  1.4 MB/s   1h26m[K[?25h[?2026l[?2026h[?25l[A[1Gpulling manifest [K
pulling a8cc1361f314:  21% ▕███               ▏ 1.9 GB/9.3 GB  1.4 MB/s   1h26m[K[?25h[?2026l[?2026h[?25l[A[1Gpulling manifest [K
pulling a8cc1361f314:  21% ▕███               ▏ 1.9 GB/9.3 GB  1.4 MB/s   1h25m[K[?25h[?2026l[?2026h[?25l[A[1Gpulling manifest [K
pulling a8cc1361f314:  21% ▕███               ▏ 1.9 GB/9.3 GB  1.4 MB/s   1h25m[K[?25h[?2026l[?2026h[?25l[A[1Gpulling manifest [K
pulling a8cc1361f314:  21% ▕███               ▏ 1.9 GB/9.3 GB  1.4 MB/s   1h25m[K[?25h[?2026l[?2026h[?25l[A[1Gpulling manifest [K
pulling a8cc1361f314:  21% ▕███               ▏ 1.9 GB/9.3 GB  1.4 MB/s   1h25m[K[?25h[?2026l[?2026h[?25l[A[1Gpulling manifest [K
pulling a8cc1361f314:  21% ▕███               ▏ 1.9 GB/9.3 GB  1.4 MB/s   1h25m[K[?25h[?2026l[?2026h[?25l[A[1Gpulling manifest [K
pulling a8cc1361f314:  21% ▕███               ▏ 1.9 GB/9.3 GB  1.4 MB/s   1h25m[K[?25h[?2026l[?2026h[?25l[A[1Gpulling manifest [K
pulling a8cc1361f314:  21% ▕███               ▏ 1.9 GB/9.3 GB  1.4 MB/s   1h25m[K[?25h[?2026l[?2026h[?25l[A[1Gpulling manifest [K
pulling a8cc1361f314:  21% ▕███               ▏ 1.9 GB/9.3 GB  1.4 MB/s   1h25m[K[?25h[?2026l[?2026h[?25l[A[1Gpulling manifest [K
pulling a8cc1361f314:  21% ▕███               ▏ 1.9 GB/9.3 GB  1.4 MB/s   1h25m[K[?25h[?2026l[?2026h[?25l[A[1Gpulling manifest [K
pulling a8cc1361f314:  21% ▕███               ▏ 1.9 GB/9.3 GB  1.4 MB/s   1h25m[K[?25h[?2026l[?2026h[?25l[A[1Gpulling manifest [K
pulling a8cc1361f314:  21% ▕███               ▏ 1.9 GB/9.3 GB  1.4 MB/s   1h26m[K[?25h[?2026l[?2026h[?25l[A[1Gpulling manifest [K
pulling a8cc1361f314:  21% ▕███               ▏ 1.9 GB/9.3 GB  1.4 MB/s   1h26m[K[?25h[?2026l[?2026h[?25l[A[1Gpulling manifest [K
pulling a8cc1361f314:  21% ▕███               ▏ 1.9 GB/9.3 GB  1.4 MB/s   1h26m[K[?25h[?2026l[?2026h[?25l[A[1Gpulling manifest [K
pulling a8cc1361f314:  21% ▕███               ▏ 1.9 GB/9.3 GB  1.4 MB/s   1h26m[K[?25h[?2026l[?2026h[?25l[A[1Gpulling manifest [K
pulling a8cc1361f314:  21% ▕███               ▏ 1.9 GB/9.3 GB  1.4 MB/s   1h26m[K[?25h[?2026l[?2026h[?25l[A[1Gpulling manifest [K
pulling a8cc1361f314:  21% ▕███               ▏ 1.9 GB/9.3 GB  1.4 MB/s   1h26m[K[?25h[?2026l[?2026h[?25l[A[1Gpulling manifest [K
pulling a8cc1361f314:  21% ▕███               ▏ 1.9 GB/9.3 GB  1.4 MB/s   1h26m[K[?25h[?2026l[?2026h[?25l[A[1Gpulling manifest [K
pulling a8cc1361f314:  21% ▕███               ▏ 1.9 GB/9.3 GB  1.4 MB/s   1h26m[K[?25h[?2026l[?2026h[?25l[A[1Gpulling manifest [K
pulling a8cc1361f314:  21% ▕███               ▏ 1.9 GB/9.3 GB  1.4 MB/s   1h26m[K[?25h[?2026l[?2026h[?25l[A[1Gpulling manifest [K
pulling a8cc1361f314:  21% ▕███               ▏ 1.9 GB/9.3 GB  1.4 MB/s   1h26m[K[?25h[?2026l[?2026h[?25l[A[1Gpulling manifest [K
pulling a8cc1361f314:  21% ▕███               ▏ 1.9 GB/9.3 GB  1.4 MB/s   1h29m[K[?25h[?2026l[?2026h[?25l[A[1Gpulling manifest [K
pulling a8cc1361f314:  21% ▕███               ▏ 1.9 GB/9.3 GB  1.4 MB/s   1h29m[K[?25h[?2026l[?2026h[?25l[A[1Gpulling manifest [K
pulling a8cc1361f314:  21% ▕███               ▏ 1.9 GB/9.3 GB  1.4 MB/s   1h29m[K[?25h[?2026l[?2026h[?25l[A[1Gpulling manifest [K
pulling a8cc1361f314:  21% ▕███               ▏ 1.9 GB/9.3 GB  1.4 MB/s   1h29m[K[?25h[?2026l[?2026h[?25l[A[1Gpulling manifest [K
pulling a8cc1361f314:  21% ▕███               ▏ 1.9 GB/9.3 GB  1.4 MB/s   1h29m[K[?25h[?2026l[?2026h[?25l[A[1Gpulling manifest [K
pulling a8cc1361f314:  21% ▕███               ▏ 1.9 GB/9.3 GB  1.4 MB/s   1h29m[K[?25h[?2026l[?2026h[?25l[A[1Gpulling manifest [K
pulling a8cc1361f314:  21% ▕███               ▏ 1.9 GB/9.3 GB  1.4 MB/s   1h29m[K[?25h[?2026l[?2026h[?25l[A[1Gpulling manifest [K
pulling a8cc1361f314:  21% ▕███               ▏ 1.9 GB/9.3 GB  1.4 MB/s   1h29m[K[?25h[?2026l[?2026h[?25l[A[1Gpulling manifest [K
pulling a8cc1361f314:  21% ▕███               ▏ 1.9 GB/9.3 GB  1.4 MB/s   1h29m[K[?25h[?2026l[?2026h[?25l[A[1Gpulling manifest [K
pulling a8cc1361f314:  21% ▕███               ▏ 1.9 GB/9.3 GB  1.4 MB/s   1h29m[K[?25h[?2026l[?2026h[?25l[A[1Gpulling manifest [K
pulling a8cc1361f314:  21% ▕███               ▏ 1.9 GB/9.3 GB  1.4 MB/s   1h29m[K[?25h[?2026l[?2026h[?25l[A[1Gpulling manifest [K
pulling a8cc1361f314:  21% ▕███               ▏ 1.9 GB/9.3 GB  1.3 MB/s   1h31m[K[?25h[?2026l[?2026h[?25l[A[1Gpulling manifest [K
pulling a8cc1361f314:  21% ▕███               ▏ 1.9 GB/9.3 GB  1.3 MB/s   1h31m[K[?25h[?2026l[?2026h[?25l[A[1Gpulling manifest [K
pulling a8cc1361f314:  21% ▕███               ▏ 1.9 GB/9.3 GB  1.3 MB/s   1h31m[K[?25h[?2026l[?2026h[?25l[A[1Gpulling manifest [K
pulling a8cc1361f314:  21% ▕███               ▏ 1.9 GB/9.3 GB  1.3 MB/s   1h31m[K[?25h[?2026l[?2026h[?25l[A[1Gpulling manifest [K
pulling a8cc1361f314:  21% ▕███               ▏ 1.9 GB/9.3 GB  1.3 MB/s   1h31m[K[?25h[?2026l[?2026h[?25l[A[1Gpulling manifest [K
pulling a8cc1361f314:  21% ▕███               ▏ 1.9 GB/9.3 GB  1.3 MB/s   1h31m[K[?25h[?2026l[?2026h[?25l[A[1Gpulling manifest [K
pulling a8cc1361f314:  21% ▕███               ▏ 1.9 GB/9.3 GB  1.3 MB/s   1h31m[K[?25h[?2026l[?2026h[?25l[A[1Gpulling manifest [K
pulling a8cc1361f314:  21% ▕███               ▏ 1.9 GB/9.3 GB  1.3 MB/s   1h31m[K[?25h[?2026l[?2026h[?25l[A[1Gpulling manifest [K
pulling a8cc1361f314:  21% ▕███               ▏ 1.9 GB/9.3 GB  1.3 MB/s   1h31m[K[?25h[?2026l[?2026h[?25l[A[1Gpulling manifest [K
pulling a8cc1361f314:  21% ▕███               ▏ 1.9 GB/9.3 GB  1.3 MB/s   1h31m[K[?25h[?2026l[?2026h[?25l[A[1Gpulling manifest [K
pulling a8cc1361f314:  21% ▕███               ▏ 1.9 GB/9.3 GB  1.3 MB/s   1h31m[K[?25h[?2026l[?2026h[?25l[A[1Gpulling manifest [K
pulling a8cc1361f314:  21% ▕███               ▏ 1.9 GB/9.3 GB  1.3 MB/s   1h31m[K[?25h[?2026l[?2026h[?25l[A[1Gpulling manifest [K
pulling a8cc1361f314:  21% ▕███               ▏ 1.9 GB/9.3 GB  1.3 MB/s   1h31m[K[?25h[?2026l[?2026h[?25l[A[1Gpulling manifest [K
pulling a8cc1361f314:  21% ▕███               ▏ 1.9 GB/9.3 GB  1.3 MB/s   1h31m[K[?25h[?2026l[?2026h[?25l[A[1Gpulling manifest [K
pulling a8cc1361f314:  21% ▕███               ▏ 1.9 GB/9.3 GB  1.3 MB/s   1h31m[K[?25h[?2026l[?2026h[?25l[A[1Gpulling manifest [K
pulling a8cc1361f314:  21% ▕███               ▏ 1.9 GB/9.3 GB  1.3 MB/s   1h31m[K[?25h[?2026l[?2026h[?25l[A[1Gpulling manifest [K
pulling a8cc1361f314:  21% ▕███               ▏ 1.9 GB/9.3 GB  1.3 MB/s   1h31m[K[?25h[?2026l[?2026h[?25l[A[1Gpulling manifest [K
pulling a8cc1361f314:  21% ▕███               ▏ 1.9 GB/9.3 GB  1.3 MB/s   1h31m[K[?25h[?2026l[?2026h[?25l[A[1Gpulling manifest [K
pulling a8cc1361f314:  21% ▕███               ▏ 1.9 GB/9.3 GB  1.3 MB/s   1h31m[K[?25h[?2026l[?2026h[?25l[A[1Gpulling manifest [K
pulling a8cc1361f314:  21% ▕███               ▏ 1.9 GB/9.3 GB  1.3 MB/s   1h31m[K[?25h[?2026l[?2026h[?25l[A[1Gpulling manifest [K
pulling a8cc1361f314:  21% ▕███               ▏ 1.9 GB/9.3 GB  1.3 MB/s   1h31m[K[?25h[?2026l[?2026h[?25l[A[1Gpulling manifest [K
pulling a8cc1361f314:  21% ▕███               ▏ 1.9 GB/9.3 GB  1.3 MB/s   1h31m[K[?25h[?2026l[?2026h[?25l[A[1Gpulling manifest [K
pulling a8cc1361f314:  21% ▕███               ▏ 1.9 GB/9.3 GB  1.3 MB/s   1h31m[K[?25h[?2026l[?2026h[?25l[A[1Gpulling manifest [K
pulling a8cc1361f314:  21% ▕███               ▏ 1.9 GB/9.3 GB  1.3 MB/s   1h31m[K[?25h[?2026l[?2026h[?25l[A[1Gpulling manifest [K
pulling a8cc1361f314:  21% ▕███               ▏ 1.9 GB/9.3 GB  1.3 MB/s   1h31m[K[?25h[?2026l[?2026h[?25l[A[1Gpulling manifest [K
pulling a8cc1361f314:  21% ▕███               ▏ 1.9 GB/9.3 GB  1.3 MB/s   1h31m[K[?25h[?2026l[?2026h[?25l[A[1Gpulling manifest [K
pulling a8cc1361f314:  21% ▕███               ▏ 1.9 GB/9.3 GB  1.3 MB/s   1h31m[K[?25h[?2026l[?2026h[?25l[A[1Gpulling manifest [K
pulling a8cc1361f314:  21% ▕███               ▏ 1.9 GB/9.3 GB  1.3 MB/s   1h31m[K[?25h[?2026l[?2026h[?25l[A[1Gpulling manifest [K
pulling a8cc1361f314:  21% ▕███               ▏ 1.9 GB/9.3 GB  1.3 MB/s   1h31m[K[?25h[?2026l[?2026h[?25l[A[1Gpulling manifest [K
pulling a8cc1361f314:  21% ▕███               ▏ 1.9 GB/9.3 GB  1.3 MB/s   1h31m[K[?25h[?2026l[?2026h[?25l[A[1Gpulling manifest [K
pulling a8cc1361f314:  21% ▕███               ▏ 1.9 GB/9.3 GB  1.3 MB/s   1h32m[K[?25h[?2026l[?2026h[?25l[A[1Gpulling manifest [K
pulling a8cc1361f314:  21% ▕███               ▏ 1.9 GB/9.3 GB  1.3 MB/s   1h32m[K[?25h[?2026l[?2026h[?25l[A[1Gpulling manifest [K
pulling a8cc1361f314:  21% ▕███               ▏ 1.9 GB/9.3 GB  1.3 MB/s   1h32m[K[?25h[?2026l[?2026h[?25l[A[1Gpulling manifest [K
pulling a8cc1361f314:  21% ▕███               ▏ 1.9 GB/9.3 GB  1.3 MB/s   1h32m[K[?25h[?2026l[?2026h[?25l[A[1Gpulling manifest [K
pulling a8cc1361f314:  21% ▕███               ▏ 1.9 GB/9.3 GB  1.3 MB/s   1h32m[K[?25h[?2026l[?2026h[?25l[A[1Gpulling manifest [K
pulling a8cc1361f314:  21% ▕███               ▏ 1.9 GB/9.3 GB  1.3 MB/s   1h32m[K[?25h[?2026l[?2026h[?25l[A[1Gpulling manifest [K
pulling a8cc1361f314:  21% ▕███               ▏ 1.9 GB/9.3 GB  1.3 MB/s   1h32m[K[?25h[?2026l[?2026h[?25l[A[1Gpulling manifest [K
pulling a8cc1361f314:  21% ▕███               ▏ 1.9 GB/9.3 GB  1.3 MB/s   1h32m[K[?25h[?2026l[?2026h[?25l[A[1Gpulling manifest [K
pulling a8cc1361f314:  21% ▕███               ▏ 1.9 GB/9.3 GB  1.3 MB/s   1h32m[K[?25h[?2026l[?2026h[?25l[A[1Gpulling manifest [K
pulling a8cc1361f314:  21% ▕███               ▏ 1.9 GB/9.3 GB  1.3 MB/s   1h32m[K[?25h[?2026l[?2026h[?25l[A[1Gpulling manifest [K
pulling a8cc1361f314:  21% ▕███               ▏ 1.9 GB/9.3 GB  1.3 MB/s   1h31m[K[?25h[?2026l[?2026h[?25l[A[1Gpulling manifest [K
pulling a8cc1361f314:  21% ▕███               ▏ 1.9 GB/9.3 GB  1.3 MB/s   1h31m[K[?25h[?2026l[?2026h[?25l[A[1Gpulling manifest [K
pulling a8cc1361f314:  21% ▕███               ▏ 1.9 GB/9.3 GB  1.3 MB/s   1h31m[K[?25h[?2026l[?2026h[?25l[A[1Gpulling manifest [K
pulling a8cc1361f314:  21% ▕███               ▏ 1.9 GB/9.3 GB  1.3 MB/s   1h31m[K[?25h[?2026l[?2026h[?25l[A[1Gpulling manifest [K
pulling a8cc1361f314:  21% ▕███               ▏ 1.9 GB/9.3 GB  1.3 MB/s   1h31m[K[?25h[?2026l[?2026h[?25l[A[1Gpulling manifest [K
pulling a8cc1361f314:  21% ▕███               ▏ 1.9 GB/9.3 GB  1.3 MB/s   1h31m[K[?25h[?2026l[?2026h[?25l[A[1Gpulling manifest [K
pulling a8cc1361f314:  21% ▕███               ▏ 1.9 GB/9.3 GB  1.3 MB/s   1h31m[K[?25h[?2026l[?2026h[?25l[A[1Gpulling manifest [K
pulling a8cc1361f314:  21% ▕███               ▏ 1.9 GB/9.3 GB  1.3 MB/s   1h31m[K[?25h[?2026l[?2026h[?25l[A[1Gpulling manifest [K
pulling a8cc1361f314:  21% ▕███               ▏ 1.9 GB/9.3 GB  1.3 MB/s   1h31m[K[?25h[?2026l[?2026h[?25l[A[1Gpulling manifest [K
pulling a8cc1361f314:  21% ▕███               ▏ 1.9 GB/9.3 GB  1.3 MB/s   1h31m[K[?25h[?2026l[?2026h[?25l[A[1Gpulling manifest [K
pulling a8cc1361f314:  21% ▕███               ▏ 1.9 GB/9.3 GB  1.3 MB/s   1h31m[K[?25h[?2026l[?2026h[?25l[A[1Gpulling manifest [K
pulling a8cc1361f314:  21% ▕███               ▏ 1.9 GB/9.3 GB  1.3 MB/s   1h31m[K[?25h[?2026l[?2026h[?25l[A[1Gpulling manifest [K
pulling a8cc1361f314:  21% ▕███               ▏ 1.9 GB/9.3 GB  1.3 MB/s   1h31m[K[?25h[?2026l[?2026h[?25l[A[1Gpulling manifest [K
pulling a8cc1361f314:  21% ▕███               ▏ 1.9 GB/9.3 GB  1.3 MB/s   1h31m[K[?25h[?2026l[?2026h[?25l[A[1Gpulling manifest [K
pulling a8cc1361f314:  21% ▕███               ▏ 1.9 GB/9.3 GB  1.3 MB/s   1h31m[K[?25h[?2026l[?2026h[?25l[A[1Gpulling manifest [K
pulling a8cc1361f314:  21% ▕███               ▏ 1.9 GB/9.3 GB  1.3 MB/s   1h31m[K[?25h[?2026l[?2026h[?25l[A[1Gpulling manifest [K
pulling a8cc1361f314:  21% ▕███               ▏ 1.9 GB/9.3 GB  1.3 MB/s   1h31m[K[?25h[?2026l[?2026h[?25l[A[1Gpulling manifest [K
pulling a8cc1361f314:  21% ▕███               ▏ 1.9 GB/9.3 GB  1.3 MB/s   1h31m[K[?25h[?2026l[?2026h[?25l[A[1Gpulling manifest [K
pulling a8cc1361f314:  21% ▕███               ▏ 1.9 GB/9.3 GB  1.3 MB/s   1h31m[K[?25h[?2026l[?2026h[?25l[A[1Gpulling manifest [K
pulling a8cc1361f314:  21% ▕███               ▏ 1.9 GB/9.3 GB  1.3 MB/s   1h31m[K[?25h[?2026l[?2026h[?25l[A[1Gpulling manifest [K
pulling a8cc1361f314:  21% ▕███               ▏ 1.9 GB/9.3 GB  1.3 MB/s   1h31m[K[?25h[?2026l[?2026h[?25l[A[1Gpulling manifest [K
pulling a8cc1361f314:  21% ▕███               ▏ 1.9 GB/9.3 GB  1.3 MB/s   1h32m[K[?25h[?2026l[?2026h[?25l[A[1Gpulling manifest [K
pulling a8cc1361f314:  21% ▕███               ▏ 1.9 GB/9.3 GB  1.3 MB/s   1h32m[K[?25h[?2026l[?2026h[?25l[A[1Gpulling manifest [K
pulling a8cc1361f314:  21% ▕███               ▏ 1.9 GB/9.3 GB  1.3 MB/s   1h32m[K[?25h[?2026l[?2026h[?25l[A[1Gpulling manifest [K
pulling a8cc1361f314:  21% ▕███               ▏ 1.9 GB/9.3 GB  1.3 MB/s   1h32m[K[?25h[?2026l[?2026h[?25l[A[1Gpulling manifest [K
pulling a8cc1361f314:  21% ▕███               ▏ 1.9 GB/9.3 GB  1.3 MB/s   1h32m[K[?25h[?2026l[?2026h[?25l[A[1Gpulling manifest [K
pulling a8cc1361f314:  21% ▕███               ▏ 1.9 GB/9.3 GB  1.3 MB/s   1h32m[K[?25h[?2026l[?2026h[?25l[A[1Gpulling manifest [K
pulling a8cc1361f314:  21% ▕███               ▏ 1.9 GB/9.3 GB  1.3 MB/s   1h32m[K[?25h[?2026l[?2026h[?25l[A[1Gpulling manifest [K
pulling a8cc1361f314:  21% ▕███               ▏ 1.9 GB/9.3 GB  1.3 MB/s   1h32m[K[?25h[?2026l[?2026h[?25l[A[1Gpulling manifest [K
pulling a8cc1361f314:  21% ▕███               ▏ 1.9 GB/9.3 GB  1.3 MB/s   1h32m[K[?25h[?2026l[?2026h[?25l[A[1Gpulling manifest [K
pulling a8cc1361f314:  21% ▕███               ▏ 1.9 GB/9.3 GB  1.3 MB/s   1h32m[K[?25h[?2026l[?2026h[?25l[A[1Gpulling manifest [K
pulling a8cc1361f314:  21% ▕███               ▏ 1.9 GB/9.3 GB  1.4 MB/s   1h26m[K[?25h[?2026l[?2026h[?25l[A[1Gpulling manifest [K
pulling a8cc1361f314:  21% ▕███               ▏ 1.9 GB/9.3 GB  1.4 MB/s   1h26m[K[?25h[?2026l[?2026h[?25l[A[1Gpulling manifest [K
pulling a8cc1361f314:  21% ▕███               ▏ 1.9 GB/9.3 GB  1.4 MB/s   1h26m[K[?25h[?2026l[?2026h[?25l[A[1Gpulling manifest [K
pulling a8cc1361f314:  21% ▕███               ▏ 1.9 GB/9.3 GB  1.4 MB/s   1h26m[K[?25h[?2026l[?2026h[?25l[A[1Gpulling manifest [K
pulling a8cc1361f314:  21% ▕███               ▏ 1.9 GB/9.3 GB  1.4 MB/s   1h26m[K[?25h[?2026l[?2026h[?25l[A[1Gpulling manifest [K
pulling a8cc1361f314:  21% ▕███               ▏ 1.9 GB/9.3 GB  1.4 MB/s   1h26m[K[?25h[?2026l[?2026h[?25l[A[1Gpulling manifest [K
pulling a8cc1361f314:  21% ▕███               ▏ 1.9 GB/9.3 GB  1.4 MB/s   1h26m[K[?25h[?2026l[?2026h[?25l[A[1Gpulling manifest [K
pulling a8cc1361f314:  21% ▕███               ▏ 1.9 GB/9.3 GB  1.4 MB/s   1h26m[K[?25h[?2026l[?2026h[?25l[A[1Gpulling manifest [K
pulling a8cc1361f314:  21% ▕███               ▏ 1.9 GB/9.3 GB  1.4 MB/s   1h26m[K[?25h[?2026l[?2026h[?25l[A[1Gpulling manifest [K
pulling a8cc1361f314:  21% ▕███               ▏ 1.9 GB/9.3 GB  1.4 MB/s   1h26m[K[?25h[?2026l[?2026h[?25l[A[1Gpulling manifest [K
pulling a8cc1361f314:  21% ▕███               ▏ 1.9 GB/9.3 GB  1.5 MB/s   1h22m[K[?25h[?2026l[?2026h[?25l[A[1Gpulling manifest [K
pulling a8cc1361f314:  21% ▕███               ▏ 1.9 GB/9.3 GB  1.5 MB/s   1h22m[K[?25h[?2026l[?2026h[?25l[A[1Gpulling manifest [K
pulling a8cc1361f314:  21% ▕███               ▏ 1.9 GB/9.3 GB  1.5 MB/s   1h22m[K[?25h[?2026l[?2026h[?25l[A[1Gpulling manifest [K
pulling a8cc1361f314:  21% ▕███               ▏ 1.9 GB/9.3 GB  1.5 MB/s   1h22m[K[?25h[?2026l[?2026h[?25l[A[1Gpulling manifest [K
pulling a8cc1361f314:  21% ▕███               ▏ 1.9 GB/9.3 GB  1.5 MB/s   1h22m[K[?25h[?2026l[?2026h[?25l[A[1Gpulling manifest [K
pulling a8cc1361f314:  21% ▕███               ▏ 1.9 GB/9.3 GB  1.5 MB/s   1h22m[K[?25h[?2026l[?2026h[?25l[A[1Gpulling manifest [K
pulling a8cc1361f314:  21% ▕███               ▏ 1.9 GB/9.3 GB  1.5 MB/s   1h22m[K[?25h[?2026l[?2026h[?25l[A[1Gpulling manifest [K
pulling a8cc1361f314:  21% ▕███               ▏ 1.9 GB/9.3 GB  1.5 MB/s   1h22m[K[?25h[?2026l[?2026h[?25l[A[1Gpulling manifest [K
pulling a8cc1361f314:  21% ▕███               ▏ 1.9 GB/9.3 GB  1.5 MB/s   1h22m[K[?25h[?2026l[?2026h[?25l[A[1Gpulling manifest [K
pulling a8cc1361f314:  21% ▕███               ▏ 1.9 GB/9.3 GB  1.5 MB/s   1h22m[K[?25h[?2026l[?2026h[?25l[A[1Gpulling manifest [K
pulling a8cc1361f314:  21% ▕███               ▏ 1.9 GB/9.3 GB  1.5 MB/s   1h22m[K[?25h[?2026l[?2026h[?25l[A[1Gpulling manifest [K
pulling a8cc1361f314:  21% ▕███               ▏ 1.9 GB/9.3 GB  1.5 MB/s   1h22m[K[?25h[?2026l[?2026h[?25l[A[1Gpulling manifest [K
pulling a8cc1361f314:  21% ▕███               ▏ 1.9 GB/9.3 GB  1.5 MB/s   1h22m[K[?25h[?2026l[?2026h[?25l[A[1Gpulling manifest [K
pulling a8cc1361f314:  21% ▕███               ▏ 1.9 GB/9.3 GB  1.5 MB/s   1h22m[K[?25h[?2026l[?2026h[?25l[A[1Gpulling manifest [K
pulling a8cc1361f314:  21% ▕███               ▏ 1.9 GB/9.3 GB  1.5 MB/s   1h22m[K[?25h[?2026l[?2026h[?25l[A[1Gpulling manifest [K
pulling a8cc1361f314:  21% ▕███               ▏ 1.9 GB/9.3 GB  1.5 MB/s   1h22m[K[?25h[?2026l[?2026h[?25l[A[1Gpulling manifest [K
pulling a8cc1361f314:  21% ▕███               ▏ 1.9 GB/9.3 GB  1.5 MB/s   1h22m[K[?25h[?2026l[?2026h[?25l[A[1Gpulling manifest [K
pulling a8cc1361f314:  21% ▕███               ▏ 1.9 GB/9.3 GB  1.5 MB/s   1h22m[K[?25h[?2026l[?2026h[?25l[A[1Gpulling manifest [K
pulling a8cc1361f314:  21% ▕███               ▏ 1.9 GB/9.3 GB  1.5 MB/s   1h22m[K[?25h[?2026l[?2026h[?25l[A[1Gpulling manifest [K
pulling a8cc1361f314:  21% ▕███               ▏ 1.9 GB/9.3 GB  1.5 MB/s   1h22m[K[?25h[?2026l[?2026h[?25l[A[1Gpulling manifest [K
pulling a8cc1361f314:  21% ▕███               ▏ 1.9 GB/9.3 GB  1.5 MB/s   1h22m[K[?25h[?2026l[?2026h[?25l[A[1Gpulling manifest [K
pulling a8cc1361f314:  21% ▕███               ▏ 1.9 GB/9.3 GB  1.5 MB/s   1h22m[K[?25h[?2026l[?2026h[?25l[A[1Gpulling manifest [K
pulling a8cc1361f314:  21% ▕███               ▏ 1.9 GB/9.3 GB  1.5 MB/s   1h22m[K[?25h[?2026l[?2026h[?25l[A[1Gpulling manifest [K
pulling a8cc1361f314:  21% ▕███               ▏ 1.9 GB/9.3 GB  1.5 MB/s   1h22m[K[?25h[?2026l[?2026h[?25l[A[1Gpulling manifest [K
pulling a8cc1361f314:  21% ▕███               ▏ 1.9 GB/9.3 GB  1.5 MB/s   1h22m[K[?25h[?2026l[?2026h[?25l[A[1Gpulling manifest [K
pulling a8cc1361f314:  21% ▕███               ▏ 1.9 GB/9.3 GB  1.5 MB/s   1h22m[K[?25h[?2026l[?2026h[?25l[A[1Gpulling manifest [K
pulling a8cc1361f314:  21% ▕███               ▏ 1.9 GB/9.3 GB  1.5 MB/s   1h22m[K[?25h[?2026l[?2026h[?25l[A[1Gpulling manifest [K
pulling a8cc1361f314:  21% ▕███               ▏ 1.9 GB/9.3 GB  1.5 MB/s   1h22m[K[?25h[?2026l[?2026h[?25l[A[1Gpulling manifest [K
pulling a8cc1361f314:  21% ▕███               ▏ 1.9 GB/9.3 GB  1.5 MB/s   1h22m[K[?25h[?2026l[?2026h[?25l[A[1Gpulling manifest [K
pulling a8cc1361f314:  21% ▕███               ▏ 1.9 GB/9.3 GB  1.5 MB/s   1h22m[K[?25h[?2026l[?2026h[?25l[A[1Gpulling manifest [K
pulling a8cc1361f314:  21% ▕███               ▏ 1.9 GB/9.3 GB  1.5 MB/s   1h22m[K[?25h[?2026l[?2026h[?25l[A[1Gpulling manifest [K
pulling a8cc1361f314:  21% ▕███               ▏ 1.9 GB/9.3 GB  1.5 MB/s   1h22m[K[?25h[?2026l[?2026h[?25l[A[1Gpulling manifest [K
pulling a8cc1361f314:  21% ▕███               ▏ 1.9 GB/9.3 GB  1.5 MB/s   1h22m[K[?25h[?2026l[?2026h[?25l[A[1Gpulling manifest [K
pulling a8cc1361f314:  21% ▕███               ▏ 1.9 GB/9.3 GB  1.5 MB/s   1h22m[K[?25h[?2026l[?2026h[?25l[A[1Gpulling manifest [K
pulling a8cc1361f314:  21% ▕███               ▏ 1.9 GB/9.3 GB  1.5 MB/s   1h22m[K[?25h[?2026l[?2026h[?25l[A[1Gpulling manifest [K
pulling a8cc1361f314:  21% ▕███               ▏ 1.9 GB/9.3 GB  1.5 MB/s   1h22m[K[?25h[?2026l[?2026h[?25l[A[1Gpulling manifest [K
pulling a8cc1361f314:  21% ▕███               ▏ 1.9 GB/9.3 GB  1.5 MB/s   1h22m[K[?25h[?2026l[?2026h[?25l[A[1Gpulling manifest [K
pulling a8cc1361f314:  21% ▕███               ▏ 1.9 GB/9.3 GB  1.5 MB/s   1h22m[K[?25h[?2026l[?2026h[?25l[A[1Gpulling manifest [K
pulling a8cc1361f314:  21% ▕███               ▏ 1.9 GB/9.3 GB  1.5 MB/s   1h22m[K[?25h[?2026l[?2026h[?25l[A[1Gpulling manifest [K
pulling a8cc1361f314:  21% ▕███               ▏ 1.9 GB/9.3 GB  1.5 MB/s   1h22m[K[?25h[?2026l[?2026h[?25l[A[1Gpulling manifest [K
pulling a8cc1361f314:  21% ▕███               ▏ 1.9 GB/9.3 GB  1.5 MB/s   1h22m[K[?25h[?2026l[?2026h[?25l[A[1Gpulling manifest [K
pulling a8cc1361f314:  21% ▕███               ▏ 1.9 GB/9.3 GB  1.5 MB/s   1h22m[K[?25h[?2026l[?2026h[?25l[A[1Gpulling manifest [K
pulling a8cc1361f314:  21% ▕███               ▏ 1.9 GB/9.3 GB  1.5 MB/s   1h22m[K[?25h[?2026l[?2026h[?25l[A[1Gpulling manifest [K
pulling a8cc1361f314:  21% ▕███               ▏ 1.9 GB/9.3 GB  1.5 MB/s   1h22m[K[?25h[?2026l[?2026h[?25l[A[1Gpulling manifest [K
pulling a8cc1361f314:  21% ▕███               ▏ 1.9 GB/9.3 GB  1.5 MB/s   1h22m[K[?25h[?2026l[?2026h[?25l[A[1Gpulling manifest [K
pulling a8cc1361f314:  21% ▕███               ▏ 1.9 GB/9.3 GB  1.5 MB/s   1h22m[K[?25h[?2026l[?2026h[?25l[A[1Gpulling manifest [K
pulling a8cc1361f314:  21% ▕███               ▏ 1.9 GB/9.3 GB  1.5 MB/s   1h22m[K[?25h[?2026l[?2026h[?25l[A[1Gpulling manifest [K
pulling a8cc1361f314:  21% ▕███               ▏ 1.9 GB/9.3 GB  1.5 MB/s   1h22m[K[?25h[?2026l[?2026h[?25l[A[1Gpulling manifest [K
pulling a8cc1361f314:  21% ▕███               ▏ 1.9 GB/9.3 GB  1.5 MB/s   1h22m[K[?25h[?2026l[?2026h[?25l[A[1Gpulling manifest [K
pulling a8cc1361f314:  21% ▕███               ▏ 1.9 GB/9.3 GB  1.5 MB/s   1h22m[K[?25h[?2026l[?2026h[?25l[A[1Gpulling manifest [K
pulling a8cc1361f314:  21% ▕███               ▏ 1.9 GB/9.3 GB  1.5 MB/s   1h22m[K[?25h[?2026l[?2026h[?25l[A[1Gpulling manifest [K
pulling a8cc1361f314:  21% ▕███               ▏ 1.9 GB/9.3 GB  1.5 MB/s   1h22m[K[?25h[?2026l[?2026h[?25l[A[1Gpulling manifest [K
pulling a8cc1361f314:  21% ▕███               ▏ 1.9 GB/9.3 GB  1.5 MB/s   1h22m[K[?25h[?2026l[?2026h[?25l[A[1Gpulling manifest [K
pulling a8cc1361f314:  21% ▕███               ▏ 1.9 GB/9.3 GB  1.5 MB/s   1h22m[K[?25h[?2026l[?2026h[?25l[A[1Gpulling manifest [K
pulling a8cc1361f314:  21% ▕███               ▏ 1.9 GB/9.3 GB  1.5 MB/s   1h22m[K[?25h[?2026l[?2026h[?25l[A[1Gpulling manifest [K
pulling a8cc1361f314:  21% ▕███               ▏ 1.9 GB/9.3 GB  1.5 MB/s   1h22m[K[?25h[?2026l[?2026h[?25l[A[1Gpulling manifest [K
pulling a8cc1361f314:  21% ▕███               ▏ 1.9 GB/9.3 GB  1.5 MB/s   1h22m[K[?25h[?2026l[?2026h[?25l[A[1Gpulling manifest [K
pulling a8cc1361f314:  21% ▕███               ▏ 1.9 GB/9.3 GB  1.5 MB/s   1h22m[K[?25h[?2026l[?2026h[?25l[A[1Gpulling manifest [K
pulling a8cc1361f314:  21% ▕███               ▏ 1.9 GB/9.3 GB  1.5 MB/s   1h22m[K[?25h[?2026l[?2026h[?25l[A[1Gpulling manifest [K
pulling a8cc1361f314:  21% ▕███               ▏ 1.9 GB/9.3 GB  1.5 MB/s   1h22m[K[?25h[?2026l[?2026h[?25l[A[1Gpulling manifest [K
pulling a8cc1361f314:  21% ▕███               ▏ 1.9 GB/9.3 GB  1.5 MB/s   1h22m[K[?25h[?2026l[?2026h[?25l[A[1Gpulling manifest [K
pulling a8cc1361f314:  21% ▕███               ▏ 1.9 GB/9.3 GB  1.5 MB/s   1h22m[K[?25h[?2026l[?2026h[?25l[A[1Gpulling manifest [K
pulling a8cc1361f314:  21% ▕███               ▏ 1.9 GB/9.3 GB  1.5 MB/s   1h22m[K[?25h[?2026l[?2026h[?25l[A[1Gpulling manifest [K
pulling a8cc1361f314:  21% ▕███               ▏ 1.9 GB/9.3 GB  1.5 MB/s   1h22m[K[?25h[?2026l[?2026h[?25l[A[1Gpulling manifest [K
pulling a8cc1361f314:  21% ▕███               ▏ 1.9 GB/9.3 GB  1.5 MB/s   1h22m[K[?25h[?2026l[?2026h[?25l[A[1Gpulling manifest [K
pulling a8cc1361f314:  21% ▕███               ▏ 1.9 GB/9.3 GB  1.5 MB/s   1h22m[K[?25h[?2026l[?2026h[?25l[A[1Gpulling manifest [K
pulling a8cc1361f314:  21% ▕███               ▏ 1.9 GB/9.3 GB  1.5 MB/s   1h22m[K[?25h[?2026l[?2026h[?25l[A[1Gpulling manifest [K
pulling a8cc1361f314:  21% ▕███               ▏ 1.9 GB/9.3 GB  1.5 MB/s   1h22m[K[?25h[?2026l[?2026h[?25l[A[1Gpulling manifest [K
pulling a8cc1361f314:  21% ▕███               ▏ 1.9 GB/9.3 GB  1.5 MB/s   1h22m[K[?25h[?2026l[?2026h[?25l[A[1Gpulling manifest [K
pulling a8cc1361f314:  21% ▕███               ▏ 1.9 GB/9.3 GB  1.5 MB/s   1h22m[K[?25h[?2026l[?2026h[?25l[A[1Gpulling manifest [K
pulling a8cc1361f314:  21% ▕███               ▏ 1.9 GB/9.3 GB  1.5 MB/s   1h22m[K[?25h[?2026l[?2026h[?25l[A[1Gpulling manifest [K
pulling a8cc1361f314:  21% ▕███               ▏ 1.9 GB/9.3 GB  1.5 MB/s   1h22m[K[?25h[?2026l[?2026h[?25l[A[1Gpulling manifest [K
pulling a8cc1361f314:  21% ▕███               ▏ 1.9 GB/9.3 GB  1.5 MB/s   1h22m[K[?25h[?2026l[?2026h[?25l[A[1Gpulling manifest [K
pulling a8cc1361f314:  21% ▕███               ▏ 1.9 GB/9.3 GB  1.5 MB/s   1h22m[K[?25h[?2026l[?2026h[?25l[A[1Gpulling manifest [K
pulling a8cc1361f314:  21% ▕███               ▏ 1.9 GB/9.3 GB  1.5 MB/s   1h22m[K[?25h[?2026l[?2026h[?25l[A[1Gpulling manifest [K
pulling a8cc1361f314:  21% ▕███               ▏ 1.9 GB/9.3 GB  1.5 MB/s   1h22m[K[?25h[?2026l[?2026h[?25l[A[1Gpulling manifest [K
pulling a8cc1361f314:  21% ▕███               ▏ 1.9 GB/9.3 GB  1.5 MB/s   1h22m[K[?25h[?2026l[?2026h[?25l[A[1Gpulling manifest [K
pulling a8cc1361f314:  21% ▕███               ▏ 1.9 GB/9.3 GB  1.5 MB/s   1h22m[K[?25h[?2026l[?2026h[?25l[A[1Gpulling manifest [K
pulling a8cc1361f314:  21% ▕███               ▏ 1.9 GB/9.3 GB  1.5 MB/s   1h22m[K[?25h[?2026l[?2026h[?25l[A[1Gpulling manifest [K
pulling a8cc1361f314:  21% ▕███               ▏ 1.9 GB/9.3 GB  1.5 MB/s   1h22m[K[?25h[?2026l[?2026h[?25l[A[1Gpulling manifest [K
pulling a8cc1361f314:  21% ▕███               ▏ 1.9 GB/9.3 GB  1.5 MB/s   1h22m[K[?25h[?2026l[?2026h[?25l[A[1Gpulling manifest [K
pulling a8cc1361f314:  21% ▕███               ▏ 1.9 GB/9.3 GB  1.5 MB/s   1h22m[K[?25h[?2026l[?2026h[?25l[A[1Gpulling manifest [K
pulling a8cc1361f314:  21% ▕███               ▏ 1.9 GB/9.3 GB  1.4 MB/s   1h27m[K[?25h[?2026l[?2026h[?25l[A[1Gpulling manifest [K
pulling a8cc1361f314:  21% ▕███               ▏ 1.9 GB/9.3 GB  1.4 MB/s   1h27m[K[?25h[?2026l[?2026h[?25l[A[1Gpulling manifest [K
pulling a8cc1361f314:  21% ▕███               ▏ 1.9 GB/9.3 GB  1.4 MB/s   1h27m[K[?25h[?2026l[?2026h[?25l[A[1Gpulling manifest [K
pulling a8cc1361f314:  21% ▕███               ▏ 1.9 GB/9.3 GB  1.4 MB/s   1h27m[K[?25h[?2026l[?2026h[?25l[A[1Gpulling manifest [K
pulling a8cc1361f314:  21% ▕███               ▏ 1.9 GB/9.3 GB  1.4 MB/s   1h27m[K[?25h[?2026l[?2026h[?25l[A[1Gpulling manifest [K
pulling a8cc1361f314:  21% ▕███               ▏ 1.9 GB/9.3 GB  1.4 MB/s   1h27m[K[?25h[?2026l[?2026h[?25l[A[1Gpulling manifest [K
pulling a8cc1361f314:  21% ▕███               ▏ 1.9 GB/9.3 GB  1.4 MB/s   1h27m[K[?25h[?2026l[?2026h[?25l[A[1Gpulling manifest [K
pulling a8cc1361f314:  21% ▕███               ▏ 1.9 GB/9.3 GB  1.4 MB/s   1h27m[K[?25h[?2026l[?2026h[?25l[A[1Gpulling manifest [K
pulling a8cc1361f314:  21% ▕███               ▏ 1.9 GB/9.3 GB  1.4 MB/s   1h27m[K[?25h[?2026l[?2026h[?25l[A[1Gpulling manifest [K
pulling a8cc1361f314:  21% ▕███               ▏ 1.9 GB/9.3 GB  1.4 MB/s   1h27m[K[?25h[?2026l[?2026h[?25l[A[1Gpulling manifest [K
pulling a8cc1361f314:  21% ▕███               ▏ 1.9 GB/9.3 GB  1.3 MB/s   1h31m[K[?25h[?2026l[?2026h[?25l[A[1Gpulling manifest [K
pulling a8cc1361f314:  21% ▕███               ▏ 1.9 GB/9.3 GB  1.3 MB/s   1h31m[K[?25h[?2026l[?2026h[?25l[A[1Gpulling manifest [K
pulling a8cc1361f314:  21% ▕███               ▏ 1.9 GB/9.3 GB  1.3 MB/s   1h31m[K[?25h[?2026l[?2026h[?25l[A[1Gpulling manifest [K
pulling a8cc1361f314:  21% ▕███               ▏ 1.9 GB/9.3 GB  1.3 MB/s   1h31m[K[?25h[?2026l[?2026h[?25l[A[1Gpulling manifest [K
pulling a8cc1361f314:  21% ▕███               ▏ 1.9 GB/9.3 GB  1.3 MB/s   1h31m[K[?25h[?2026l[?2026h[?25l[A[1Gpulling manifest [K
pulling a8cc1361f314:  21% ▕███               ▏ 1.9 GB/9.3 GB  1.3 MB/s   1h31m[K[?25h[?2026l[?2026h[?25l[A[1Gpulling manifest [K
pulling a8cc1361f314:  21% ▕███               ▏ 1.9 GB/9.3 GB  1.3 MB/s   1h31m[K[?25h[?2026l[?2026h[?25l[A[1Gpulling manifest [K
pulling a8cc1361f314:  21% ▕███               ▏ 1.9 GB/9.3 GB  1.3 MB/s   1h31m[K[?25h[?2026l[?2026h[?25l[A[1Gpulling manifest [K
pulling a8cc1361f314:  21% ▕███               ▏ 1.9 GB/9.3 GB  1.3 MB/s   1h31m[K[?25h[?2026l[?2026h[?25l[A[1Gpulling manifest [K
pulling a8cc1361f314:  21% ▕███               ▏ 1.9 GB/9.3 GB  1.3 MB/s   1h31m[K[?25h[?2026l[?2026h[?25l[A[1Gpulling manifest [K
pulling a8cc1361f314:  21% ▕███               ▏ 1.9 GB/9.3 GB  1.3 MB/s   1h31m[K[?25h[?2026l[?2026h[?25l[A[1Gpulling manifest [K
pulling a8cc1361f314:  21% ▕███               ▏ 1.9 GB/9.3 GB  1.3 MB/s   1h31m[K[?25h[?2026l[?2026h[?25l[A[1Gpulling manifest [K
pulling a8cc1361f314:  21% ▕███               ▏ 1.9 GB/9.3 GB  1.3 MB/s   1h31m[K[?25h[?2026l[?2026h[?25l[A[1Gpulling manifest [K
pulling a8cc1361f314:  21% ▕███               ▏ 1.9 GB/9.3 GB  1.3 MB/s   1h31m[K[?25h[?2026l[?2026h[?25l[A[1Gpulling manifest [K
pulling a8cc1361f314:  21% ▕███               ▏ 1.9 GB/9.3 GB  1.3 MB/s   1h31m[K[?25h[?2026l[?2026h[?25l[A[1Gpulling manifest [K
pulling a8cc1361f314:  21% ▕███               ▏ 1.9 GB/9.3 GB  1.3 MB/s   1h31m[K[?25h[?2026l[?2026h[?25l[A[1Gpulling manifest [K
pulling a8cc1361f314:  21% ▕███               ▏ 1.9 GB/9.3 GB  1.3 MB/s   1h31m[K[?25h[?2026l[?2026h[?25l[A[1Gpulling manifest [K
pulling a8cc1361f314:  21% ▕███               ▏ 1.9 GB/9.3 GB  1.3 MB/s   1h31m[K[?25h[?2026l[?2026h[?25l[A[1Gpulling manifest [K
pulling a8cc1361f314:  21% ▕███               ▏ 1.9 GB/9.3 GB  1.3 MB/s   1h31m[K[?25h[?2026l[?2026h[?25l[A[1Gpulling manifest [K
pulling a8cc1361f314:  21% ▕███               ▏ 1.9 GB/9.3 GB  1.3 MB/s   1h31m[K[?25h[?2026l[?2026h[?25l[A[1Gpulling manifest [K
pulling a8cc1361f314:  21% ▕███               ▏ 1.9 GB/9.3 GB  1.3 MB/s   1h31m[K[?25h[?2026l[?2026h[?25l[A[1Gpulling manifest [K
pulling a8cc1361f314:  21% ▕███               ▏ 1.9 GB/9.3 GB  1.3 MB/s   1h31m[K[?25h[?2026l[?2026h[?25l[A[1Gpulling manifest [K
pulling a8cc1361f314:  21% ▕███               ▏ 1.9 GB/9.3 GB  1.3 MB/s   1h31m[K[?25h[?2026l[?2026h[?25l[A[1Gpulling manifest [K
pulling a8cc1361f314:  21% ▕███               ▏ 1.9 GB/9.3 GB  1.3 MB/s   1h31m[K[?25h[?2026l[?2026h[?25l[A[1Gpulling manifest [K
pulling a8cc1361f314:  21% ▕███               ▏ 1.9 GB/9.3 GB  1.3 MB/s   1h31m[K[?25h[?2026l[?2026h[?25l[A[1Gpulling manifest [K
pulling a8cc1361f314:  21% ▕███               ▏ 1.9 GB/9.3 GB  1.3 MB/s   1h31m[K[?25h[?2026l[?2026h[?25l[A[1Gpulling manifest [K
pulling a8cc1361f314:  21% ▕███               ▏ 1.9 GB/9.3 GB  1.3 MB/s   1h31m[K[?25h[?2026l[?2026h[?25l[A[1Gpulling manifest [K
pulling a8cc1361f314:  21% ▕███               ▏ 1.9 GB/9.3 GB  1.3 MB/s   1h31m[K[?25h[?2026l[?2026h[?25l[A[1Gpulling manifest [K
pulling a8cc1361f314:  21% ▕███               ▏ 1.9 GB/9.3 GB  1.3 MB/s   1h31m[K[?25h[?2026l[?2026h[?25l[A[1Gpulling manifest [K
pulling a8cc1361f314:  21% ▕███               ▏ 1.9 GB/9.3 GB  1.3 MB/s   1h31m[K[?25h[?2026l[?2026h[?25l[A[1Gpulling manifest [K
pulling a8cc1361f314:  21% ▕███               ▏ 1.9 GB/9.3 GB  1.3 MB/s   1h31m[K[?25h[?2026l[?2026h[?25l[A[1Gpulling manifest [K
pulling a8cc1361f314:  21% ▕███               ▏ 1.9 GB/9.3 GB  1.2 MB/s   1h42m[K[?25h[?2026l[?2026h[?25l[A[1Gpulling manifest [K
pulling a8cc1361f314:  21% ▕███               ▏ 1.9 GB/9.3 GB  1.2 MB/s   1h42m[K[?25h[?2026l[?2026h[?25l[A[1Gpulling manifest [K
pulling a8cc1361f314:  21% ▕███               ▏ 1.9 GB/9.3 GB  1.2 MB/s   1h42m[K[?25h[?2026l[?2026h[?25l[A[1Gpulling manifest [K
pulling a8cc1361f314:  21% ▕███               ▏ 1.9 GB/9.3 GB  1.2 MB/s   1h42m[K[?25h[?2026l[?2026h[?25l[A[1Gpulling manifest [K
pulling a8cc1361f314:  21% ▕███               ▏ 1.9 GB/9.3 GB  1.2 MB/s   1h42m[K[?25h[?2026l[?2026h[?25l[A[1Gpulling manifest [K
pulling a8cc1361f314:  21% ▕███               ▏ 1.9 GB/9.3 GB  1.2 MB/s   1h42m[K[?25h[?2026l[?2026h[?25l[A[1Gpulling manifest [K
pulling a8cc1361f314:  21% ▕███               ▏ 1.9 GB/9.3 GB  1.2 MB/s   1h42m[K[?25h[?2026l[?2026h[?25l[A[1Gpulling manifest [K
pulling a8cc1361f314:  21% ▕███               ▏ 1.9 GB/9.3 GB  1.2 MB/s   1h42m[K[?25h[?2026l[?2026h[?25l[A[1Gpulling manifest [K
pulling a8cc1361f314:  21% ▕███               ▏ 1.9 GB/9.3 GB  1.2 MB/s   1h42m[K[?25h[?2026l[?2026h[?25l[A[1Gpulling manifest [K
pulling a8cc1361f314:  21% ▕███               ▏ 1.9 GB/9.3 GB  1.2 MB/s   1h42m[K[?25h[?2026l[?2026h[?25l[A[1Gpulling manifest [K
pulling a8cc1361f314:  21% ▕███               ▏ 1.9 GB/9.3 GB  1.1 MB/s   1h56m[K[?25h[?2026l[?2026h[?25l[A[1Gpulling manifest [K
pulling a8cc1361f314:  21% ▕███               ▏ 1.9 GB/9.3 GB  1.1 MB/s   1h56m[K[?25h[?2026l[?2026h[?25l[A[1Gpulling manifest [K
pulling a8cc1361f314:  21% ▕███               ▏ 1.9 GB/9.3 GB  1.1 MB/s   1h56m[K[?25h[?2026l[?2026h[?25l[A[1Gpulling manifest [K
pulling a8cc1361f314:  21% ▕███               ▏ 1.9 GB/9.3 GB  1.1 MB/s   1h56m[K[?25h[?2026l[?2026h[?25l[A[1Gpulling manifest [K
pulling a8cc1361f314:  21% ▕███               ▏ 1.9 GB/9.3 GB  1.1 MB/s   1h56m[K[?25h[?2026l[?2026h[?25l[A[1Gpulling manifest [K
pulling a8cc1361f314:  21% ▕███               ▏ 1.9 GB/9.3 GB  1.1 MB/s   1h56m[K[?25h[?2026l[?2026h[?25l[A[1Gpulling manifest [K
pulling a8cc1361f314:  21% ▕███               ▏ 1.9 GB/9.3 GB  1.1 MB/s   1h56m[K[?25h[?2026l[?2026h[?25l[A[1Gpulling manifest [K
pulling a8cc1361f314:  21% ▕███               ▏ 1.9 GB/9.3 GB  1.1 MB/s   1h56m[K[?25h[?2026l[?2026h[?25l[A[1Gpulling manifest [K
pulling a8cc1361f314:  21% ▕███               ▏ 1.9 GB/9.3 GB  1.1 MB/s   1h56m[K[?25h[?2026l[?2026h[?25l[A[1Gpulling manifest [K
pulling a8cc1361f314:  21% ▕███               ▏ 1.9 GB/9.3 GB  1.1 MB/s   1h56m[K[?25h[?2026l[?2026h[?25l[A[1Gpulling manifest [K
pulling a8cc1361f314:  21% ▕███               ▏ 1.9 GB/9.3 GB  900 KB/s   2h15m[K[?25h[?2026l[?2026h[?25l[A[1Gpulling manifest [K
pulling a8cc1361f314:  21% ▕███               ▏ 1.9 GB/9.3 GB  900 KB/s   2h15m[K[?25h[?2026l[?2026h[?25l[A[1Gpulling manifest [K
pulling a8cc1361f314:  21% ▕███               ▏ 1.9 GB/9.3 GB  900 KB/s   2h15m[K[?25h[?2026l[?2026h[?25l[A[1Gpulling manifest [K
pulling a8cc1361f314:  21% ▕███               ▏ 1.9 GB/9.3 GB  900 KB/s   2h15m[K[?25h[?2026l[?2026h[?25l[A[1Gpulling manifest [K
pulling a8cc1361f314:  21% ▕███               ▏ 1.9 GB/9.3 GB  900 KB/s   2h15m[K[?25h[?2026l[?2026h[?25l[A[1Gpulling manifest [K
pulling a8cc1361f314:  21% ▕███               ▏ 1.9 GB/9.3 GB  900 KB/s   2h15m[K[?25h[?2026l[?2026h[?25l[A[1Gpulling manifest [K
pulling a8cc1361f314:  21% ▕███               ▏ 1.9 GB/9.3 GB  900 KB/s   2h15m[K[?25h[?2026l[?2026h[?25l[A[1Gpulling manifest [K
pulling a8cc1361f314:  21% ▕███               ▏ 1.9 GB/9.3 GB  900 KB/s   2h15m[K[?25h[?2026l[?2026h[?25l[A[1Gpulling manifest [K
pulling a8cc1361f314:  21% ▕███               ▏ 1.9 GB/9.3 GB  900 KB/s   2h15m[K[?25h[?2026l[?2026h[?25l[A[1Gpulling manifest [K
pulling a8cc1361f314:  21% ▕███               ▏ 1.9 GB/9.3 GB  900 KB/s   2h15m[K[?25h[?2026l[?2026h[?25l[A[1Gpulling manifest [K
pulling a8cc1361f314:  21% ▕███               ▏ 1.9 GB/9.3 GB  753 KB/s   2h42m[K[?25h[?2026l[?2026h[?25l[A[1Gpulling manifest [K
pulling a8cc1361f314:  21% ▕███               ▏ 1.9 GB/9.3 GB  753 KB/s   2h42m[K[?25h[?2026l[?2026h[?25l[A[1Gpulling manifest [K
pulling a8cc1361f314:  21% ▕███               ▏ 1.9 GB/9.3 GB  753 KB/s   2h42m[K[?25h[?2026l[?2026h[?25l[A[1Gpulling manifest [K
pulling a8cc1361f314:  21% ▕███               ▏ 1.9 GB/9.3 GB  753 KB/s   2h42m[K[?25h[?2026l[?2026h[?25l[A[1Gpulling manifest [K
pulling a8cc1361f314:  21% ▕███               ▏ 1.9 GB/9.3 GB  753 KB/s   2h42m[K[?25h[?2026l[?2026h[?25l[A[1Gpulling manifest [K
pulling a8cc1361f314:  21% ▕███               ▏ 1.9 GB/9.3 GB  753 KB/s   2h42m[K[?25h[?2026l[?2026h[?25l[A[1Gpulling manifest [K
pulling a8cc1361f314:  21% ▕███               ▏ 1.9 GB/9.3 GB  753 KB/s   2h42m[K[?25h[?2026l[?2026h[?25l[A[1Gpulling manifest [K
pulling a8cc1361f314:  21% ▕███               ▏ 1.9 GB/9.3 GB  753 KB/s   2h42m[K[?25h[?2026l[?2026h[?25l[A[1Gpulling manifest [K
pulling a8cc1361f314:  21% ▕███               ▏ 1.9 GB/9.3 GB  753 KB/s   2h42m[K[?25h[?2026l[?2026h[?25l[A[1Gpulling manifest [K
pulling a8cc1361f314:  21% ▕███               ▏ 1.9 GB/9.3 GB  753 KB/s   2h42m[K[?25h[?2026l[?2026h[?25l[A[1Gpulling manifest [K
pulling a8cc1361f314:  21% ▕███               ▏ 1.9 GB/9.3 GB  606 KB/s   3h21m[K[?25h[?2026l[?2026h[?25l[A[1Gpulling manifest [K
pulling a8cc1361f314:  21% ▕███               ▏ 1.9 GB/9.3 GB  606 KB/s   3h21m[K[?25h[?2026l[?2026h[?25l[A[1Gpulling manifest [K
pulling a8cc1361f314:  21% ▕███               ▏ 1.9 GB/9.3 GB  606 KB/s   3h21m[K[?25h[?2026l[?2026h[?25l[A[1Gpulling manifest [K
pulling a8cc1361f314:  21% ▕███               ▏ 1.9 GB/9.3 GB  606 KB/s   3h21m[K[?25h[?2026l[?2026h[?25l[A[1Gpulling manifest [K
pulling a8cc1361f314:  21% ▕███               ▏ 1.9 GB/9.3 GB  606 KB/s   3h21m[K[?25h[?2026l[?2026h[?25l[A[1Gpulling manifest [K
pulling a8cc1361f314:  21% ▕███               ▏ 1.9 GB/9.3 GB  606 KB/s   3h21m[K[?25h[?2026l[?2026h[?25l[A[1Gpulling manifest [K
pulling a8cc1361f314:  21% ▕███               ▏ 1.9 GB/9.3 GB  606 KB/s   3h21m[K[?25h[?2026l[?2026h[?25l[A[1Gpulling manifest [K
pulling a8cc1361f314:  21% ▕███               ▏ 1.9 GB/9.3 GB  606 KB/s   3h21m[K[?25h[?2026l[?2026h[?25l[A[1Gpulling manifest [K
pulling a8cc1361f314:  21% ▕███               ▏ 1.9 GB/9.3 GB  606 KB/s   3h21m[K[?25h[?2026l[?2026h[?25l[A[1Gpulling manifest [K
pulling a8cc1361f314:  21% ▕███               ▏ 1.9 GB/9.3 GB  606 KB/s   3h21m[K[?25h[?2026l[?2026h[?25l[A[1Gpulling manifest [K
pulling a8cc1361f314:  21% ▕███               ▏ 1.9 GB/9.3 GB  606 KB/s   3h21m[K[?25h[?2026l[?2026h[?25l[A[1Gpulling manifest [K
pulling a8cc1361f314:  21% ▕███               ▏ 1.9 GB/9.3 GB  455 KB/s   4h28m[K[?25h[?2026l[?2026h[?25l[A[1Gpulling manifest [K
pulling a8cc1361f314:  21% ▕███               ▏ 1.9 GB/9.3 GB  455 KB/s   4h28m[K[?25h[?2026l[?2026h[?25l[A[1Gpulling manifest [K
pulling a8cc1361f314:  21% ▕███               ▏ 1.9 GB/9.3 GB  455 KB/s   4h28m[K[?25h[?2026l[?2026h[?25l[A[1Gpulling manifest [K
pulling a8cc1361f314:  21% ▕███               ▏ 1.9 GB/9.3 GB  455 KB/s   4h28m[K[?25h[?2026l[?2026h[?25l[A[1Gpulling manifest [K
pulling a8cc1361f314:  21% ▕███               ▏ 1.9 GB/9.3 GB  455 KB/s   4h28m[K[?25h[?2026l[?2026h[?25l[A[1Gpulling manifest [K
pulling a8cc1361f314:  21% ▕███               ▏ 1.9 GB/9.3 GB  455 KB/s   4h28m[K[?25h[?2026l[?2026h[?25l[A[1Gpulling manifest [K
pulling a8cc1361f314:  21% ▕███               ▏ 1.9 GB/9.3 GB  455 KB/s   4h28m[K[?25h[?2026l[?2026h[?25l[A[1Gpulling manifest [K
pulling a8cc1361f314:  21% ▕███               ▏ 1.9 GB/9.3 GB  455 KB/s   4h28m[K[?25h[?2026l[?2026h[?25l[A[1Gpulling manifest [K
pulling a8cc1361f314:  21% ▕███               ▏ 1.9 GB/9.3 GB  455 KB/s   4h28m[K[?25h[?2026l[?2026h[?25l[A[1Gpulling manifest [K
pulling a8cc1361f314:  21% ▕███               ▏ 1.9 GB/9.3 GB  455 KB/s   4h28m[K[?25h[?2026l[?2026h[?25l[A[1Gpulling manifest [K
pulling a8cc1361f314:  21% ▕███               ▏ 1.9 GB/9.3 GB  311 KB/s   6h32m[K[?25h[?2026l[?2026h[?25l[A[1Gpulling manifest [K
pulling a8cc1361f314:  21% ▕███               ▏ 1.9 GB/9.3 GB  311 KB/s   6h32m[K[?25h[?2026l[?2026h[?25l[A[1Gpulling manifest [K
pulling a8cc1361f314:  21% ▕███               ▏ 1.9 GB/9.3 GB  311 KB/s   6h32m[K[?25h[?2026l[?2026h[?25l[A[1Gpulling manifest [K
pulling a8cc1361f314:  21% ▕███               ▏ 1.9 GB/9.3 GB  311 KB/s   6h32m[K[?25h[?2026l[?2026h[?25l[A[1Gpulling manifest [K
pulling a8cc1361f314:  21% ▕███               ▏ 1.9 GB/9.3 GB  311 KB/s   6h32m[K[?25h[?2026l[?2026h[?25l[A[1Gpulling manifest [K
pulling a8cc1361f314:  21% ▕███               ▏ 1.9 GB/9.3 GB  311 KB/s   6h32m[K[?25h[?2026l[?2026h[?25l[A[1Gpulling manifest [K
pulling a8cc1361f314:  21% ▕███               ▏ 1.9 GB/9.3 GB  311 KB/s   6h32m[K[?25h[?2026l[?2026h[?25l[A[1Gpulling manifest [K
pulling a8cc1361f314:  21% ▕███               ▏ 1.9 GB/9.3 GB  311 KB/s   6h32m[K[?25h[?2026l[?2026h[?25l[A[1Gpulling manifest [K
pulling a8cc1361f314:  21% ▕███               ▏ 1.9 GB/9.3 GB  311 KB/s   6h32m[K[?25h[?2026l[?2026h[?25l[A[1Gpulling manifest [K
pulling a8cc1361f314:  21% ▕███               ▏ 1.9 GB/9.3 GB  311 KB/s   6h32m[K[?25h[?2026l[?2026h[?25l[A[1Gpulling manifest [K
pulling a8cc1361f314:  21% ▕███               ▏ 1.9 GB/9.3 GB  160 KB/s  12h43m[K[?25h[?2026l[?2026h[?25l[A[1Gpulling manifest [K
pulling a8cc1361f314:  21% ▕███               ▏ 1.9 GB/9.3 GB  160 KB/s  12h43m[K[?25h[?2026l[?2026h[?25l[A[1Gpulling manifest [K
pulling a8cc1361f314:  21% ▕███               ▏ 1.9 GB/9.3 GB  160 KB/s  12h43m[K[?25h[?2026l[?2026h[?25l[A[1Gpulling manifest [K
pulling a8cc1361f314:  21% ▕███               ▏ 1.9 GB/9.3 GB  160 KB/s  12h43m[K[?25h[?2026l[?2026h[?25l[A[1Gpulling manifest [K
pulling a8cc1361f314:  21% ▕███               ▏ 1.9 GB/9.3 GB  160 KB/s  12h43m[K[?25h[?2026l[?2026h[?25l[A[1Gpulling manifest [K
pulling a8cc1361f314:  21% ▕███               ▏ 1.9 GB/9.3 GB  160 KB/s  12h43m[K[?25h[?2026l[?2026h[?25l[A[1Gpulling manifest [K
pulling a8cc1361f314:  21% ▕███               ▏ 1.9 GB/9.3 GB  160 KB/s  12h43m[K[?25h[?2026l[?2026h[?25l[A[1Gpulling manifest [K
pulling a8cc1361f314:  21% ▕███               ▏ 1.9 GB/9.3 GB  160 KB/s  12h43m[K[?25h[?2026l[?2026h[?25l[A[1Gpulling manifest [K
pulling a8cc1361f314:  21% ▕███               ▏ 1.9 GB/9.3 GB  160 KB/s  12h43m[K[?25h[?2026l[?2026h[?25l[A[1Gpulling manifest [K
pulling a8cc1361f314:  21% ▕███               ▏ 1.9 GB/9.3 GB  160 KB/s  12h43m[K[?25h[?2026l[?2026h[?25l[A[1Gpulling manifest [K
pulling a8cc1361f314:  21% ▕███               ▏ 1.9 GB/9.3 GB   12 KB/s    99h+[K[?25h[?2026l[?2026h[?25l[A[1Gpulling manifest [K
pulling a8cc1361f314:  21% ▕███               ▏ 1.9 GB/9.3 GB   12 KB/s    99h+[K[?25h[?2026l[?2026h[?25l[A[1Gpulling manifest [K
pulling a8cc1361f314:  21% ▕███               ▏ 1.9 GB/9.3 GB   12 KB/s    99h+[K[?25h[?2026l[?2026h[?25l[A[1Gpulling manifest [K
pulling a8cc1361f314:  21% ▕███               ▏ 1.9 GB/9.3 GB   12 KB/s    99h+[K[?25h[?2026l[?2026h[?25l[A[1Gpulling manifest [K
pulling a8cc1361f314:  21% ▕███               ▏ 1.9 GB/9.3 GB   12 KB/s    99h+[K[?25h[?2026l[?2026h[?25l[A[1Gpulling manifest [K
pulling a8cc1361f314:  21% ▕███               ▏ 1.9 GB/9.3 GB   12 KB/s    99h+[K[?25h[?2026l[?2026h[?25l[A[1Gpulling manifest [K
pulling a8cc1361f314:  21% ▕███               ▏ 1.9 GB/9.3 GB   12 KB/s    99h+[K[?25h[?2026l[?2026h[?25l[A[1Gpulling manifest [K
pulling a8cc1361f314:  21% ▕███               ▏ 1.9 GB/9.3 GB   12 KB/s    99h+[K[?25h[?2026l[?2026h[?25l[A[1Gpulling manifest [K
pulling a8cc1361f314:  21% ▕███               ▏ 1.9 GB/9.3 GB   12 KB/s    99h+[K[?25h[?2026l[?2026h[?25l[A[1Gpulling manifest [K
pulling a8cc1361f314:  21% ▕███               ▏ 1.9 GB/9.3 GB   12 KB/s    99h+[K[?25h[?2026l[?2026h[?25l[A[1Gpulling manifest [K
pulling a8cc1361f314:  21% ▕███               ▏ 1.9 GB/9.3 GB                  [K[?25h[?2026l[?2026h[?25l[A[1Gpulling manifest [K
pulling a8cc1361f314:  21% ▕███               ▏ 1.9 GB/9.3 GB                  [K[?25h[?2026l[?2026h[?25l[A[1Gpulling manifest [K
pulling a8cc1361f314:  21% ▕███               ▏ 1.9 GB/9.3 GB                  [K[?25h[?2026l[?2026h[?25l[A[1Gpulling manifest [K
pulling a8cc1361f314:  21% ▕███               ▏ 1.9 GB/9.3 GB                  [K[?25h[?2026l[?2026h[?25l[A[1Gpulling manifest [K
pulling a8cc1361f314:  21% ▕███               ▏ 1.9 GB/9.3 GB                  [K[?25h[?2026l[?2026h[?25l[A[1Gpulling manifest [K
pulling a8cc1361f314:  21% ▕███               ▏ 1.9 GB/9.3 GB                  [K[?25h[?2026l[?2026h[?25l[A[1Gpulling manifest [K
pulling a8cc1361f314:  21% ▕███               ▏ 1.9 GB/9.3 GB                  [K[?25h[?2026l[?2026h[?25l[A[1Gpulling manifest [K
pulling a8cc1361f314:  21% ▕███               ▏ 1.9 GB/9.3 GB                  [K[?25h[?2026l[?2026h[?25l[A[1Gpulling manifest [K
pulling a8cc1361f314:  21% ▕███               ▏ 1.9 GB/9.3 GB                  [K[?25h[?2026l[?2026h[?25l[A[1Gpulling manifest [K
pulling a8cc1361f314:  21% ▕███               ▏ 1.9 GB/9.3 GB                  [K[?25h[?2026l[?2026h[?25l[A[1Gpulling manifest [K
pulling a8cc1361f314:  21% ▕███               ▏ 1.9 GB/9.3 GB                  [K[?25h[?2026l[?2026h[?25l[A[1Gpulling manifest [K
pulling a8cc1361f314:  21% ▕███               ▏ 1.9 GB/9.3 GB                  [K[?25h[?2026l[?2026h[?25l[A[1Gpulling manifest [K
pulling a8cc1361f314:  21% ▕███               ▏ 1.9 GB/9.3 GB                  [K[?25h[?2026l[?2026h[?25l[A[1Gpulling manifest [K
pulling a8cc1361f314:  21% ▕███               ▏ 1.9 GB/9.3 GB                  [K[?25h[?2026l[?2026h[?25l[A[1Gpulling manifest [K
pulling a8cc1361f314:  21% ▕███               ▏ 1.9 GB/9.3 GB                  [K[?25h[?2026l[?2026h[?25l[A[1Gpulling manifest [K
pulling a8cc1361f314:  21% ▕███               ▏ 1.9 GB/9.3 GB                  [K[?25h[?2026l[?2026h[?25l[A[1Gpulling manifest [K
pulling a8cc1361f314:  21% ▕███               ▏ 1.9 GB/9.3 GB                  [K[?25h[?2026l[?2026h[?25l[A[1Gpulling manifest [K
pulling a8cc1361f314:  21% ▕███               ▏ 1.9 GB/9.3 GB                  [K[?25h[?2026l[?2026h[?25l[A[1Gpulling manifest [K
pulling a8cc1361f314:  21% ▕███               ▏ 1.9 GB/9.3 GB                  [K[?25h[?2026l[?2026h[?25l[A[1Gpulling manifest [K
pulling a8cc1361f314:  21% ▕███               ▏ 1.9 GB/9.3 GB                  [K[?25h[?2026l[?2026h[?25l[A[1Gpulling manifest [K
pulling a8cc1361f314:  21% ▕███               ▏ 1.9 GB/9.3 GB                  [K[?25h[?2026l[?2026h[?25l[A[1Gpulling manifest [K
pulling a8cc1361f314:  21% ▕███               ▏ 1.9 GB/9.3 GB                  [K[?25h[?2026l[?2026h[?25l[A[1Gpulling manifest [K
pulling a8cc1361f314:  21% ▕███               ▏ 1.9 GB/9.3 GB                  [K[?25h[?2026l[?2026h[?25l[A[1Gpulling manifest [K
pulling a8cc1361f314:  21% ▕███               ▏ 1.9 GB/9.3 GB                  [K[?25h[?2026l[?2026h[?25l[A[1Gpulling manifest [K
pulling a8cc1361f314:  21% ▕███               ▏ 1.9 GB/9.3 GB                  [K[?25h[?2026l[?2026h[?25l[A[1Gpulling manifest [K
pulling a8cc1361f314:  21% ▕███               ▏ 1.9 GB/9.3 GB                  [K[?25h[?2026l[?2026h[?25l[A[1Gpulling manifest [K
pulling a8cc1361f314:  21% ▕███               ▏ 1.9 GB/9.3 GB                  [K[?25h[?2026l[?2026h[?25l[A[1Gpulling manifest [K
pulling a8cc1361f314:  21% ▕███               ▏ 1.9 GB/9.3 GB                  [K[?25h[?2026l[?2026h[?25l[A[1Gpulling manifest [K
pulling a8cc1361f314:  21% ▕███               ▏ 1.9 GB/9.3 GB                  [K[?25h[?2026l[?2026h[?25l[A[1Gpulling manifest [K
pulling a8cc1361f314:  21% ▕███               ▏ 1.9 GB/9.3 GB                  [K[?25h[?2026l[?2026h[?25l[A[1Gpulling manifest [K
pulling a8cc1361f314:  21% ▕███               ▏ 1.9 GB/9.3 GB                  [K[?25h[?2026l[?2026h[?25l[A[1Gpulling manifest [K
pulling a8cc1361f314:  21% ▕███               ▏ 1.9 GB/9.3 GB                  [K[?25h[?2026l[?2026h[?25l[A[1Gpulling manifest [K
pulling a8cc1361f314:  21% ▕███               ▏ 1.9 GB/9.3 GB                  [K[?25h[?2026l[?2026h[?25l[A[1Gpulling manifest [K
pulling a8cc1361f314:  21% ▕███               ▏ 1.9 GB/9.3 GB                  [K[?25h[?2026l[?2026h[?25l[A[1Gpulling manifest [K
pulling a8cc1361f314:  21% ▕███               ▏ 1.9 GB/9.3 GB                  [K[?25h[?2026l[?2026h[?25l[A[1Gpulling manifest [K
pulling a8cc1361f314:  21% ▕███               ▏ 1.9 GB/9.3 GB                  [K[?25h[?2026l[?2026h[?25l[A[1Gpulling manifest [K
pulling a8cc1361f314:  21% ▕███               ▏ 1.9 GB/9.3 GB                  [K[?25h[?2026l[?2026h[?25l[A[1Gpulling manifest [K
pulling a8cc1361f314:  21% ▕███               ▏ 1.9 GB/9.3 GB                  [K[?25h[?2026l[?2026h[?25l[A[1Gpulling manifest [K
pulling a8cc1361f314:  21% ▕███               ▏ 1.9 GB/9.3 GB                  [K[?25h[?2026l[?2026h[?25l[A[1Gpulling manifest [K
pulling a8cc1361f314:  21% ▕███               ▏ 1.9 GB/9.3 GB                  [K[?25h[?2026l[?2026h[?25l[A[1Gpulling manifest [K
pulling a8cc1361f314:  21% ▕███               ▏ 1.9 GB/9.3 GB                  [K[?25h[?2026l[?2026h[?25l[A[1Gpulling manifest [K
pulling a8cc1361f314:  21% ▕███               ▏ 1.9 GB/9.3 GB                  [K[?25h[?2026l[?2026h[?25l[A[1Gpulling manifest [K
pulling a8cc1361f314:  21% ▕███               ▏ 1.9 GB/9.3 GB                  [K[?25h[?2026l[?2026h[?25l[A[1Gpulling manifest [K
pulling a8cc1361f314:  21% ▕███               ▏ 1.9 GB/9.3 GB                  [K[?25h[?2026l[?2026h[?25l[A[1Gpulling manifest [K
pulling a8cc1361f314:  21% ▕███               ▏ 1.9 GB/9.3 GB                  [K[?25h[?2026l[?2026h[?25l[A[1Gpulling manifest [K
pulling a8cc1361f314:  21% ▕███               ▏ 1.9 GB/9.3 GB                  [K[?25h[?2026l[?2026h[?25l[A[1Gpulling manifest [K
pulling a8cc1361f314:  21% ▕███               ▏ 1.9 GB/9.3 GB                  [K[?25h[?2026l[?2026h[?25l[A[1Gpulling manifest [K
pulling a8cc1361f314:  21% ▕███               ▏ 1.9 GB/9.3 GB                  [K[?25h[?2026l[?2026h[?25l[A[1Gpulling manifest [K
pulling a8cc1361f314:  21% ▕███               ▏ 1.9 GB/9.3 GB                  [K[?25h[?2026l[?2026h[?25l[A[1Gpulling manifest [K
pulling a8cc1361f314:  21% ▕███               ▏ 1.9 GB/9.3 GB                  [K[?25h[?2026l[?2026h[?25l[A[1Gpulling manifest [K
pulling a8cc1361f314:  21% ▕███               ▏ 1.9 GB/9.3 GB                  [K[?25h[?2026l[?2026h[?25l[A[1Gpulling manifest [K
pulling a8cc1361f314:  21% ▕███               ▏ 1.9 GB/9.3 GB                  [K[?25h[?2026l[?2026h[?25l[A[1Gpulling manifest [K
pulling a8cc1361f314:  21% ▕███               ▏ 1.9 GB/9.3 GB                  [K[?25h[?2026l[?2026h[?25l[A[1Gpulling manifest [K
pulling a8cc1361f314:  21% ▕███               ▏ 1.9 GB/9.3 GB                  [K[?25h[?2026l[?2026h[?25l[A[1Gpulling manifest [K
pulling a8cc1361f314:  21% ▕███               ▏ 1.9 GB/9.3 GB                  [K[?25h[?2026l[?2026h[?25l[A[1Gpulling manifest [K
pulling a8cc1361f314:  21% ▕███               ▏ 1.9 GB/9.3 GB                  [K[?25h[?2026l[?2026h[?25l[A[1Gpulling manifest [K
pulling a8cc1361f314:  21% ▕███               ▏ 1.9 GB/9.3 GB                  [K[?25h[?2026l[?2026h[?25l[A[1Gpulling manifest [K
pulling a8cc1361f314:  21% ▕███               ▏ 1.9 GB/9.3 GB                  [K[?25h[?2026l[?2026h[?25l[A[1Gpulling manifest [K
pulling a8cc1361f314:  21% ▕███               ▏ 1.9 GB/9.3 GB                  [K[?25h[?2026l[?2026h[?25l[A[1Gpulling manifest [K
pulling a8cc1361f314:  21% ▕███               ▏ 1.9 GB/9.3 GB                  [K[?25h[?2026l[?2026h[?25l[A[1Gpulling manifest [K
pulling a8cc1361f314:  21% ▕███               ▏ 1.9 GB/9.3 GB                  [K[?25h[?2026l[?2026h[?25l[A[1Gpulling manifest [K
pulling a8cc1361f314:  21% ▕███               ▏ 1.9 GB/9.3 GB                  [K[?25h[?2026l[?2026h[?25l[A[1Gpulling manifest [K
pulling a8cc1361f314:  21% ▕███               ▏ 1.9 GB/9.3 GB                  [K[?25h[?2026l[?2026h[?25l[A[1Gpulling manifest [K
pulling a8cc1361f314:  21% ▕███               ▏ 1.9 GB/9.3 GB                  [K[?25h[?2026l[?2026h[?25l[A[1Gpulling manifest [K
pulling a8cc1361f314:  21% ▕███               ▏ 1.9 GB/9.3 GB                  [K[?25h[?2026l[?2026h[?25l[A[1Gpulling manifest [K
pulling a8cc1361f314:  21% ▕███               ▏ 1.9 GB/9.3 GB                  [K[?25h[?2026l[?2026h[?25l[A[1Gpulling manifest [K
pulling a8cc1361f314:  21% ▕███               ▏ 1.9 GB/9.3 GB                  [K[?25h[?2026l[?2026h[?25l[A[1Gpulling manifest [K
pulling a8cc1361f314:  21% ▕███               ▏ 1.9 GB/9.3 GB                  [K[?25h[?2026l[?2026h[?25l[A[1Gpulling manifest [K
pulling a8cc1361f314:  21% ▕███               ▏ 1.9 GB/9.3 GB                  [K[?25h[?2026l[?2026h[?25l[A[1Gpulling manifest [K
pulling a8cc1361f314:  21% ▕███               ▏ 1.9 GB/9.3 GB                  [K[?25h[?2026l[?2026h[?25l[A[1Gpulling manifest [K
pulling a8cc1361f314:  21% ▕███               ▏ 1.9 GB/9.3 GB                  [K[?25h[?2026l[?2026h[?25l[A[1Gpulling manifest [K
pulling a8cc1361f314:  21% ▕███               ▏ 1.9 GB/9.3 GB                  [K[?25h[?2026l[?2026h[?25l[A[1Gpulling manifest [K
pulling a8cc1361f314:  21% ▕███               ▏ 1.9 GB/9.3 GB                  [K[?25h[?2026l[?2026h[?25l[A[1Gpulling manifest [K
pulling a8cc1361f314:  21% ▕███               ▏ 1.9 GB/9.3 GB                  [K[?25h[?2026l[?2026h[?25l[A[1Gpulling manifest [K
pulling a8cc1361f314:  21% ▕███               ▏ 1.9 GB/9.3 GB                  [K[?25h[?2026l[?2026h[?25l[A[1Gpulling manifest [K
pulling a8cc1361f314:  21% ▕███               ▏ 1.9 GB/9.3 GB                  [K[?25h[?2026l[?2026h[?25l[A[1Gpulling manifest [K
pulling a8cc1361f314:  21% ▕███               ▏ 1.9 GB/9.3 GB                  [K[?25h[?2026l[?2026h[?25l[A[1Gpulling manifest [K
pulling a8cc1361f314:  21% ▕███               ▏ 1.9 GB/9.3 GB                  [K[?25h[?2026l[?2026h[?25l[A[1Gpulling manifest [K
pulling a8cc1361f314:  21% ▕███               ▏ 1.9 GB/9.3 GB                  [K[?25h[?2026l[?2026h[?25l[A[1Gpulling manifest [K
pulling a8cc1361f314:  21% ▕███               ▏ 1.9 GB/9.3 GB                  [K[?25h[?2026l[?2026h[?25l[A[1Gpulling manifest [K
pulling a8cc1361f314:  21% ▕███               ▏ 1.9 GB/9.3 GB                  [K[?25h[?2026l[?2026h[?25l[A[1Gpulling manifest [K
pulling a8cc1361f314:  21% ▕███               ▏ 1.9 GB/9.3 GB                  [K[?25h[?2026l[?2026h[?25l[A[1Gpulling manifest [K
pulling a8cc1361f314:  21% ▕███               ▏ 1.9 GB/9.3 GB                  [K[?25h[?2026l[?2026h[?25l[A[1Gpulling manifest [K
pulling a8cc1361f314:  21% ▕███               ▏ 1.9 GB/9.3 GB                  [K[?25h[?2026l[?2026h[?25l[A[1Gpulling manifest [K
pulling a8cc1361f314:  21% ▕███               ▏ 1.9 GB/9.3 GB                  [K[?25h[?2026l[?2026h[?25l[A[1Gpulling manifest [K
pulling a8cc1361f314:  21% ▕███               ▏ 1.9 GB/9.3 GB                  [K[?25h[?2026l[?2026h[?25l[A[1Gpulling manifest [K
pulling a8cc1361f314:  21% ▕███               ▏ 1.9 GB/9.3 GB                  [K[?25h[?2026l[?2026h[?25l[A[1Gpulling manifest [K
pulling a8cc1361f314:  21% ▕███               ▏ 1.9 GB/9.3 GB                  [K[?25h[?2026l[?2026h[?25l[A[1Gpulling manifest [K
pulling a8cc1361f314:  21% ▕███               ▏ 1.9 GB/9.3 GB                  [K[?25h[?2026l[?2026h[?25l[A[1Gpulling manifest [K
pulling a8cc1361f314:  21% ▕███               ▏ 1.9 GB/9.3 GB                  [K[?25h[?2026l[?2026h[?25l[A[1Gpulling manifest [K
pulling a8cc1361f314:  21% ▕███               ▏ 1.9 GB/9.3 GB                  [K[?25h[?2026l[?2026h[?25l[A[1Gpulling manifest [K
pulling a8cc1361f314:  21% ▕███               ▏ 1.9 GB/9.3 GB                  [K[?25h[?2026l[?2026h[?25l[A[1Gpulling manifest [K
pulling a8cc1361f314:  21% ▕███               ▏ 1.9 GB/9.3 GB                  [K[?25h[?2026l[?2026h[?25l[A[1Gpulling manifest [K
pulling a8cc1361f314:  21% ▕███               ▏ 1.9 GB/9.3 GB                  [K[?25h[?2026l[?2026h[?25l[A[1Gpulling manifest [K
pulling a8cc1361f314:  21% ▕███               ▏ 1.9 GB/9.3 GB                  [K[?25h[?2026l[?2026h[?25l[A[1Gpulling manifest [K
pulling a8cc1361f314:  21% ▕███               ▏ 1.9 GB/9.3 GB                  [K[?25h[?2026l[?2026h[?25l[A[1Gpulling manifest [K
pulling a8cc1361f314:  21% ▕███               ▏ 1.9 GB/9.3 GB                  [K[?25h[?2026l[?2026h[?25l[A[1Gpulling manifest [K
pulling a8cc1361f314:  21% ▕███               ▏ 1.9 GB/9.3 GB                  [K[?25h[?2026l[?2026h[?25l[A[1Gpulling manifest [K
pulling a8cc1361f314:  21% ▕███               ▏ 1.9 GB/9.3 GB                  [K[?25h[?2026l[?2026h[?25l[A[1Gpulling manifest [K
pulling a8cc1361f314:  21% ▕███               ▏ 1.9 GB/9.3 GB                  [K[?25h[?2026l[?2026h[?25l[A[1Gpulling manifest [K
pulling a8cc1361f314:  21% ▕███               ▏ 1.9 GB/9.3 GB                  [K[?25h[?2026l[?2026h[?25l[A[1Gpulling manifest [K
pulling a8cc1361f314:  21% ▕███               ▏ 1.9 GB/9.3 GB                  [K[?25h[?2026l[?2026h[?25l[A[1Gpulling manifest [K
pulling a8cc1361f314:  21% ▕███               ▏ 1.9 GB/9.3 GB                  [K[?25h[?2026l[?2026h[?25l[A[1Gpulling manifest [K
pulling a8cc1361f314:  21% ▕███               ▏ 1.9 GB/9.3 GB                  [K[?25h[?2026l[?2026h[?25l[A[1Gpulling manifest [K
pulling a8cc1361f314:  21% ▕███               ▏ 1.9 GB/9.3 GB                  [K[?25h[?2026l[?2026h[?25l[A[1Gpulling manifest [K
pulling a8cc1361f314:  21% ▕███               ▏ 1.9 GB/9.3 GB                  [K[?25h[?2026l[?2026h[?25l[A[1Gpulling manifest [K
pulling a8cc1361f314:  21% ▕███               ▏ 1.9 GB/9.3 GB                  [K[?25h[?2026l[?2026h[?25l[A[1Gpulling manifest [K
pulling a8cc1361f314:  21% ▕███               ▏ 1.9 GB/9.3 GB                  [K[?25h[?2026l[?2026h[?25l[A[1Gpulling manifest [K
pulling a8cc1361f314:  21% ▕███               ▏ 1.9 GB/9.3 GB                  [K[?25h[?2026l[?2026h[?25l[A[1Gpulling manifest [K
pulling a8cc1361f314:  21% ▕███               ▏ 1.9 GB/9.3 GB                  [K[?25h[?2026l[?2026h[?25l[A[1Gpulling manifest [K
pulling a8cc1361f314:  21% ▕███               ▏ 1.9 GB/9.3 GB                  [K[?25h[?2026l[?2026h[?25l[A[1Gpulling manifest [K
pulling a8cc1361f314:  21% ▕███               ▏ 1.9 GB/9.3 GB                  [K[?25h[?2026l[?2026h[?25l[A[1Gpulling manifest [K
pulling a8cc1361f314:  21% ▕███               ▏ 1.9 GB/9.3 GB                  [K[?25h[?2026l[?2026h[?25l[A[1Gpulling manifest [K
pulling a8cc1361f314:  21% ▕███               ▏ 1.9 GB/9.3 GB  5.0 KB/s    99h+[K[?25h[?2026l[?2026h[?25l[A[1Gpulling manifest [K
pulling a8cc1361f314:  21% ▕███               ▏ 1.9 GB/9.3 GB  5.0 KB/s    99h+[K[?25h[?2026l[?2026h[?25l[A[1Gpulling manifest [K
pulling a8cc1361f314:  21% ▕███               ▏ 1.9 GB/9.3 GB  5.0 KB/s    99h+[K[?25h[?2026l[?2026h[?25l[A[1Gpulling manifest [K
pulling a8cc1361f314:  21% ▕███               ▏ 1.9 GB/9.3 GB  5.0 KB/s    99h+[K[?25h[?2026l[?2026h[?25l[A[1Gpulling manifest [K
pulling a8cc1361f314:  21% ▕███               ▏ 1.9 GB/9.3 GB  5.0 KB/s    99h+[K[?25h[?2026l[?2026h[?25l[A[1Gpulling manifest [K
pulling a8cc1361f314:  21% ▕███               ▏ 1.9 GB/9.3 GB  5.0 KB/s    99h+[K[?25h[?2026l[?2026h[?25l[A[1Gpulling manifest [K
pulling a8cc1361f314:  21% ▕███               ▏ 1.9 GB/9.3 GB  5.0 KB/s    99h+[K[?25h[?2026l[?2026h[?25l[A[1Gpulling manifest [K
pulling a8cc1361f314:  21% ▕███               ▏ 1.9 GB/9.3 GB  5.0 KB/s    99h+[K[?25h[?2026l[?2026h[?25l[A[1Gpulling manifest [K
pulling a8cc1361f314:  21% ▕███               ▏ 1.9 GB/9.3 GB  5.0 KB/s    99h+[K[?25h[?2026l[?2026h[?25l[A[1Gpulling manifest [K
pulling a8cc1361f314:  21% ▕███               ▏ 1.9 GB/9.3 GB  5.0 KB/s    99h+[K[?25h[?2026l[?2026h[?25l[A[1Gpulling manifest [K
pulling a8cc1361f314:  21% ▕███               ▏ 1.9 GB/9.3 GB  108 KB/s  18h44m[K[?25h[?2026l[?2026h[?25l[A[1Gpulling manifest [K
pulling a8cc1361f314:  21% ▕███               ▏ 1.9 GB/9.3 GB  108 KB/s  18h44m[K[?25h[?2026l[?2026h[?25l[A[1Gpulling manifest [K
pulling a8cc1361f314:  21% ▕███               ▏ 1.9 GB/9.3 GB  108 KB/s  18h44m[K[?25h[?2026l[?2026h[?25l[A[1Gpulling manifest [K
pulling a8cc1361f314:  21% ▕███               ▏ 1.9 GB/9.3 GB  108 KB/s  18h44m[K[?25h[?2026l[?2026h[?25l[A[1Gpulling manifest [K
pulling a8cc1361f314:  21% ▕███               ▏ 1.9 GB/9.3 GB  108 KB/s  18h44m[K[?25h[?2026l[?2026h[?25l[A[1Gpulling manifest [K
pulling a8cc1361f314:  21% ▕███               ▏ 1.9 GB/9.3 GB  108 KB/s  18h44m[K[?25h[?2026l[?2026h[?25l[A[1Gpulling manifest [K
pulling a8cc1361f314:  21% ▕███               ▏ 1.9 GB/9.3 GB  108 KB/s  18h44m[K[?25h[?2026l[?2026h[?25l[A[1Gpulling manifest [K
pulling a8cc1361f314:  21% ▕███               ▏ 1.9 GB/9.3 GB  108 KB/s  18h44m[K[?25h[?2026l[?2026h[?25l[A[1Gpulling manifest [K
pulling a8cc1361f314:  21% ▕███               ▏ 1.9 GB/9.3 GB  108 KB/s  18h44m[K[?25h[?2026l[?2026h[?25l[A[1Gpulling manifest [K
pulling a8cc1361f314:  21% ▕███               ▏ 1.9 GB/9.3 GB  108 KB/s  18h44m[K[?25h[?2026l[?2026h[?25l[A[1Gpulling manifest [K
pulling a8cc1361f314:  21% ▕███               ▏ 1.9 GB/9.3 GB  326 KB/s   6h13m[K[?25h[?2026l[?2026h[?25l[A[1Gpulling manifest [K
pulling a8cc1361f314:  21% ▕███               ▏ 1.9 GB/9.3 GB  326 KB/s   6h13m[K[?25h[?2026l[?2026h[?25l[A[1Gpulling manifest [K
pulling a8cc1361f314:  21% ▕███               ▏ 1.9 GB/9.3 GB  326 KB/s   6h13m[K[?25h[?2026l[?2026h[?25l[A[1Gpulling manifest [K
pulling a8cc1361f314:  21% ▕███               ▏ 1.9 GB/9.3 GB  326 KB/s   6h13m[K[?25h[?2026l[?2026h[?25l[A[1Gpulling manifest [K
pulling a8cc1361f314:  21% ▕███               ▏ 1.9 GB/9.3 GB  326 KB/s   6h13m[K[?25h[?2026l[?2026h[?25l[A[1Gpulling manifest [K
pulling a8cc1361f314:  21% ▕███               ▏ 1.9 GB/9.3 GB  326 KB/s   6h13m[K[?25h[?2026l[?2026h[?25l[A[1Gpulling manifest [K
pulling a8cc1361f314:  21% ▕███               ▏ 1.9 GB/9.3 GB  326 KB/s   6h13m[K[?25h[?2026l[?2026h[?25l[A[1Gpulling manifest [K
pulling a8cc1361f314:  21% ▕███               ▏ 1.9 GB/9.3 GB  326 KB/s   6h13m[K[?25h[?2026l[?2026h[?25l[A[1Gpulling manifest [K
pulling a8cc1361f314:  21% ▕███               ▏ 1.9 GB/9.3 GB  326 KB/s   6h13m[K[?25h[?2026l[?2026h[?25l[A[1Gpulling manifest [K
pulling a8cc1361f314:  21% ▕███               ▏ 1.9 GB/9.3 GB  326 KB/s   6h13m[K[?25h[?2026l[?2026h[?25l[A[1Gpulling manifest [K
pulling a8cc1361f314:  21% ▕███               ▏ 1.9 GB/9.3 GB  626 KB/s   3h14m[K[?25h[?2026l[?2026h[?25l[A[1Gpulling manifest [K
pulling a8cc1361f314:  21% ▕███               ▏ 1.9 GB/9.3 GB  626 KB/s   3h14m[K[?25h[?2026l[?2026h[?25l[A[1Gpulling manifest [K
pulling a8cc1361f314:  21% ▕███               ▏ 1.9 GB/9.3 GB  626 KB/s   3h14m[K[?25h[?2026l[?2026h[?25l[A[1Gpulling manifest [K
pulling a8cc1361f314:  21% ▕███               ▏ 1.9 GB/9.3 GB  626 KB/s   3h14m[K[?25h[?2026l[?2026h[?25l[A[1Gpulling manifest [K
pulling a8cc1361f314:  21% ▕███               ▏ 1.9 GB/9.3 GB  626 KB/s   3h14m[K[?25h[?2026l[?2026h[?25l[A[1Gpulling manifest [K
pulling a8cc1361f314:  21% ▕███               ▏ 1.9 GB/9.3 GB  626 KB/s   3h14m[K[?25h[?2026l[?2026h[?25l[A[1Gpulling manifest [K
pulling a8cc1361f314:  21% ▕███               ▏ 1.9 GB/9.3 GB  626 KB/s   3h14m[K[?25h[?2026l[?2026h[?25l[A[1Gpulling manifest [K
pulling a8cc1361f314:  21% ▕███               ▏ 1.9 GB/9.3 GB  626 KB/s   3h14m[K[?25h[?2026l[?2026h[?25l[A[1Gpulling manifest [K
pulling a8cc1361f314:  21% ▕███               ▏ 1.9 GB/9.3 GB  626 KB/s   3h14m[K[?25h[?2026l[?2026h[?25l[A[1Gpulling manifest [K
pulling a8cc1361f314:  21% ▕███               ▏ 1.9 GB/9.3 GB  626 KB/s   3h14m[K[?25h[?2026l[?2026h[?25l[A[1Gpulling manifest [K
pulling a8cc1361f314:  21% ▕███               ▏ 1.9 GB/9.3 GB  772 KB/s   2h38m[K[?25h[?2026l[?2026h[?25l[A[1Gpulling manifest [K
pulling a8cc1361f314:  21% ▕███               ▏ 1.9 GB/9.3 GB  772 KB/s   2h38m[K[?25h[?2026l[?2026h[?25l[A[1Gpulling manifest [K
pulling a8cc1361f314:  21% ▕███               ▏ 1.9 GB/9.3 GB  772 KB/s   2h38m[K[?25h[?2026l[?2026h[?25l[A[1Gpulling manifest [K
pulling a8cc1361f314:  21% ▕███               ▏ 1.9 GB/9.3 GB  772 KB/s   2h38m[K[?25h[?2026l[?2026h[?25l[A[1Gpulling manifest [K
pulling a8cc1361f314:  21% ▕███               ▏ 1.9 GB/9.3 GB  772 KB/s   2h38m[K[?25h[?2026l[?2026h[?25l[A[1Gpulling manifest [K
pulling a8cc1361f314:  21% ▕███               ▏ 1.9 GB/9.3 GB  772 KB/s   2h38m[K[?25h[?2026l[?2026h[?25l[A[1Gpulling manifest [K
pulling a8cc1361f314:  21% ▕███               ▏ 1.9 GB/9.3 GB  772 KB/s   2h38m[K[?25h[?2026l[?2026h[?25l[A[1Gpulling manifest [K
pulling a8cc1361f314:  21% ▕███               ▏ 1.9 GB/9.3 GB  772 KB/s   2h38m[K[?25h[?2026l[?2026h[?25l[A[1Gpulling manifest [K
pulling a8cc1361f314:  21% ▕███               ▏ 1.9 GB/9.3 GB  772 KB/s   2h38m[K[?25h[?2026l[?2026h[?25l[A[1Gpulling manifest [K
pulling a8cc1361f314:  21% ▕███               ▏ 1.9 GB/9.3 GB  772 KB/s   2h38m[K[?25h[?2026l[?2026h[?25l[A[1Gpulling manifest [K
pulling a8cc1361f314:  21% ▕███               ▏ 1.9 GB/9.3 GB  772 KB/s   2h38m[K[?25h[?2026l[?2026h[?25l[A[1Gpulling manifest [K
pulling a8cc1361f314:  21% ▕███               ▏ 1.9 GB/9.3 GB  912 KB/s   2h13m[K[?25h[?2026l[?2026h[?25l[A[1Gpulling manifest [K
pulling a8cc1361f314:  21% ▕███               ▏ 1.9 GB/9.3 GB  912 KB/s   2h13m[K[?25h[?2026l[?2026h[?25l[A[1Gpulling manifest [K
pulling a8cc1361f314:  21% ▕███               ▏ 1.9 GB/9.3 GB  912 KB/s   2h13m[K[?25h[?2026l[?2026h[?25l[A[1Gpulling manifest [K
pulling a8cc1361f314:  21% ▕███               ▏ 1.9 GB/9.3 GB  912 KB/s   2h13m[K[?25h[?2026l[?2026h[?25l[A[1Gpulling manifest [K
pulling a8cc1361f314:  21% ▕███               ▏ 1.9 GB/9.3 GB  912 KB/s   2h13m[K[?25h[?2026l[?2026h[?25l[A[1Gpulling manifest [K
pulling a8cc1361f314:  21% ▕███               ▏ 1.9 GB/9.3 GB  912 KB/s   2h13m[K[?25h[?2026l[?2026h[?25l[A[1Gpulling manifest [K
pulling a8cc1361f314:  21% ▕███               ▏ 1.9 GB/9.3 GB  912 KB/s   2h13m[K[?25h[?2026l[?2026h[?25l[A[1Gpulling manifest [K
pulling a8cc1361f314:  21% ▕███               ▏ 1.9 GB/9.3 GB  912 KB/s   2h13m[K[?25h[?2026l[?2026h[?25l[A[1Gpulling manifest [K
pulling a8cc1361f314:  21% ▕███               ▏ 1.9 GB/9.3 GB  912 KB/s   2h13m[K[?25h[?2026l[?2026h[?25l[A[1Gpulling manifest [K
pulling a8cc1361f314:  21% ▕███               ▏ 1.9 GB/9.3 GB  912 KB/s   2h13m[K[?25h[?2026l[?2026h[?25l[A[1Gpulling manifest [K
pulling a8cc1361f314:  21% ▕███               ▏ 1.9 GB/9.3 GB  1.1 MB/s   1h55m[K[?25h[?2026l[?2026h[?25l[A[1Gpulling manifest [K
pulling a8cc1361f314:  21% ▕███               ▏ 1.9 GB/9.3 GB  1.1 MB/s   1h55m[K[?25h[?2026l[?2026h[?25l[A[1Gpulling manifest [K
pulling a8cc1361f314:  21% ▕███               ▏ 1.9 GB/9.3 GB  1.1 MB/s   1h55m[K[?25h[?2026l[?2026h[?25l[A[1Gpulling manifest [K
pulling a8cc1361f314:  21% ▕███               ▏ 1.9 GB/9.3 GB  1.1 MB/s   1h55m[K[?25h[?2026l[?2026h[?25l[A[1Gpulling manifest [K
pulling a8cc1361f314:  21% ▕███               ▏ 1.9 GB/9.3 GB  1.1 MB/s   1h55m[K[?25h[?2026l[?2026h[?25l[A[1Gpulling manifest [K
pulling a8cc1361f314:  21% ▕███               ▏ 1.9 GB/9.3 GB  1.1 MB/s   1h55m[K[?25h[?2026l[?2026h[?25l[A[1Gpulling manifest [K
pulling a8cc1361f314:  21% ▕███               ▏ 1.9 GB/9.3 GB  1.1 MB/s   1h55m[K[?25h[?2026l[?2026h[?25l[A[1Gpulling manifest [K
pulling a8cc1361f314:  21% ▕███               ▏ 1.9 GB/9.3 GB  1.1 MB/s   1h55m[K[?25h[?2026l[?2026h[?25l[A[1Gpulling manifest [K
pulling a8cc1361f314:  21% ▕███               ▏ 1.9 GB/9.3 GB  1.1 MB/s   1h55m[K[?25h[?2026l[?2026h[?25l[A[1Gpulling manifest [K
pulling a8cc1361f314:  21% ▕███               ▏ 1.9 GB/9.3 GB  1.1 MB/s   1h55m[K[?25h[?2026l[?2026h[?25l[A[1Gpulling manifest [K
pulling a8cc1361f314:  21% ▕███               ▏ 1.9 GB/9.3 GB  1.2 MB/s   1h40m[K[?25h[?2026l[?2026h[?25l[A[1Gpulling manifest [K
pulling a8cc1361f314:  21% ▕███               ▏ 1.9 GB/9.3 GB  1.2 MB/s   1h40m[K[?25h[?2026l[?2026h[?25l[A[1Gpulling manifest [K
pulling a8cc1361f314:  21% ▕███               ▏ 1.9 GB/9.3 GB  1.2 MB/s   1h40m[K[?25h[?2026l[?2026h[?25l[A[1Gpulling manifest [K
pulling a8cc1361f314:  21% ▕███               ▏ 1.9 GB/9.3 GB  1.2 MB/s   1h40m[K[?25h[?2026l[?2026h[?25l[A[1Gpulling manifest [K
pulling a8cc1361f314:  21% ▕███               ▏ 1.9 GB/9.3 GB  1.2 MB/s   1h40m[K[?25h[?2026l[?2026h[?25l[A[1Gpulling manifest [K
pulling a8cc1361f314:  21% ▕███               ▏ 1.9 GB/9.3 GB  1.2 MB/s   1h40m[K[?25h[?2026l[?2026h[?25l[A[1Gpulling manifest [K
pulling a8cc1361f314:  21% ▕███               ▏ 1.9 GB/9.3 GB  1.2 MB/s   1h40m[K[?25h[?2026l[?2026h[?25l[A[1Gpulling manifest [K
pulling a8cc1361f314:  21% ▕███               ▏ 1.9 GB/9.3 GB  1.2 MB/s   1h40m[K[?25h[?2026l[?2026h[?25l[A[1Gpulling manifest [K
pulling a8cc1361f314:  21% ▕███               ▏ 1.9 GB/9.3 GB  1.2 MB/s   1h40m[K[?25h[?2026l[?2026h[?25l[A[1Gpulling manifest [K
pulling a8cc1361f314:  21% ▕███               ▏ 1.9 GB/9.3 GB  1.2 MB/s   1h40m[K[?25h[?2026l[?2026h[?25l[A[1Gpulling manifest [K
pulling a8cc1361f314:  21% ▕███               ▏ 2.0 GB/9.3 GB  1.3 MB/s   1h30m[K[?25h[?2026l[?2026h[?25l[A[1Gpulling manifest [K
pulling a8cc1361f314:  21% ▕███               ▏ 2.0 GB/9.3 GB  1.3 MB/s   1h30m[K[?25h[?2026l[?2026h[?25l[A[1Gpulling manifest [K
pulling a8cc1361f314:  21% ▕███               ▏ 2.0 GB/9.3 GB  1.3 MB/s   1h30m[K[?25h[?2026l[?2026h[?25l[A[1Gpulling manifest [K
pulling a8cc1361f314:  21% ▕███               ▏ 2.0 GB/9.3 GB  1.3 MB/s   1h30m[K[?25h[?2026l[?2026h[?25l[A[1Gpulling manifest [K
pulling a8cc1361f314:  21% ▕███               ▏ 2.0 GB/9.3 GB  1.3 MB/s   1h30m[K[?25h[?2026l[?2026h[?25l[A[1Gpulling manifest [K
pulling a8cc1361f314:  21% ▕███               ▏ 2.0 GB/9.3 GB  1.3 MB/s   1h30m[K[?25h[?2026l[?2026h[?25l[A[1Gpulling manifest [K
pulling a8cc1361f314:  21% ▕███               ▏ 2.0 GB/9.3 GB  1.3 MB/s   1h30m[K[?25h[?2026l[?2026h[?25l[A[1Gpulling manifest [K
pulling a8cc1361f314:  21% ▕███               ▏ 2.0 GB/9.3 GB  1.3 MB/s   1h30m[K[?25h[?2026l[?2026h[?25l[A[1Gpulling manifest [K
pulling a8cc1361f314:  21% ▕███               ▏ 2.0 GB/9.3 GB  1.3 MB/s   1h30m[K[?25h[?2026l[?2026h[?25l[A[1Gpulling manifest [K
pulling a8cc1361f314:  21% ▕███               ▏ 2.0 GB/9.3 GB  1.3 MB/s   1h30m[K[?25h[?2026l[?2026h[?25l[A[1Gpulling manifest [K
pulling a8cc1361f314:  21% ▕███               ▏ 2.0 GB/9.3 GB  1.5 MB/s   1h21m[K[?25h[?2026l[?2026h[?25l[A[1Gpulling manifest [K
pulling a8cc1361f314:  21% ▕███               ▏ 2.0 GB/9.3 GB  1.5 MB/s   1h21m[K[?25h[?2026l[?2026h[?25l[A[1Gpulling manifest [K
pulling a8cc1361f314:  21% ▕███               ▏ 2.0 GB/9.3 GB  1.5 MB/s   1h21m[K[?25h[?2026l[?2026h[?25l[A[1Gpulling manifest [K
pulling a8cc1361f314:  21% ▕███               ▏ 2.0 GB/9.3 GB  1.5 MB/s   1h21m[K[?25h[?2026l[?2026h[?25l[A[1Gpulling manifest [K
pulling a8cc1361f314:  21% ▕███               ▏ 2.0 GB/9.3 GB  1.5 MB/s   1h21m[K[?25h[?2026l[?2026h[?25l[A[1Gpulling manifest [K
pulling a8cc1361f314:  21% ▕███               ▏ 2.0 GB/9.3 GB  1.5 MB/s   1h21m[K[?25h[?2026l[?2026h[?25l[A[1Gpulling manifest [K
pulling a8cc1361f314:  21% ▕███               ▏ 2.0 GB/9.3 GB  1.5 MB/s   1h21m[K[?25h[?2026l[?2026h[?25l[A[1Gpulling manifest [K
pulling a8cc1361f314:  21% ▕███               ▏ 2.0 GB/9.3 GB  1.5 MB/s   1h21m[K[?25h[?2026l[?2026h[?25l[A[1Gpulling manifest [K
pulling a8cc1361f314:  21% ▕███               ▏ 2.0 GB/9.3 GB  1.5 MB/s   1h21m[K[?25h[?2026l[?2026h[?25l[A[1Gpulling manifest [K
pulling a8cc1361f314:  21% ▕███               ▏ 2.0 GB/9.3 GB  1.5 MB/s   1h21m[K[?25h[?2026l[?2026h[?25l[A[1Gpulling manifest [K
pulling a8cc1361f314:  21% ▕███               ▏ 2.0 GB/9.3 GB  1.5 MB/s   1h21m[K[?25h[?2026l[?2026h[?25l[A[1Gpulling manifest [K
pulling a8cc1361f314:  21% ▕███               ▏ 2.0 GB/9.3 GB  1.5 MB/s   1h18m[K[?25h[?2026l[?2026h[?25l[A[1Gpulling manifest [K
pulling a8cc1361f314:  21% ▕███               ▏ 2.0 GB/9.3 GB  1.5 MB/s   1h18m[K[?25h[?2026l[?2026h[?25l[A[1Gpulling manifest [K
pulling a8cc1361f314:  21% ▕███               ▏ 2.0 GB/9.3 GB  1.5 MB/s   1h18m[K[?25h[?2026l[?2026h[?25l[A[1Gpulling manifest [K
pulling a8cc1361f314:  21% ▕███               ▏ 2.0 GB/9.3 GB  1.5 MB/s   1h18m[K[?25h[?2026l[?2026h[?25l[A[1Gpulling manifest [K
pulling a8cc1361f314:  21% ▕███               ▏ 2.0 GB/9.3 GB  1.5 MB/s   1h18m[K[?25h[?2026l[?2026h[?25l[A[1Gpulling manifest [K
pulling a8cc1361f314:  21% ▕███               ▏ 2.0 GB/9.3 GB  1.5 MB/s   1h18m[K[?25h[?2026l[?2026h[?25l[A[1Gpulling manifest [K
pulling a8cc1361f314:  21% ▕███               ▏ 2.0 GB/9.3 GB  1.5 MB/s   1h18m[K[?25h[?2026l[?2026h[?25l[A[1Gpulling manifest [K
pulling a8cc1361f314:  21% ▕███               ▏ 2.0 GB/9.3 GB  1.5 MB/s   1h18m[K[?25h[?2026l[?2026h[?25l[A[1Gpulling manifest [K
pulling a8cc1361f314:  21% ▕███               ▏ 2.0 GB/9.3 GB  1.5 MB/s   1h18m[K[?25h[?2026l[?2026h[?25l[A[1Gpulling manifest [K
pulling a8cc1361f314:  21% ▕███               ▏ 2.0 GB/9.3 GB  1.5 MB/s   1h18m[K[?25h[?2026l[?2026h[?25l[A[1Gpulling manifest [K
pulling a8cc1361f314:  21% ▕███               ▏ 2.0 GB/9.3 GB  1.5 MB/s   1h23m[K[?25h[?2026l[?2026h[?25l[A[1Gpulling manifest [K
pulling a8cc1361f314:  21% ▕███               ▏ 2.0 GB/9.3 GB  1.5 MB/s   1h23m[K[?25h[?2026l[?2026h[?25l[A[1Gpulling manifest [K
pulling a8cc1361f314:  21% ▕███               ▏ 2.0 GB/9.3 GB  1.5 MB/s   1h23m[K[?25h[?2026l[?2026h[?25l[A[1Gpulling manifest [K
pulling a8cc1361f314:  21% ▕███               ▏ 2.0 GB/9.3 GB  1.5 MB/s   1h23m[K[?25h[?2026l[?2026h[?25l[A[1Gpulling manifest [K
pulling a8cc1361f314:  21% ▕███               ▏ 2.0 GB/9.3 GB  1.5 MB/s   1h23m[K[?25h[?2026l[?2026h[?25l[A[1Gpulling manifest [K
pulling a8cc1361f314:  21% ▕███               ▏ 2.0 GB/9.3 GB  1.5 MB/s   1h23m[K[?25h[?2026l[?2026h[?25l[A[1Gpulling manifest [K
pulling a8cc1361f314:  21% ▕███               ▏ 2.0 GB/9.3 GB  1.5 MB/s   1h23m[K[?25h[?2026l[?2026h[?25l[A[1Gpulling manifest [K
pulling a8cc1361f314:  21% ▕███               ▏ 2.0 GB/9.3 GB  1.5 MB/s   1h23m[K[?25h[?2026l[?2026h[?25l[A[1Gpulling manifest [K
pulling a8cc1361f314:  21% ▕███               ▏ 2.0 GB/9.3 GB  1.5 MB/s   1h23m[K[?25h[?2026l[?2026h[?25l[A[1Gpulling manifest [K
pulling a8cc1361f314:  21% ▕███               ▏ 2.0 GB/9.3 GB  1.5 MB/s   1h23m[K[?25h[?2026l[?2026h[?25l[A[1Gpulling manifest [K
pulling a8cc1361f314:  21% ▕███               ▏ 2.0 GB/9.3 GB  1.3 MB/s   1h32m[K[?25h[?2026l[?2026h[?25l[A[1Gpulling manifest [K
pulling a8cc1361f314:  21% ▕███               ▏ 2.0 GB/9.3 GB  1.3 MB/s   1h32m[K[?25h[?2026l[?2026h[?25l[A[1Gpulling manifest [K
pulling a8cc1361f314:  21% ▕███               ▏ 2.0 GB/9.3 GB  1.3 MB/s   1h32m[K[?25h[?2026l[?2026h[?25l[A[1Gpulling manifest [K
pulling a8cc1361f314:  21% ▕███               ▏ 2.0 GB/9.3 GB  1.3 MB/s   1h32m[K[?25h[?2026l[?2026h[?25l[A[1Gpulling manifest [K
pulling a8cc1361f314:  21% ▕███               ▏ 2.0 GB/9.3 GB  1.3 MB/s   1h32m[K[?25h[?2026l[?2026h[?25l[A[1Gpulling manifest [K
pulling a8cc1361f314:  21% ▕███               ▏ 2.0 GB/9.3 GB  1.3 MB/s   1h32m[K[?25h[?2026l[?2026h[?25l[A[1Gpulling manifest [K
pulling a8cc1361f314:  21% ▕███               ▏ 2.0 GB/9.3 GB  1.3 MB/s   1h32m[K[?25h[?2026l[?2026h[?25l[A[1Gpulling manifest [K
pulling a8cc1361f314:  21% ▕███               ▏ 2.0 GB/9.3 GB  1.3 MB/s   1h32m[K[?25h[?2026l[?2026h[?25l[A[1Gpulling manifest [K
pulling a8cc1361f314:  21% ▕███               ▏ 2.0 GB/9.3 GB  1.3 MB/s   1h32m[K[?25h[?2026l[?2026h[?25l[A[1Gpulling manifest [K
pulling a8cc1361f314:  21% ▕███               ▏ 2.0 GB/9.3 GB  1.3 MB/s   1h32m[K[?25h[?2026l[?2026h[?25l[A[1Gpulling manifest [K
pulling a8cc1361f314:  21% ▕███               ▏ 2.0 GB/9.3 GB  1.3 MB/s   1h32m[K[?25h[?2026l[?2026h[?25l[A[1Gpulling manifest [K
pulling a8cc1361f314:  21% ▕███               ▏ 2.0 GB/9.3 GB  1.3 MB/s   1h32m[K[?25h[?2026l[?2026h[?25l[A[1Gpulling manifest [K
pulling a8cc1361f314:  21% ▕███               ▏ 2.0 GB/9.3 GB  1.3 MB/s   1h32m[K[?25h[?2026l[?2026h[?25l[A[1Gpulling manifest [K
pulling a8cc1361f314:  21% ▕███               ▏ 2.0 GB/9.3 GB  1.3 MB/s   1h32m[K[?25h[?2026l[?2026h[?25l[A[1Gpulling manifest [K
pulling a8cc1361f314:  21% ▕███               ▏ 2.0 GB/9.3 GB  1.3 MB/s   1h32m[K[?25h[?2026l[?2026h[?25l[A[1Gpulling manifest [K
pulling a8cc1361f314:  21% ▕███               ▏ 2.0 GB/9.3 GB  1.3 MB/s   1h32m[K[?25h[?2026l[?2026h[?25l[A[1Gpulling manifest [K
pulling a8cc1361f314:  21% ▕███               ▏ 2.0 GB/9.3 GB  1.3 MB/s   1h32m[K[?25h[?2026l[?2026h[?25l[A[1Gpulling manifest [K
pulling a8cc1361f314:  21% ▕███               ▏ 2.0 GB/9.3 GB  1.3 MB/s   1h32m[K[?25h[?2026l[?2026h[?25l[A[1Gpulling manifest [K
pulling a8cc1361f314:  21% ▕███               ▏ 2.0 GB/9.3 GB  1.3 MB/s   1h32m[K[?25h[?2026l[?2026h[?25l[A[1Gpulling manifest [K
pulling a8cc1361f314:  21% ▕███               ▏ 2.0 GB/9.3 GB  1.3 MB/s   1h32m[K[?25h[?2026l[?2026h[?25l[A[1Gpulling manifest [K
pulling a8cc1361f314:  21% ▕███               ▏ 2.0 GB/9.3 GB  1.3 MB/s   1h32m[K[?25h[?2026l[?2026h[?25l[A[1Gpulling manifest [K
pulling a8cc1361f314:  21% ▕███               ▏ 2.0 GB/9.3 GB  1.3 MB/s   1h32m[K[?25h[?2026l[?2026h[?25l[A[1Gpulling manifest [K
pulling a8cc1361f314:  21% ▕███               ▏ 2.0 GB/9.3 GB  1.3 MB/s   1h32m[K[?25h[?2026l[?2026h[?25l[A[1Gpulling manifest [K
pulling a8cc1361f314:  21% ▕███               ▏ 2.0 GB/9.3 GB  1.3 MB/s   1h32m[K[?25h[?2026l[?2026h[?25l[A[1Gpulling manifest [K
pulling a8cc1361f314:  21% ▕███               ▏ 2.0 GB/9.3 GB  1.3 MB/s   1h32m[K[?25h[?2026l[?2026h[?25l[A[1Gpulling manifest [K
pulling a8cc1361f314:  21% ▕███               ▏ 2.0 GB/9.3 GB  1.3 MB/s   1h32m[K[?25h[?2026l[?2026h[?25l[A[1Gpulling manifest [K
pulling a8cc1361f314:  21% ▕███               ▏ 2.0 GB/9.3 GB  1.3 MB/s   1h32m[K[?25h[?2026l[?2026h[?25l[A[1Gpulling manifest [K
pulling a8cc1361f314:  21% ▕███               ▏ 2.0 GB/9.3 GB  1.3 MB/s   1h32m[K[?25h[?2026l[?2026h[?25l[A[1Gpulling manifest [K
pulling a8cc1361f314:  21% ▕███               ▏ 2.0 GB/9.3 GB  1.3 MB/s   1h32m[K[?25h[?2026l[?2026h[?25l[A[1Gpulling manifest [K
pulling a8cc1361f314:  21% ▕███               ▏ 2.0 GB/9.3 GB  1.3 MB/s   1h32m[K[?25h[?2026l[?2026h[?25l[A[1Gpulling manifest [K
pulling a8cc1361f314:  21% ▕███               ▏ 2.0 GB/9.3 GB  1.3 MB/s   1h32m[K[?25h[?2026l[?2026h[?25l[A[1Gpulling manifest [K
pulling a8cc1361f314:  21% ▕███               ▏ 2.0 GB/9.3 GB  1.3 MB/s   1h32m[K[?25h[?2026l[?2026h[?25l[A[1Gpulling manifest [K
pulling a8cc1361f314:  21% ▕███               ▏ 2.0 GB/9.3 GB  1.3 MB/s   1h32m[K[?25h[?2026l[?2026h[?25l[A[1Gpulling manifest [K
pulling a8cc1361f314:  21% ▕███               ▏ 2.0 GB/9.3 GB  1.3 MB/s   1h32m[K[?25h[?2026l[?2026h[?25l[A[1Gpulling manifest [K
pulling a8cc1361f314:  21% ▕███               ▏ 2.0 GB/9.3 GB  1.3 MB/s   1h32m[K[?25h[?2026l[?2026h[?25l[A[1Gpulling manifest [K
pulling a8cc1361f314:  21% ▕███               ▏ 2.0 GB/9.3 GB  1.3 MB/s   1h32m[K[?25h[?2026l[?2026h[?25l[A[1Gpulling manifest [K
pulling a8cc1361f314:  21% ▕███               ▏ 2.0 GB/9.3 GB  1.3 MB/s   1h32m[K[?25h[?2026l[?2026h[?25l[A[1Gpulling manifest [K
pulling a8cc1361f314:  21% ▕███               ▏ 2.0 GB/9.3 GB  1.3 MB/s   1h32m[K[?25h[?2026l[?2026h[?25l[A[1Gpulling manifest [K
pulling a8cc1361f314:  21% ▕███               ▏ 2.0 GB/9.3 GB  1.3 MB/s   1h32m[K[?25h[?2026l[?2026h[?25l[A[1Gpulling manifest [K
pulling a8cc1361f314:  21% ▕███               ▏ 2.0 GB/9.3 GB  1.3 MB/s   1h32m[K[?25h[?2026l[?2026h[?25l[A[1Gpulling manifest [K
pulling a8cc1361f314:  21% ▕███               ▏ 2.0 GB/9.3 GB  1.3 MB/s   1h32m[K[?25h[?2026l[?2026h[?25l[A[1Gpulling manifest [K
pulling a8cc1361f314:  21% ▕███               ▏ 2.0 GB/9.3 GB  1.3 MB/s   1h31m[K[?25h[?2026l[?2026h[?25l[A[1Gpulling manifest [K
pulling a8cc1361f314:  21% ▕███               ▏ 2.0 GB/9.3 GB  1.3 MB/s   1h31m[K[?25h[?2026l[?2026h[?25l[A[1Gpulling manifest [K
pulling a8cc1361f314:  21% ▕███               ▏ 2.0 GB/9.3 GB  1.3 MB/s   1h31m[K[?25h[?2026l[?2026h[?25l[A[1Gpulling manifest [K
pulling a8cc1361f314:  21% ▕███               ▏ 2.0 GB/9.3 GB  1.3 MB/s   1h31m[K[?25h[?2026l[?2026h[?25l[A[1Gpulling manifest [K
pulling a8cc1361f314:  21% ▕███               ▏ 2.0 GB/9.3 GB  1.3 MB/s   1h31m[K[?25h[?2026l[?2026h[?25l[A[1Gpulling manifest [K
pulling a8cc1361f314:  21% ▕███               ▏ 2.0 GB/9.3 GB  1.3 MB/s   1h31m[K[?25h[?2026l[?2026h[?25l[A[1Gpulling manifest [K
pulling a8cc1361f314:  21% ▕███               ▏ 2.0 GB/9.3 GB  1.3 MB/s   1h31m[K[?25h[?2026l[?2026h[?25l[A[1Gpulling manifest [K
pulling a8cc1361f314:  21% ▕███               ▏ 2.0 GB/9.3 GB  1.3 MB/s   1h31m[K[?25h[?2026l[?2026h[?25l[A[1Gpulling manifest [K
pulling a8cc1361f314:  21% ▕███               ▏ 2.0 GB/9.3 GB  1.3 MB/s   1h31m[K[?25h[?2026l[?2026h[?25l[A[1Gpulling manifest [K
pulling a8cc1361f314:  21% ▕███               ▏ 2.0 GB/9.3 GB  1.3 MB/s   1h31m[K[?25h[?2026l[?2026h[?25l[A[1Gpulling manifest [K
pulling a8cc1361f314:  21% ▕███               ▏ 2.0 GB/9.3 GB  1.3 MB/s   1h30m[K[?25h[?2026l[?2026h[?25l[A[1Gpulling manifest [K
pulling a8cc1361f314:  21% ▕███               ▏ 2.0 GB/9.3 GB  1.3 MB/s   1h30m[K[?25h[?2026l[?2026h[?25l[A[1Gpulling manifest [K
pulling a8cc1361f314:  21% ▕███               ▏ 2.0 GB/9.3 GB  1.3 MB/s   1h30m[K[?25h[?2026l[?2026h[?25l[A[1Gpulling manifest [K
pulling a8cc1361f314:  21% ▕███               ▏ 2.0 GB/9.3 GB  1.3 MB/s   1h30m[K[?25h[?2026l[?2026h[?25l[A[1Gpulling manifest [K
pulling a8cc1361f314:  21% ▕███               ▏ 2.0 GB/9.3 GB  1.3 MB/s   1h30m[K[?25h[?2026l[?2026h[?25l[A[1Gpulling manifest [K
pulling a8cc1361f314:  21% ▕███               ▏ 2.0 GB/9.3 GB  1.3 MB/s   1h30m[K[?25h[?2026l[?2026h[?25l[A[1Gpulling manifest [K
pulling a8cc1361f314:  21% ▕███               ▏ 2.0 GB/9.3 GB  1.3 MB/s   1h30m[K[?25h[?2026l[?2026h[?25l[A[1Gpulling manifest [K
pulling a8cc1361f314:  21% ▕███               ▏ 2.0 GB/9.3 GB  1.3 MB/s   1h30m[K[?25h[?2026l[?2026h[?25l[A[1Gpulling manifest [K
pulling a8cc1361f314:  21% ▕███               ▏ 2.0 GB/9.3 GB  1.3 MB/s   1h30m[K[?25h[?2026l[?2026h[?25l[A[1Gpulling manifest [K
pulling a8cc1361f314:  21% ▕███               ▏ 2.0 GB/9.3 GB  1.3 MB/s   1h30m[K[?25h[?2026l[?2026h[?25l[A[1Gpulling manifest [K
pulling a8cc1361f314:  21% ▕███               ▏ 2.0 GB/9.3 GB  1.3 MB/s   1h31m[K[?25h[?2026l[?2026h[?25l[A[1Gpulling manifest [K
pulling a8cc1361f314:  21% ▕███               ▏ 2.0 GB/9.3 GB  1.3 MB/s   1h31m[K[?25h[?2026l[?2026h[?25l[A[1Gpulling manifest [K
pulling a8cc1361f314:  21% ▕███               ▏ 2.0 GB/9.3 GB  1.3 MB/s   1h31m[K[?25h[?2026l[?2026h[?25l[A[1Gpulling manifest [K
pulling a8cc1361f314:  21% ▕███               ▏ 2.0 GB/9.3 GB  1.3 MB/s   1h31m[K[?25h[?2026l[?2026h[?25l[A[1Gpulling manifest [K
pulling a8cc1361f314:  21% ▕███               ▏ 2.0 GB/9.3 GB  1.3 MB/s   1h31m[K[?25h[?2026l[?2026h[?25l[A[1Gpulling manifest [K
pulling a8cc1361f314:  21% ▕███               ▏ 2.0 GB/9.3 GB  1.3 MB/s   1h31m[K[?25h[?2026l[?2026h[?25l[A[1Gpulling manifest [K
pulling a8cc1361f314:  21% ▕███               ▏ 2.0 GB/9.3 GB  1.3 MB/s   1h31m[K[?25h[?2026l[?2026h[?25l[A[1Gpulling manifest [K
pulling a8cc1361f314:  21% ▕███               ▏ 2.0 GB/9.3 GB  1.3 MB/s   1h31m[K[?25h[?2026l[?2026h[?25l[A[1Gpulling manifest [K
pulling a8cc1361f314:  21% ▕███               ▏ 2.0 GB/9.3 GB  1.3 MB/s   1h31m[K[?25h[?2026l[?2026h[?25l[A[1Gpulling manifest [K
pulling a8cc1361f314:  21% ▕███               ▏ 2.0 GB/9.3 GB  1.3 MB/s   1h31m[K[?25h[?2026l[?2026h[?25l[A[1Gpulling manifest [K
pulling a8cc1361f314:  21% ▕███               ▏ 2.0 GB/9.3 GB  1.3 MB/s   1h31m[K[?25h[?2026l[?2026h[?25l[A[1Gpulling manifest [K
pulling a8cc1361f314:  21% ▕███               ▏ 2.0 GB/9.3 GB  1.3 MB/s   1h31m[K[?25h[?2026l[?2026h[?25l[A[1Gpulling manifest [K
pulling a8cc1361f314:  21% ▕███               ▏ 2.0 GB/9.3 GB  1.3 MB/s   1h31m[K[?25h[?2026l[?2026h[?25l[A[1Gpulling manifest [K
pulling a8cc1361f314:  21% ▕███               ▏ 2.0 GB/9.3 GB  1.3 MB/s   1h31m[K[?25h[?2026l[?2026h[?25l[A[1Gpulling manifest [K
pulling a8cc1361f314:  21% ▕███               ▏ 2.0 GB/9.3 GB  1.3 MB/s   1h31m[K[?25h[?2026l[?2026h[?25l[A[1Gpulling manifest [K
pulling a8cc1361f314:  21% ▕███               ▏ 2.0 GB/9.3 GB  1.3 MB/s   1h31m[K[?25h[?2026l[?2026h[?25l[A[1Gpulling manifest [K
pulling a8cc1361f314:  21% ▕███               ▏ 2.0 GB/9.3 GB  1.3 MB/s   1h31m[K[?25h[?2026l[?2026h[?25l[A[1Gpulling manifest [K
pulling a8cc1361f314:  21% ▕███               ▏ 2.0 GB/9.3 GB  1.3 MB/s   1h31m[K[?25h[?2026l[?2026h[?25l[A[1Gpulling manifest [K
pulling a8cc1361f314:  21% ▕███               ▏ 2.0 GB/9.3 GB  1.3 MB/s   1h31m[K[?25h[?2026l[?2026h[?25l[A[1Gpulling manifest [K
pulling a8cc1361f314:  21% ▕███               ▏ 2.0 GB/9.3 GB  1.3 MB/s   1h31m[K[?25h[?2026l[?2026h[?25l[A[1Gpulling manifest [K
pulling a8cc1361f314:  21% ▕███               ▏ 2.0 GB/9.3 GB  1.3 MB/s   1h31m[K[?25h[?2026l[?2026h[?25l[A[1Gpulling manifest [K
pulling a8cc1361f314:  21% ▕███               ▏ 2.0 GB/9.3 GB  1.3 MB/s   1h30m[K[?25h[?2026l[?2026h[?25l[A[1Gpulling manifest [K
pulling a8cc1361f314:  21% ▕███               ▏ 2.0 GB/9.3 GB  1.3 MB/s   1h30m[K[?25h[?2026l[?2026h[?25l[A[1Gpulling manifest [K
pulling a8cc1361f314:  21% ▕███               ▏ 2.0 GB/9.3 GB  1.3 MB/s   1h30m[K[?25h[?2026l[?2026h[?25l[A[1Gpulling manifest [K
pulling a8cc1361f314:  21% ▕███               ▏ 2.0 GB/9.3 GB  1.3 MB/s   1h30m[K[?25h[?2026l[?2026h[?25l[A[1Gpulling manifest [K
pulling a8cc1361f314:  21% ▕███               ▏ 2.0 GB/9.3 GB  1.3 MB/s   1h30m[K[?25h[?2026l[?2026h[?25l[A[1Gpulling manifest [K
pulling a8cc1361f314:  21% ▕███               ▏ 2.0 GB/9.3 GB  1.3 MB/s   1h30m[K[?25h[?2026l[?2026h[?25l[A[1Gpulling manifest [K
pulling a8cc1361f314:  21% ▕███               ▏ 2.0 GB/9.3 GB  1.3 MB/s   1h30m[K[?25h[?2026l[?2026h[?25l[A[1Gpulling manifest [K
pulling a8cc1361f314:  21% ▕███               ▏ 2.0 GB/9.3 GB  1.3 MB/s   1h30m[K[?25h[?2026l[?2026h[?25l[A[1Gpulling manifest [K
pulling a8cc1361f314:  21% ▕███               ▏ 2.0 GB/9.3 GB  1.3 MB/s   1h30m[K[?25h[?2026l[?2026h[?25l[A[1Gpulling manifest [K
pulling a8cc1361f314:  21% ▕███               ▏ 2.0 GB/9.3 GB  1.3 MB/s   1h30m[K[?25h[?2026l[?2026h[?25l[A[1Gpulling manifest [K
pulling a8cc1361f314:  21% ▕███               ▏ 2.0 GB/9.3 GB  1.3 MB/s   1h31m[K[?25h[?2026l[?2026h[?25l[A[1Gpulling manifest [K
pulling a8cc1361f314:  21% ▕███               ▏ 2.0 GB/9.3 GB  1.3 MB/s   1h31m[K[?25h[?2026l[?2026h[?25l[A[1Gpulling manifest [K
pulling a8cc1361f314:  21% ▕███               ▏ 2.0 GB/9.3 GB  1.3 MB/s   1h31m[K[?25h[?2026l[?2026h[?25l[A[1Gpulling manifest [K
pulling a8cc1361f314:  21% ▕███               ▏ 2.0 GB/9.3 GB  1.3 MB/s   1h31m[K[?25h[?2026l[?2026h[?25l[A[1Gpulling manifest [K
pulling a8cc1361f314:  21% ▕███               ▏ 2.0 GB/9.3 GB  1.3 MB/s   1h31m[K[?25h[?2026l[?2026h[?25l[A[1Gpulling manifest [K
pulling a8cc1361f314:  21% ▕███               ▏ 2.0 GB/9.3 GB  1.3 MB/s   1h31m[K[?25h[?2026l[?2026h[?25l[A[1Gpulling manifest [K
pulling a8cc1361f314:  21% ▕███               ▏ 2.0 GB/9.3 GB  1.3 MB/s   1h31m[K[?25h[?2026l[?2026h[?25l[A[1Gpulling manifest [K
pulling a8cc1361f314:  21% ▕███               ▏ 2.0 GB/9.3 GB  1.3 MB/s   1h31m[K[?25h[?2026l[?2026h[?25l[A[1Gpulling manifest [K
pulling a8cc1361f314:  21% ▕███               ▏ 2.0 GB/9.3 GB  1.3 MB/s   1h31m[K[?25h[?2026l[?2026h[?25l[A[1Gpulling manifest [K
pulling a8cc1361f314:  21% ▕███               ▏ 2.0 GB/9.3 GB  1.3 MB/s   1h31m[K[?25h[?2026l[?2026h[?25l[A[1Gpulling manifest [K
pulling a8cc1361f314:  21% ▕███               ▏ 2.0 GB/9.3 GB  1.3 MB/s   1h31m[K[?25h[?2026l[?2026h[?25l[A[1Gpulling manifest [K
pulling a8cc1361f314:  21% ▕███               ▏ 2.0 GB/9.3 GB  1.3 MB/s   1h31m[K[?25h[?2026l
Error: max retries exceeded: Get "https://dd20bb891979d25aebc8bec07b2b3bbc.r2.cloudflarestorage.com/ollama/docker/registry/v2/blobs/sha256/a8/a8cc1361f3145dc01f6d77c6c82c9116b9ffe3c97b34716fe20418455876c40e/data?X-Amz-Algorithm=AWS4-HMAC-SHA256&X-Amz-Credential=66040c77ac1b787c3af820529859349a%2F20260819%2Fauto%2Fs3%2Faws4_request&X-Amz-Date=20260819T085427Z&X-Amz-Expires=86400&X-Amz-SignedHeaders=host&X-Amz-Signature=7c887c4a2ccf7bb3436f4e3639456894d3592c1a209b8a681fb83eb1ff59121a": EOF
