record_id,research_question,allowed_years,hrs_column_ids,explanation,source_paper_title,label_provenance,trace_id
oadd-hrs-15661-q1,"How has daily cigarette consumption changed among older adults, and do trends differ across demographic groups?",2006; 2008; 2010; 2012; 2014; 2016; 2018; 2020; 2022,KA501; LA501; MA501; NA501; OA501; PA501; QA501; RA501; SA501; KC117; LC117; MC117; NC117; OC117; PC117; QC117; RC117; SC117; KC118; LC118; MC118; NC118; OC118; PC118; QC118; RC118; SC118; SEX; RACE; HISPANIC; KAGE; LAGE; MAGE; NAGE; OAGE; PAGE; QAGE; RAGE; SAGE,"Exposure — Survey wave or calendar year: Biennial HRS survey waves from 2006 through 2022 used as the time series for estimating smoking trends with joinpoint regression. || Outcome — Average daily cigarette consumption: Among respondents identified as currently smoking, average number of cigarettes usually smoked per day at the time of interview, measured as a count of cigarettes per day. || Moderator — Sex: Respondent sex categorized as female versus male for stratified trend analyses. || Moderator — Race/ethnicity: Respondent race/ethnicity grouped as non-Hispanic White, non-Hispanic Black, non-Hispanic Other, and Hispanic for stratified trend analyses. || Focal measurement completion — Annotation-supported completion: The annotation retained interview year, cigarettes per day, sex, race, and Hispanic origin, and added the current-smoking routing item and wave-specific age needed for the analyzed smoker subset and demographic strata.","Demographic Trends and Disparities in Cigarette Consumption Among U.S. Older Adults, 2006-2022.",human_annotated,q1
oadd-hrs-15905-q1,How are different forms of social participation related to cognitive functioning over time?,2010; 2012; 2014; 2016; 2018; 2020,MLB017A; NLB017A; OLB016A; PLB016A; QLB016A; RLB016A; MB082; NB082; OB082; PB082; QB082; RB082; MLB001F; NLB001F; OLB001F; PLB001F; QLB001F; RLB001F; MLB001G; NLB001G; OLB001G; PLB001G; QLB001G; RLB001G; MLB001D; NLB001D; OLB001D; PLB001D; QLB001D; RLB001D; MLB001C; NLB001C; OLB001C; PLB001C; QLB001C; RLB001C; MD151; ND151; OD151; PD151; QD151; RD151; MD152; ND152; OD152; PD152; QD152; RD152; MD174; ND174; OD174; PD174; QD174; RD174; MD184; ND184; OD184; PD184; QD184; RD184,"Exposure measurements: Separate HRS social participation activity indicators were derived from frequency questions and transformed for the main regression analyses into binary measures equal to 1 when the respondent took part in the activity at least monthly and 0 otherwise. HRS activities included meeting friends, attending religious services, going to a sport/social/other club, attending meetings of non-religious organizations, doing volunteer or charity work not with children/young people, and doing volunteer work with children or young people. The paper also reports a summed activity count for description, but the focal regression models use the separate at-least-monthly activity indicators. || Outcome measurements: Binary cognitive outcome coded 1 if the respondent correctly reported both the current month and date, and 0 otherwise. The paper uses this as the comparable temporal orientation measure in HRS mixed-effect logistic regression models. || Outcome measurements: Total word recall score ranging from 0 to 20, based on immediate and delayed recall of a 10-noun list. Interviewer reads ten nouns, respondent recalls as many as possible immediately for up to 10 points; after about five minutes, respondent recalls the same list again, producing a combined immediate plus delayed score from 0 to 20. Used as the HRS episodic memory outcome in mixed-effect linear regression models. || Focal measurement completion — Annotation-supported completion: The annotation retained the six participation forms and the two cognitive outcomes, adding omitted youth-volunteering fields in the later waves.",Older Adult Social Participation and Cognition: Illustrating Survey and Measurement Heterogeneity Across Studies.,human_annotated,q1
oadd-hrs-15808-q1,Can positive views of aging help older adults maintain or improve their cognitive functioning and mobility?,2008; 2010; 2012; 2014; 2016; 2018; 2020; 2022,LLB029B1; MLB029B1; LLB029B2; MLB029B2; LLB029B3; MLB029B3; LLB029B4; MLB029B4; LLB029B5; MLB029B5; LD124; LD129; LD142; LD143; LD144; LD145; LD146; LD174; LD184; MD124; MD129; MD142; MD143; MD144; MD145; MD146; MD174; MD184; ND124; ND129; ND142; ND143; ND144; ND145; ND146; ND174; ND184; OD124; OD129; OD142; OD143; OD144; OD145; OD146; OD174; OD184; PD124; PD129; PD142; PD143; PD144; PD145; PD146; PD174; PD184; QD124; QD129; QD142; QD143; QD144; QD145; QD146; QD174; QD184; QD174W; QD184W; RD124; RD129; RD142; RD143; RD144; RD145; RD146; RD174; RD184; RD174W; RD184W; SD124; SD129; SD142; SD143; SD144; SD145; SD146; SD174; SD184; SD174W; SD184W; LI823; MI823; NI823; OI823; PI823; QI823; SI823; LI824; MI824; NI824; OI824; PI824; QI824; SI824,"Exposure — Positive age beliefs: Baseline score on the five-item Attitude Toward Aging subscale of the Philadelphia Geriatric Center Morale Scale. Responses range from strongly disagree to strongly agree; negative items are reverse-scored. Total scores range from 5 to 30, with higher scores indicating more-positive age beliefs. The participant’s first age-belief wave, administered to one random half of the HRS sample in 2008 and the other half in 2010, was used as baseline. The primary models used the score as a predictor; a median split was used only for Figure 1. || Outcome — Physical improvement in walking speed: Change in walking speed from baseline to the participant’s last follow-up wave, up to 12 years later. HRS walking speed was assessed by asking participants to walk at normal speed, using walking devices if helpful, over 8.21 feet / 2.5 meters, with two trials at baseline and follow-up waves. Speed was calculated as distance divided by time; the analysis used the faster of the two trials to assess maximum capability. Baseline walking speed was reported in cm/s. For the primary binary outcome, participants were coded 1 if last-follow-up walking speed exceeded baseline walking speed and 0 if they stayed the same or walked slower. || Outcome — Cognitive improvement: Change in 27-point Telephone Interview for Cognitive Status (TICS) global cognition score from baseline to the participant’s last follow-up wave, up to 12 years later. The paper subtracted baseline TICS from last-follow-up TICS; larger values indicate improvement. For the primary binary outcome, participants were coded 1 if the difference was above 0 and 0 if cognition stayed the same or declined.",Aging Redefined: Cognitive and Physical Improvement with Positive Age Beliefs,literature_mined,q1
oadd-hrs-15690-q1,Could blood-based indicators of sarcopenia signal current or future osteoarthritis in later life?,2016; 2020,PCR; PCYSC; PC070; RC070; PC219; RC219,"Exposure — Sarcopenia index based on serum creatinine and cystatin C: Primary exposure measured at the 2016 HRS wave from venous blood biomarkers. The sarcopenia index was calculated as serum creatinine divided by serum cystatin C, multiplied by 100. Analyses treated SI both continuously per 1-SD increase and categorically in quartiles, with the lowest quartile as reference. || Outcome — Osteoarthritis status: prevalent and incident self-reported doctor-diagnosed OA: Outcome was self-reported osteoarthritis. Prevalent OA at 2016 baseline required participants to report that a doctor had ever told them they had arthritis or rheumatism and then specify that the type was osteoarthritis. Incident OA was defined among participants free of OA at baseline as a new OA diagnosis reported during follow-up from the 2016 interview through the 2020 wave.",Association between the sarcopenia index and osteoarthritis: a cross-sectional and longitudinal study.,literature_mined,q1
oadd-hrs-15740-q1,Could blood markers of inflammation help predict cognitive decline in later life?,2016; 2018; 2020,PTNFR1; PD124; PD129; PD142; PD143; PD144; PD145; PD146; PD174; PD184; QD124; QD129; QD142; QD143; QD144; QD145; QD146; QD174; QD184; QD174W; QD184W; RD124; RD129; RD142; RD143; RD144; RD145; RD146; RD174; RD184; RD174W; RD184W,"Exposure — Baseline circulating soluble tumor necrosis factor receptor 1: Serum sTNFR1 concentration measured at the 2016 HRS Venous Blood Study blood draw, reported in pg/mL. The main HRS models used baseline log-transformed sTNFR1 as a continuous predictor; exploratory models also used sTNFR1 quartiles. || Focal measurement — Longitudinal global cognition: 27-point total cognitive score.","Association of soluble tumor necrosis factor receptor 1 with tau pathology, brain atrophy, and cognitive decline: a longitudinal study.",literature_mined,q1
oadd-hrs-15799-q1,Could repeated experiences of unfair treatment contribute to cardiovascular risk among older Black adults?,2006; 2008; 2010; 2012; 2014; 2016; 2018; 2020,KLB030A; LLB030A; MLB030A; NLB030A; OLB029A; PLB029A; QLB029A; RLB029A; KLB030B; LLB030B; MLB030B; NLB030B; OLB029B; PLB029B; QLB029B; RLB029B; KLB030C; LLB030C; MLB030C; NLB030C; OLB029C; PLB029C; QLB029C; RLB029C; KLB030D; LLB030D; MLB030D; NLB030D; OLB029D; PLB029D; QLB029D; RLB029D; KLB030E; LLB030E; MLB030E; NLB030E; OLB029E; PLB029E; QLB029E; RLB029E; KC036; LC036; MC036; NC036; OC036; PC036; QC036; RC036,"Exposure — Everyday discrimination / everyday unfair treatment: Time-varying five-item Everyday Discrimination Scale measured in the HRS psychosocial questionnaire at four psychosocial timepoints. Respondents reported frequency of day-to-day discrimination experiences on a 6-point scale from almost every day to never. Responses were reverse-coded and shifted so 0 represented never and 5 represented almost every day, then averaged across the five items to create a continuous score ranging 0–5; primary models used the continuous score. || Outcome — Incident cardiovascular disease: Self-reported doctor diagnosis of cardiovascular disease assessed at each study timepoint. The question asked whether a doctor had ever told the participant they had a heart attack, coronary heart disease, angina, congestive heart failure, or other heart problems. Responses were coded yes/no. Incident CVD was defined as reporting no history of CVD at baseline and subsequently reporting CVD during the 12-year follow-up.",Experiencing Unfair Treatment is Associated with Incident Cardiovascular Disease Among Older Black Adults.,literature_mined,q1
oadd-hrs-15549-q1,Could long-term patterns of depressive symptoms be connected to chronic lung disease and function in later life?,2000; 2002; 2004; 2006; 2008; 2010; 2012; 2014,G1669; G1670; G1671; G1672; G1673; G1674; G1675; G1676; HD110; JD110; HD111; JD111; HD112; JD112; HD113; JD113; HD114; JD114; HD115; JD115; HD116; JD116; HD117; JD117; KC030; LC030; MC030; NC030; OC030; KI807; KI808; KI809,"Exposure — Depressive symptom trajectory based on overall CESD-8 depressive symptoms: For HRS, depressive symptoms were measured at Wave 5, Wave 6, and Wave 7 using the 8-item CESD, with eight binary yes/no past-week symptom items summed to a total score from 0 to 8. Overall elevated depressive symptoms were defined as CESD-8 score ≥3 at each wave. Five trajectory categories over the three waves were predefined from whether symptoms were elevated over time: consistently low, decreasing, fluctuating, increasing, and consistently high. || Outcome — Incident chronic lung diseases: Incident CLDs in HRS were identified during follow-up after the depressive-symptom trajectory exposure period, from Wave 8 through Wave 12, using self-reported physician diagnoses. The CLD definition included chronic bronchitis, emphysema, and other pulmonary diseases, while excluding asthma and lung cancer. Time-to-event follow-up ended at first CLD occurrence or censoring. || Outcome — Peak expiratory flow lung function: Lung function in HRS was assessed at Wave 8 using peak expiratory flow. Trained technicians measured PEF with a peak flow meter. Participants stood upright, took a deep breath, and blew into the meter as forcefully and quickly as possible three times; the maximum of the three PEF values was used for analysis. The paper does not state the measurement unit in the supplied text.",Association between depressive symptom and respiratory health in two prospective cohort studies.,literature_mined,q1
oadd-hrs-15902-q1,"How might mobility, strength, respiratory function, and body composition relate to executive function and memory in later life?",2016,PI823; PI824; PI807; PI808; PI809; PI816; PI851; PI852; PI853; PI834; PI841; R1TMA_SCORE; R1TMB_SCORE; R1DIG_SCORE; R1LC_SCORE; R1BC_SCORE; R1WORD_DSCORE; R1BM_DELSCORE; R1LMB_DELSCORE,"Focal measurements: Walking speed in seconds: first 8-foot normal-pace walking trial; Walking speed in seconds: second 8-foot normal-pace walking trial; Respiratory function / peak expiratory flow in L/min: puff test trial 1; Respiratory function / peak expiratory flow in L/min: puff test trial 2; Respiratory function / peak expiratory flow in L/min: puff test trial 3; Grip strength in kg: left hand first trial; Grip strength in kg: right hand first trial; Grip strength in kg: left hand second trial; Grip strength in kg: right hand second trial; BMI from measured height and weight: measured height; BMI from measured height and weight: measured weight. || Outcome measurements: Composite cognitive outcome derived from HCAP cognitive tasks. PCA identified an executive functions/processing speed cluster composed of Trail Making Test A, Trail Making Test B, Symbol Digit Modalities Test, Letter Cancellation, and Backwards Count. The paper reports that z-scores were calculated for each task using the study sample mean and standard deviation, then average composite z-scores were computed for this domain. Exact direction harmonization for timed tasks is not fully described in the supplied text. || Outcome measurements: Composite cognitive outcome derived from HCAP verbal episodic memory tasks. PCA identified an episodic memory cluster composed of delayed recall performance on Logical Memory, Brave Man story, and CERAD Word List. The paper reports that z-scores were calculated for each task using the study sample mean and standard deviation, then averaged into an episodic memory composite z-score.",Exploring the relative contributions of multiple modifiable physical health variables to executive function and episodic memory performance in older adults.,literature_mined,q1
oadd-hrs-15700-q1,Could early smoking experiences shape heart disease and diabetes risk later in life?,2010; 2012; 2014; 2016; 2018; 2020,MC120; NC120; OC120; PC120; QC120; RC120; MC121; NC121; OC121; PC121; QC121; RC121; MC122; NC122; OC122; PC122; QC122; RC122; MC036; NC036; OC036; PC036; QC036; RC036; MC010; NC010; OC010; PC010; QC010; RC010,"Exposure — Smoking initiation age: Age at which an ever-smoking participant began smoking, analyzed as a continuous age in years and also categorized to contrast very early childhood initiation with later initiation. The primary categorical versions were <10 versus ≥10 years, and <10, 10–19, and ≥20 years. Secondary thresholding at ≤14 years was sensitivity-only and is not required for this question. || Outcome measurements: Incident heart problems and incident diabetes during follow-up among participants without either condition at baseline. Heart problems followed the dataset definition of a doctor ever telling the respondent they had heart attack, coronary heart disease, angina, congestive heart failure, or other heart problems. Diabetes was treated as an incident diagnosed condition during follow-up. For multi-state models, survey wave was the time scale and participant states included baseline healthy, heart problems only, diabetes only, and co-occurrence of heart problems and diabetes; if both diseases were first reported in the same survey wave, this was counted as co-occurrence.",Associations of childhood smoking initiation age with cardiometabolic multi-morbidity and mortality: a multi-national cohort study.,literature_mined,q1
oadd-hrs-15199-q1,How might race and ethnicity shape cognitive aging and dementia risk?,2016,RACE; HISPANIC; R1MMSE_SCORE,"Exposure — Race and ethnicity group: Mutually exclusive racial/ethnic categories comparing non-Hispanic White participants with non-Hispanic Black participants and Hispanic participants; participants identifying as other race/ethnicity were excluded from the analytic comparisons. || Outcome — Cognitive functioning and dementia classification: Cognitive functioning was measured in the 2016 HCAP using the Mini-Mental State Examination score, ranging from 0 to 30 with higher scores indicating better cognitive functioning. Cognitive status was classified using MMSE cut points: >25 healthy cognition, 18–24 mild cognitive impairment, and <17 dementia. The Oaxaca-Blinder decomposition used cognitive functioning scores, while logistic models used dementia classification.",Decomposing Racial and Ethnic Disparities in Risk and Protective Factors of Dementia in the U.S.,literature_mined,q1
oadd-hrs-15729-q1,Could inflammation and lipid balance help predict survival among older adults with kidney disease?,2016; 2018; 2020,PAMON; PHDLD; NYEAR; NMONTH; XQA121; XQA123; XRA121; XRA123,"Exposure — Monocyte-to-HDL cholesterol ratio: Calculated at the HRS 2016 Venous Blood Study baseline by dividing total monocyte count from complete blood count by HDL cholesterol concentration from venous blood lipid testing. HDL-C was measured directly by homogeneous enzymatic assay; lipid values were converted to mmol/L. Complete blood counts in HRS used EDTA-anticoagulated whole blood analyzed with standardized hematology analyzers. || Outcome — All-cause mortality: Death from any cause after the 2016 HRS baseline, followed through 2020. Mortality status in HRS was identified through biennial participant or proxy interviews combined with National Death Index linkage; analyses used time to death or censoring over approximately four years.",Monocyte-to-HDL ratio (MHR) is associated with overall and renal mortality in community-dwelling older individuals with chronic kidney disease (CKD).,literature_mined,q1
oadd-hrs-15387-q1,How do experiences with and attitudes toward cannabis differ across later adulthood?,2018,QV402; QV403; QV411; QV412; QV413; QV414M; QV416; QV417; QV418; QV419; QA019; QX060_R,"Outcome — Cannabis use behaviors and medical-use experiences: Battery from the 2018 HRS experimental cannabis module. Past-year and lifetime cannabis use were assessed for module participants, with nonresponse on these two use items imputed to no use. Among lifetime cannabis users, the paper analyzed method of consumption as smoking versus other than smoking, medical cannabis use defined as cannabis use for treatment of health problems, and healthcare-provider involvement/recommendation for medical cannabis. Among medical cannabis users, reported health conditions or symptoms treated with cannabis were categorized into emotional/psychological, neurologic/sensory, physical, and miscellaneous/other conditions. || Outcome — Attitudes toward cannabis use: Binary attitude questions in the 2018 HRS cannabis module, asked of all module participants regardless of cannabis-use history. The analyzed items captured current belief that medical cannabis use is acceptable, retrospective belief at age 18 that medical cannabis use was acceptable, current belief that cannabis leads to harder-drug use, and current belief that enforcement of cannabis laws should be restricted. || Moderator — Age group among middle-aged and older adults: Respondent age was used to define the study population and stratify comparisons. The primary age grouping contrasted middle-aged adults aged 50–64 years with older adults aged 65 years or older; a more detailed older-adult grouping separated ages 65–74 years and 75 years or older. || Moderator — Sex: Respondent sex categorized as male or female; prevalence of cannabis behaviors and attitudes was reported by sex within age groups.",Epidemiology of Cannabis Use Among Middle-Aged and Older Adults in the United States.,literature_mined,q1
oadd-hrs-15313-q1,Could vision impairment be connected to sleep quality in later life?,2018,QC095; QC097; QC096; QC083; QC084; QC085; QC086; QN364,"Exposure measurements: Self-rated eyesight/near and distance vision while using glasses or corrective lenses, rated on a five-level scale from excellent to poor; classified as vision impaired if the respondent reported fair or poor vision even with glasses. || Mediator measurements: Five-component sleep quality scale based on insomnia symptoms and sleep medication use. Four symptom components use a three-category frequency scale and are reverse-scored so higher values indicate poorer sleep quality; regular sleep medication use is binary. Components are summed and adjusted to a 0–9 scale, with higher scores representing poorer sleep quality.",Effects of vision impairment on cognitive function: the bidirectional chain mediating role of sleep quality and psychological disorders,human_annotated,q1
oadd-hrs-15943-q1,Could social participation and internet use help protect against depressive symptoms in later life?,2008; 2010; 2012; 2014; 2016; 2018; 2020,LLB001E; MLB001F; NLB001F; OLB001F; PLB001F; QLB001F; RLB001F; LLB001F; MLB001G; NLB001G; OLB001G; PLB001G; QLB001G; RLB001G; LW303; MW303; NW303; OW303; PW303; QW303; RW303,"Exposure — Social participation: Binary time-varying exposure. For HRS, participants were classified as socially participating if they reported participation in at least one social group in the past month. The paper contrasted an always socially active strategy with a never socially active strategy across follow-up. || Exposure — Digital use / internet use: Binary time-varying exposure. For HRS, participants were classified as exposed if they reported regular internet use. The paper contrasted an always digital-use strategy with a never digital-use strategy across follow-up.",Social and digital engagement associated with reduced depressive symptoms in adults aged 50 and older: a multi-country cohort study.,literature_mined,q1
oadd-hrs-13988-q1,Could personality shape the use of multiple prescription medications in later life?,2008; 2010; 2016,LLB033A; MLB033A; LLB033B; MLB033B; LLB033C; MLB033D; LLB033D; MLB033E; LLB033E; MLB033F; LLB033F; MLB033G; LLB033G; MLB033H; LLB033H; MLB033I; LLB033I; MLB033J; LLB033J; MLB033K; LLB033L; MLB033M; LLB033M; MLB033N; LLB033N; MLB033O; LLB033O; MLB033P; LLB033P; MLB033Q; LLB033Q; MLB033S; LLB033R; MLB033T; LLB033S; MLB033U; LLB033T; MLB033V; LLB033U; MLB033W; LLB033V; MLB033Y; LLB033W; MLB033Z_2; LLB033X; MLB033Z_3; LLB033Y; MLB033Z_4; LLB033Z; MLB033Z_5; PV501,"Exposure measurements: In HRS, baseline personality was assessed in 2008 and 2010 using the 26-item Midlife Development Inventory (MIDI). Respondents rated how well descriptive adjectives applied to them on a 1 to 4 scale, and mean scores were calculated for neuroticism, extraversion, openness, agreeableness, and conscientiousness; analyses standardized each trait to a z-score. || Outcome — Prescription medication count and polypharmacy status: In a 2016 HRS experimental module administered to about a 10% random sample of the core interview, participants reported how many different prescription medications they had used in the last month. The count was used continuously in supplementary linear analyses. Binary polypharmacy was defined as taking 5 or more medications versus 0–4 medications. Excessive polypharmacy was defined as taking 10 or more medications, with the paper describing the comparison group as 0–4 medications; HRS analyses for excessive polypharmacy therefore appear to exclude those taking 5–9 medications.",Personality traits and polypharmacy: meta-analysis of five samples.,literature_mined,q1
oadd-hrs-15104-q1,Could blood biomarkers of neurodegeneration help explain cognitive functioning and dementia risk?,2016,PAB42_40_RATIO; PGFAP; PNFL; PPTAU181; VS5GCP_EAP; VS1HCAPDX_EAP; VS2MEMIMP_EAP; VS2EXFIMP_EAP; VS2LFLIMP_EAP; VS2VISIMP; VS2ORIMP; VS3INFORMANT_IMPAIRMENT,"Exposure measurements: Four blood-based biomarkers related to brain health and Alzheimer’s disease were analyzed in the HRS: Aβ42/Aβ40 ratio, GFAP, NfL, and pTau181. In HRS, biomarkers came from 2016 venous blood collection; markers were standardized within the HRS sample for analysis. The paper also constructed a summary neurodegenerative biomarker factor score using confirmatory factor analysis based on non-log-transformed GFAP, NfL, and pTau181; Aβ42/Aβ40 was omitted from the factor score because the model did not converge when it was included. HRS pTau181 was serum-based; the other markers were described as plasma-based. || Outcome — Cognitive functioning: HRS HCAP harmonized global cognitive factor score: General cognitive functioning was measured in HRS HCAP using a harmonized cognitive factor score. The score is described as the broadest cognitive summary variable and incorporates memory, executive functioning, visuospatial, and language domains. In the HRS analyses shown for cognitive functioning, the outcome was the standardized cognitive factor score from the 2016 HCAP sample. || Outcome measurements: Dementia in HRS HCAP was assigned using an algorithm-based classification process. The process used a normative sample, standardized cognitive test performance, and classification based on impairment in at least two cognitive domains together with informant-reported functional decline.",Association of Blood-based Neurodegenerative Biomarkers with cognitive functioning and dementia in India (LASI-DAD) and the United States (HRS).,literature_mined,q1
oadd-hrs-15597-q1,Could religious participation help reduce depressive symptoms later in life?,2010; 2014; 2016; 2018,MB082; OD110; PD110; QD110; OD111; PD111; QD111; OD112; PD112; QD112; OD113; PD113; QD113; OD114; PD114; QD114; OD115; PD115; QD115; OD116; PD116; QD116; OD117; PD117; QD117,"Exposure — Religious attendance: Frequency of attending religious services during the past year, measured at baseline in 2010 on a five-point response scale and reverse-coded for analysis so higher values indicated more frequent attendance: 1 = not at all, 2 = one or more times a year, 3 = two or three times a month, 4 = once a week, 5 = more than once a week. || Outcome measurements: 8-item Center for Epidemiologic Studies Depression Scale score, measured at follow-up waves in 2014, 2016, and 2018. Respondents reported whether they experienced eight symptoms during the past week; two positive affect items were reverse-coded. Items were summed to a total score from 0 to 8, with higher scores indicating greater depressive symptom burden.",Religious attendance and depressive symptoms in later life: the mediating role of church-based social ties.,literature_mined,q1
oadd-hrs-15919-q1,Could childhood mental health shape vulnerability to depression later in life?,2008; 2010; 2012; 2014; 2016; 2018; 2020,DEPRESS; DRUG; OTPSY; LC150; MC150; NC150; OC150; PC150; QC150; RC150; LC151; MC151; NC151; OC151; PC151; QC151; RC151; LC154; MC154; NC154; OC154; PC154; QC154; RC154; LC155; MC155; NC155; OC155; PC155; QC155; RC155; LC156; MC156; NC156; OC156; PC156; QC156; RC156; LC159; MC159; NC159; OC159; PC159; QC159; RC159; LC160; MC160; NC160; OC160; PC160; QC160; RC160; LC167; MC167; NC167; OC167; PC167; QC167; RC167; LC168; MC168; NC168; OC168; PC168; QC168; RC168; LC169; MC169; NC169; OC169; PC169; QC169; RC169; LC170; MC170; NC170; OC170; PC170; QC170; RC170; LC171; MC171; NC171; OC171; PC171; QC171; RC171; LC172; MC172; NC172; OC172; PC172; QC172; RC172; LC173; MC173; NC173; OC173; PC173; QC173; RC173; LC174; MC174; NC174; OC174; PC174; QC174; RC174; LC175; MC175; NC175; OC175; PC175; QC175; RC175; LC176; MC176; NC176; OC176; PC176; QC176; RC176; LC177; MC177; NC177; OC177; PC177; QC177; RC177,"Exposure — Childhood mental health condition: Retrospective binary indicator of any childhood mental health condition before age 16. Coded 1 if the respondent endorsed any of three childhood items: depression, alcohol or drug problems, or other emotional or psychological issues; otherwise coded 0. || Outcome — Incident major depression in later life: Time-to-event outcome based on biennial HRS CIDI-SF assessments from 2008 through 2020. Major depression was defined as CIDI-SF score ≥5, indicating five or more depressive symptoms occurring in the same two-week period during the last 12 months. In survival analysis, this binary indicator served as the failure event.",Childhood mental health and major depression in later life: a survival analysis across 12 years.,literature_mined,q1
oadd-hrs-15367-q1,Could social participation and neighborhood conditions shape cognitive impairment and dementia risk over time?,2010; 2012; 2014; 2016; 2018; 2020,MLB001C; NLB001C; OLB001C; PLB001C; QLB001C; RLB001C; MLB001D; NLB001D; OLB001D; PLB001D; QLB001D; RLB001D; MLB001G; NLB001G; OLB001G; PLB001G; QLB001G; RLB001G; MLB001E; NLB001E; OLB001E; PLB001E; QLB001E; RLB001E; MLB001F; NLB001F; OLB001F; PLB001F; QLB001F; RLB001F; MD124; MD129; MD142; MD143; MD144; MD145; MD146; MD174; MD184; ND124; ND129; ND142; ND143; ND144; ND145; ND146; ND174; ND184; OD124; OD129; OD142; OD143; OD144; OD145; OD146; OD174; OD184; PD124; PD129; PD142; PD143; PD144; PD145; PD146; PD174; PD184; QD124; QD129; QD142; QD143; QD144; QD145; QD146; QD174; QD184; QD174W; QD184W; RD124; RD129; RD142; RD143; RD144; RD145; RD146; RD174; RD184; RD174W; RD184W; MLB021A; NLB021A; OLB020A; PLB020A; QLB020A; RLB020A; MLB021C; NLB021C; OLB020C; PLB020C; QLB020C; RLB020C; MLB021E; NLB021E; OLB020E; PLB020E; QLB020E; RLB020E; MLB021G; NLB021G; OLB020G; PLB020G; QLB020G; RLB020G; MLB021B; NLB021B; OLB020B; PLB020B; QLB020B; RLB020B; MLB021D; NLB021D; OLB020D; PLB020D; QLB020D; RLB020D; MLB021F; NLB021F; OLB020F; PLB020F; QLB020F; RLB020F; MLB021H; NLB021H; OLB020H; PLB020H; QLB020H; RLB020H,"Exposure — Social activity participation: SoPart-10 social participation scale from HRS Psychosocial/LBQ activity-frequency items. Five activity items were each trichotomized from the original frequency response scale into never to less than monthly = 0, monthly to less than weekly = 1, and more frequent = 2, then summed for a total score ranging from 0 to 10, with higher scores indicating more frequent engagement. || Moderator — Perceived neighborhood social cohesion: Composite neighborhood social cohesion measure from four respondent ratings of the local area, defined as within a 20-minute walk or one mile from home. Items were rated on a 1–7 sliding scale; the four-item average was categorized into low, neutral, and high cohesion groups, described as low = 1 to 3, neutral = 4, and high = 5 to 7. || Moderator — Perceived neighborhood physical disorder: Composite perceived neighborhood physical disorder measure from four respondent ratings of the local area, defined as within a 20-minute walk or one mile from home. Items were rated on a 1–7 sliding scale; the four-item average was categorized into low, neutral, and high disorder groups, described as low = 1 to 3, neutral = 4, and high = 5 to 7. || Outcome — Cognitive impairment with no dementia and probable dementia: Cognitive status was based on a Modified Telephone Interview for Cognitive Status (TICS-M) composite score ranging from 0 to 27, constructed from memory, concentration, and executive-functioning tasks. Scores of 12–27 were classified as normal cognition, 7–11 as cognitively impaired but no dementia (CIND), and 0–6 as probable dementia. The study constructed two separate binary outcomes: CIND and probable dementia.",Cognitive Impairment and Contexts: Examining the Intersections of Social Activity Participation and Neighborhood Perceptions.,human_annotated,q1
oadd-hrs-11913-q1,Could changes in internet use influence cognitive aging differently across generations?,2002; 2004; 2006; 2008; 2010; 2012; 2014; 2016; 2018,HW303; JW303; KW303; LW303; MW303; NW303; OW303; PW303; QW303; R6COGTOT; R7COGTOT; R8COGTOT; R9COGTOT; R10COGTOT; R11COGTOT; R12COGTOT; R13COGTOT; R14COGTOTP; STUDY,"Exposure — Internet use transitions: At each wave, respondents reported whether they regularly used the World Wide Web or Internet for e-mail or other purposes. The analysis treated Internet use as dichotomous and decomposed within-person change into asymmetric components: transitioning into Internet use, from nonuse to use, and transitioning out of Internet use, from use to nonuse. || Outcome — Cognitive functioning: Repeated 35-point modified Telephone Interview for Cognitive Status score at each wave, with higher scores indicating better cognitive functioning. The study modeled both concurrent cognitive functioning and rate of cognitive decline over time using repeated wave scores. || Moderator — Birth cohort context: Respondents were classified using HRS-designed birth cohorts and then collapsed into a binary moderator distinguishing those born in 1942 or after from those born in 1941 or before.",Internet Use and Cognitive Functioning in Later Life: Focus on Asymmetric Effects and Contextual Factors.,literature_mined,q1
oadd-hrs-11210-q1,"How might childhood adversity and combat exposure shape later-life well-being, and could supportive parent-child relationships alter those connections?",2008; 2010; 2012,LB020; MB020; LB021; MB021; LLB037K; MLB037K; LLB037L; MLB037L; LLB037M; MLB037M; LLB037N; MLB037N; LLB037C; MLB037C; MD110; ND110; MD111; ND111; MD112; ND112; MD114; ND114; MD116; ND116; MD117; ND117; MD113; ND113; MD115; ND115; MC001; NC001; MB000; NB000; LLB037I; MLB037I; LLB037H; MLB037H; LLB037J; MLB037J; LLB032D; LLB032E; MLB032D; MLB032E,"Exposure measurements: Count index of six dichotomized retrospective adversity items. Family financial status before age 16 coded 1 if poor and 0 otherwise; family move due to financial difficulties before age 16 coded yes/no; repeated a school year before age 18 coded yes/no; trouble with police before age 18 coded yes/no; parental drinking or drug use causing family problems before age 18 coded yes/no; physical abuse by either parent before age 18 coded yes/no. Affirmative/adverse responses summed, range 0–6. || Exposure — Combat exposure: Separate young-adulthood adversity indicator coded 1 if respondent reported ever firing a weapon in combat or being fired upon in combat, 0 otherwise. Not included in the childhood adversity index. || Outcome measurements: Three later-wave subjective well-being indicators: (1) short-form CES-D depressive symptoms count, summing eight yes/no past-week symptoms with the two positive affect items reverse coded, range 0–8; (2) self-rated health single item treated continuously from 1=poor to 5=excellent; and (3) global life satisfaction single item treated continuously from 1=not at all satisfied to 5=completely satisfied. || Moderator measurements: Supportive parent-child relationship index based on five dichotomized retrospective items: three mother-care/upbringing items coded 1 for a lot or some versus 0 for a little or not at all, plus good relationship with mother before age 18 and good relationship with father before age 18 coded yes/no. Higher summed scores indicate more supportive parent-child relationships, range 0–5.",Subjective well-being among male veterans in later life: The enduring effects of early life adversity.,human_annotated,q1
oadd-hrs-14632-q1,Could working memory and attention skills protect against diabetes in later life?,2012; 2014; 2016; 2018; 2020,NC010; OC010; PC010; QC010; RC010; NC214; OC214; PC214; QC214; RC214; ND142; OD142; PD142; QD142; RD142; ND143; OD143; PD143; QD143; RD143; ND144; OD144; PD144; QD144; RD144; ND145; OD145; PD145; QD145; RD145; ND146; OD146; PD146; QD146; RD146; ND124; OD124; PD124; QD124; RD124; ND129; OD129; PD129; QD129; RD129,"Outcome — Doctor-diagnosed diabetes onset: Binary indicator of whether a doctor had told the respondent they had diabetes, coded 1 for yes and 0 for no, with onset timing based on the reported year diabetes was first diagnosed. The study focused on diabetes diagnoses occurring between 2012 and 2020 and did not distinguish type 1 from type 2 diabetes. || Exposure — Working memory score from serial seven subtraction: Telephone Interview for Cognitive Status-27 seven subtraction task. Respondents subtracted 7 from 100 five times, earning one point for each correct answer, for a per-wave score from 0 to 5; descriptive results indicate the study summed this score across 2012–2020 waves, giving a possible range of 0 to 25. || Exposure — Attention and processing speed score from backward counting: Telephone Interview for Cognitive Status-27 backward counting task used to measure attention and processing speed. Respondents counted backward continuously from 20 to 10 twice; each correct trial was worth one point, for a per-wave score from 0 to 2. Descriptive results indicate the study summed this score across 2012–2020 waves, giving a possible range of 0 to 10.","Association of diabetes risk with changes in memory, working memory, and processing speed among older adults.",literature_mined,q1
oadd-hrs-15304-q1,Could loneliness and depressive symptoms contribute to cognitive impairment in later life?,2010; 2012; 2014; 2016; 2018; 2020,R10COG27; R11COG27; R12COG27; R13COG27; R14COG27; R15COG27; MLB020A; NLB020A; OLB019A; PLB019A; QLB019A; RLB019A; MLB020B; NLB020B; OLB019B; PLB019B; QLB019B; RLB019B; MLB020C; NLB020C; OLB019C; PLB019C; QLB019C; RLB019C; MLB020D; NLB020D; OLB019D; PLB019D; QLB019D; RLB019D; MLB020E; NLB020E; OLB019E; PLB019E; QLB019E; RLB019E; MLB020F; NLB020F; OLB019F; PLB019F; QLB019F; RLB019F; MLB020G; NLB020G; OLB019G; PLB019G; QLB019G; RLB019G; MLB020H; NLB020H; OLB019H; PLB019H; QLB019H; RLB019H; MLB020I; NLB020I; OLB019I; PLB019I; QLB019I; RLB019I; MLB020J; NLB020J; OLB019J; PLB019J; QLB019J; RLB019J; MLB020K; NLB020K; OLB019K; PLB019K; QLB019K; RLB019K; MD110; ND110; OD110; PD110; QD110; RD110; MD111; ND111; OD111; PD111; QD111; RD111; MD112; ND112; OD112; PD112; QD112; RD112; MD113; ND113; OD113; PD113; QD113; RD113; MD114; ND114; OD114; PD114; QD114; RD114; MD115; ND115; OD115; PD115; QD115; RD115; MD116; ND116; OD116; PD116; QD116; RD116; MD117; ND117; OD117; PD117; QD117; RD117,"Outcome — Incident cognitive impairment: Cognitive function was scored with the 27-point Langa-Weir Classification Scale using HRS cognitive tests. Cognitive impairment was coded as yes when the score was less than 12 and no otherwise. Participants completed cognitive tests each wave, enabling a discrete-time time-to-event outcome for development of cognitive impairment. || Exposure — Loneliness: An 11-item loneliness scale from the Leave Behind survey. Each item was scored 1 = often, 2 = some of the time, and 3 = hardly ever or never; some items were reverse-scored and the average was calculated. Final score ranges from 1 to 3, with higher scores indicating greater loneliness. || Exposure — Depressive symptoms / CES-D score: An 8-item Center for Epidemiological Studies Depression scale adapted in HRS with yes/no responses. Each endorsed depressive-symptom item was scored 1, with positively worded items reverse-coded. Total score ranges from 0 to 8, with higher scores indicating greater depression.",Exploring the Impact of Social Connection Dimensions on Cognitive Impairment in Older Adults: Observational Cohort Study.,literature_mined,q1
oadd-hrs-12244-q1,How might childhood socioeconomic conditions shape college completion later in life?,1992; 1994; 1995; 1996; 1998; 2000; 2002; 2004; 2006; 2008; 2010; 2012; 2014; 2016; 2018,V213; F1000; G1087; HB026; JB026; KB026; LB026; MB026; NB026; OB026; PB026; QB026; V212; F1001; G1088; HB027; JB027; KB027; LB027; MB027; NB027; OB027; PB027; QB027; F993; G1080; HB020; JB020; KB020; LB020; MB020; NB020; OB020; PB020; QB020; V207; V125; D649; E649; F987; G1074; HB014; JB014; KB014; LB014; MB014; NB014; OB014; PB014; QB014,"Exposure measurements: Retrospective childhood SES measured in the HRS Demographics module at the respondent’s first HRS interview. Includes respondent reports of father’s highest grade completed and mother’s highest grade completed, analyzed continuously in some analyses and categorically as less than 8 years, 8–11 years, and 12 or more years; and respondent report of family financial status while growing up from birth to age 16, categorized as pretty well-off, about average, or poor. || Outcome — Respondent’s own college degree attainment: Respondent’s own years of schooling reported in the baseline HRS survey, recoded for predictive-validity analyses as a binary indicator of having 16 or more years of education versus fewer than 16 years, interpreted as 4-year college degree attainment. || Exposure — Respondent’s own adult educational attainment categories: Respondent’s own baseline HRS educational attainment modeled categorically in analyses estimating education differences in later-life outcomes: less than 12 years, 12 years, 13–15 years, and 16 or more years.",The Validity and Reliability of Retrospective Measures of Childhood Socioeconomic Status in the Health and Retirement Study: Evidence from the 1940 U.S. Census.,literature_mined,q1
oadd-hrs-15032-q1,How might persistent hearing or vision problems affect depression in later life?,1998; 2000; 2002; 2004; 2006; 2008; 2010; 2012; 2014; 2016; 2018; 2020,F1236; G1369; HC103; JC103; KC103; F1228; F1229; F1230; G1361; G1362; G1363; HC095; JC095; KC095; HC096; JC096; KC096; HC097; JC097; KC097; LD110; MD110; ND110; OD110; PD110; QD110; RD110; LD111; MD111; ND111; OD111; PD111; QD111; RD111; LD112; MD112; ND112; OD112; PD112; QD112; RD112; LD113; MD113; ND113; OD113; PD113; QD113; RD113; LD114; MD114; ND114; OD114; PD114; QD114; RD114; LD115; MD115; ND115; OD115; PD115; QD115; RD115; LD116; MD116; ND116; OD116; PD116; QD116; RD116; LD117; MD117; ND117; OD117; PD117; QD117; RD117,"Exposure — Cumulative hearing loss: Self-rated hearing was measured in each HRS wave from 1998 through 2006. Respondents rating their hearing as fair or poor, using a hearing aid as usual, were classified as having hearing loss for that wave; excellent, very good, or good were classified as no hearing loss. Cumulative hearing loss was the count of waves with hearing loss across the five exposure waves, ranging from 0 to 5, and was also categorized as never, 1 time point, 2 time points, or ≥3 time points. || Exposure — Cumulative vision loss: Vision was measured in each HRS wave from 1998 through 2006 using self-rated overall eyesight, distance vision, and near vision, using glasses or corrective lenses as usual. If any of the three vision ratings was fair, poor, or legally blind, the respondent was classified as having vision loss for that wave; other responses were classified as no vision loss. Cumulative vision loss was counted across the five exposure waves, using the same frequency approach as cumulative hearing loss, and was also categorized as never, 1 time point, 2 time points, or ≥3 time points. || Exposure — Cumulative dual sensory loss: For each HRS wave from 1998 through 2006, dual sensory loss was defined as having both wave-specific hearing loss and wave-specific vision loss in the same wave. Cumulative dual sensory loss was the count of waves with dual sensory loss across the five exposure waves, ranging from 0 to 5, and was analyzed continuously and categorically as never, 1 time point, 2 time points, or ≥3 time points. || Exposure — Cumulative any sensory loss: For each HRS wave from 1998 through 2006, any sensory loss was defined as having either wave-specific vision loss or wave-specific hearing loss in the same wave. The paper reports cumulative any sensory loss as a continuous index ranging from 0 to 10 and as categories of never, 1 time point, 2 time points, or ≥3 time points. || Outcome — Depressive symptom trajectory: Depressive symptoms were measured repeatedly from HRS 2008 through 2020 using the 8-item short Center for Epidemiologic Studies Depression Scale. Each item was scored 0 for symptom absent or 1 for symptom present, producing a total score from 0 to 8, with higher scores indicating more severe depressive symptoms. Longitudinal analyses modeled change in CES-D scores over follow-up. || Outcome — Incident depression: Depression was defined as an 8-item CES-D total score of 3 or higher. For incident depression analyses, participants with prevalent depression at the 2008 baseline were excluded, and new depression was assessed during follow-up from 2008 through 2020.",Associations of cumulative hearing and vision loss with depression among U.S. adults aged 50 and older: results from the health and retirement study.,literature_mined,q1
oadd-hrs-13168-q1,Could vitamin D help connect personality with memory in later life?,2012; 2014; 2016; 2018,PVD2; PVD3; QD174; QD184; QD174W; QD184W,"Mediator measurements: In HRS, vitamin D was measured from blood collected in the 2016 Venous Blood Study. Assays used liquid chromatography coupled to tandem mass spectrometry at the University of Michigan Advanced Research and Diagnostic Laboratory. Vitamin D was measured separately as Vitamin D2 and Vitamin D3 in ng/mL; both were natural-log transformed and entered simultaneously as mediators in the HRS analyses. || Outcome measurements: Follow-up memory in HRS 2018 was assessed with immediate and delayed recall tasks. Participants heard/read a list of 10 common words and recalled as many as possible immediately and after about a 5-minute delay. The number of correctly recalled words across the immediate and delayed trials was summed to form a total memory score ranging from 0 to 20 words.",The mediating role of Vitamin D in the association between personality and memory: Evidence from two samples.,literature_mined,q1
oadd-hrs-15659-q1,"How might functional disability shape vulnerability to COVID-19 and its consequences among older adults, and what role might vaccination play?",2018; 2021,QG014; QG016; QG021; QG023; QG025; QG030; QG041; QG042; QG044; QG045; QG047; QG048; QG050; QG051; QG059; QG060; A1_21; B1_21; B2_21; B4_21; B6_21; A18_21,"Exposure — Baseline functional disability: Binary indicator measured at baseline in 2018. Respondents were classified as having functional disability if they reported any difficulty with at least one activity of daily living or instrumental activity of daily living. Responses of “yes” or “don’t do due to a health or memory problem” counted as difficulty; “no” counted as no difficulty. || Outcome — COVID-19 outcomes: Self-reported COVID-19 outcomes from the 2021 HRS Perspectives on the Pandemic Mail-in Survey. Primary outcome was COVID-19 infection. Secondary outcomes among infected respondents included emergency room use because of the virus, hospital admission because of the virus, length of hospital stay measured as number of nights, and post-COVID conditions defined as lingering physical or mental health effects from the virus. For binary outcomes, “yes” or “probably yes (I think so)” counted as positive; “no” or “probably no (I don’t think so)” counted as negative. || Mediator — COVID-19 vaccination status: Vaccination status from the 2021 Pandemic Survey. Respondents were classified as vaccinated if they reported having had two shots, having had one shot and waiting for the second, or having had one shot and not needing a second. Respondents were classified as not vaccinated if they reported having an appointment soon or no vaccination. Blank or multiple responses were treated as missing in the paper. The same measure was also used for vaccination-stratified analyses.",Association of disability with COVID-19 outcomes in older adults: a prospective analysis of the US health and retirement study.,literature_mined,q1
oadd-hrs-14707-q1,How well do dementia classifications work across racial and ethnic groups in later life?,2013; 2016,VS1HCAPDX_EAP; RACE; HISPANIC,"Outcome — HCAP cognitive status / dementia classification: Target-data criterion outcome from the 2016 HRS-HCAP in-depth cognitive assessment. Participants were assigned to one of three cognitive-status categories—normal cognition, cognitive impairment, or dementia—and the transfer-learning models were evaluated for estimating prevalent dementia status against this HCAP classification. || Moderator — Race and ethnicity group: Participants were grouped as non-Hispanic White, non-Hispanic Black, or Hispanic for eligibility/stratification and for evaluating group-specific model performance. Participants missing race/ethnicity information or identifying outside these three groups were excluded from the analytic samples.",Improving accuracy in the estimation of probable dementia in racially and ethnically diverse groups with penalized regression and transfer learning.,literature_mined,q1
oadd-hrs-15501-q1,How might pre-pandemic functional or cognitive impairment shape the later consequences of COVID-19 for older adults?,2018; 2020; 2022,RCOVW551; QG001; QG002; QG003; QG004; QG005; QG006; QG007; QG011; QG008; QG009; QG010; QG012; QD124; QD129; QD142; QD143; QD144; QD145; QD146; QD174; QD184; QD174W; QD184W; QD501; QG059; QG050; QG041; QG047; QG044; QA011; SN115; SN099; SN150; SM101; SM118; SM241; SM263,"Exposure — COVID-19 infection history: Self-reported history of COVID-19 infection, identified from either the 2020 HRS survey or the 2021 Spring/Fall Perspectives on the Pandemic HRS survey. || Moderator — Baseline functional limitation status: 2018 Functional Limitation score summing difficulty across 12 physical-function tasks. Each item with no difficulty was scored 0 and any difficulty was scored 1, producing a 0–12 score categorized as less limitations 0–2, moderate limitations 3–7, and most limitations 8–12. || Moderator — Baseline cognitive status: 2018 cognitive status categorized as normal, cognitive impairment-no dementia, or dementia. For self-respondents, the Crimmins 27-point cognitive scale used immediate and delayed 10-noun recall, serial 7 subtraction, and backward count from 20, with cut points normal 12–27, CIND 7–11, and dementia 0–6. For proxy respondents, an 11-point Langa scale used proxy memory rating, limitations in 5 IADLs, and interviewer assessment of cognitive difficulty, with cut points normal 0–2, CIND 3–5, and dementia 6–11. || Outcome — Health services use: 2022 HRS self-report indicators of whether the respondent had a nursing home stay, had a hospitalization, or saw a doctor in the last two years. || Outcome — Work-related outcomes: 2022 HRS indicators of whether the respondent was able to work, had a work-limiting impairment, or had applied for disability benefits through SSI and/or SSDI.",Health service use and work related outcomes in older adults with functional and cognitive impairments during the COVID-19 pandemic.,literature_mined,q1
oadd-hrs-15492-q1,Could body shape help predict cancer risk in later life?,2006; 2008; 2010; 2012; 2014; 2016; 2018; 2020,KI834; LI834; MI834; NI834; OI834; KI907; LI907; MI907; NI907; OI907; KC018; LC018; MC018; NC018; OC018; PC018; QC018; RC018,"Exposure measurements: Baseline body roundness index (BRI) calculated from measured standing height in meters and waist circumference in centimeters using the Thomas et al. formula. The baseline wave was each participant’s earliest eligible wave with available BRI data. The paper modeled BRI nonlinearly, then categorized participants using an RCS-derived cutoff at BRI = 5.06, primarily comparing BRI ≤ 5.06 versus BRI > 5.06; it also used four BRI groups split at 5.06 and within-category medians. || Outcome — Incident cancer diagnosis: Overall cancer incidence during follow-up, based on a binary yes/no self-reported physician-confirmed cancer diagnosis. Participants with cancer before baseline were excluded. For incident cases, because exact diagnosis date was unavailable, diagnosis time was estimated as the midpoint between the first wave reporting cancer and the last wave without a cancer diagnosis; noncases were followed to their last recorded study wave.","Association Between Body Roundness Index and Cancer Risk, With Further Stratification by Cardiometabolic Disease Status: Findings From Three National Longitudinal Cohorts.",literature_mined,q1
oadd-hrs-15647-q1,How do long-term pain trajectories differ by gender in later life?,1993; 2000; 2002; 2004; 2006; 2008; 2010; 2012; 2014; 2016; 2018,G1372; G1374; HC104; JC104; KC104; LC104; MC104; NC104; OC104; PC104; QC104; HC105; JC105; KC105; LC105; MC105; NC105; OC105; PC105; QC105; SEX,"Exposure measurements: Repeated self-reported pain severity was coded as a 0–3 pain index at HRS interviews: no frequent pain = 0; if often troubled by pain, usual pain intensity mild = 1, moderate = 2, severe = 3. Latent class mixed models using a cubic polynomial were used to classify longitudinal pain-score patterns into three trajectory classes, labeled Fluctuation, Low-level, and High-level, with sex-stratified trajectory solutions also reported. || Exposure measurements: Individual-level fluctuation in repeated pain scores was quantified using Variability Independent of the Mean (VIM), intended to capture pain-amplitude variability independent of average pain level. Higher VIM represented greater pain variability. The paper does not provide the exact VIM formula, exponent, or required number/timing of pain observations. || Moderator — Sex: Participant sex was recorded as male or female and used for sex-stratified analyses and testing of sex-specific pain associations with cognition and depressive symptoms.",Sex-specific trajectories and variability of pain burden in relation to cognitive decline and depressive symptoms in older adults: a prospective cohort study from health and retirement study.,literature_mined,q1
oadd-hrs-15633-q1,Could physical activity be linked to longevity in later life?,2008; 2010; 2012; 2014; 2016; 2018; 2020,LC223; LC224; LC225; KNOWNDECEASEDMO; KNOWNDECEASEDYR,"Moderator measurements: Baseline leisure-time physical activity in HRS was assessed by questionnaire items on vigorous, moderate, and light activity frequency. Frequency responses were assigned intensity-specific values and summed into a physical activity index score from 0 to 18: vigorous activity values 0, 2, 6, and 12; moderate activity values 0, 1, 3, and 6; light activity values 0, 0.5, 1.5, and 3 for the respective frequency categories. An index score ≥9 was classified as regular activity meeting or exceeding WHO physical activity recommendations; lower scores were classified as inactivity. || Outcome measurements: Mortality during follow-up was ascertained from HRS mortality sources, including trace data, National Death Index linkage, registry or Medicare claims sources, and exit interviews with proxy respondents. The analysis used death status and time-to-event/person-years during follow-up.",Interaction between physical activity and deficit-based frailty on all-cause mortality in older adults: a prospective study of five population-based cohorts.,literature_mined,q1
oadd-hrs-15554-q1,Could respiratory sarcopenia help predict survival among older adults with chronic kidney disease?,2010; 2011; 2012; 2013; 2014; 2015; 2016; 2017; 2018,MI804; OI804; MI807; OI807; MI808; OI808; MI809; OI809; MI831; OI831; MI834; OI834; MI838; OI838; MI841; OI841; MA019; OA019; MX060_R; OX060_R; MALIVE; QALIVE; EXDEATHMO; EXDEATHYR,"Exposure — Respiratory sarcopenia status and longitudinal transition: Respiratory sarcopenia was defined as the co-occurrence of low respiratory muscle strength and low muscle mass. In HRS, low respiratory muscle strength was PEFR below sex-specific cohort thresholds: <5.46 L/s for males and <3.76 L/s for females. Low muscle mass was height-adjusted appendicular skeletal muscle mass index below sex-specific 20th-percentile thresholds: ASM/height² <7.58 kg/m² for males and <5.80 kg/m² for females. HRS ASM was not directly measured; it was predicted as ASM = 0.485 × 0.998^age × 0.814^[1 for female, 0 for male] × 1.006^height in cm × weight in kg^0.680. Respiratory sarcopenia was assessed at baseline and follow-up, and transition categories were defined from baseline 2010–2011 to follow-up 2014–2015, such as remaining non-sarcopenic, progression to respiratory sarcopenia, reversion from respiratory sarcopenia, or remaining respiratory sarcopenic. || Outcome — All-cause mortality: All-cause mortality was determined from HRS survival data covering 2010–2018, extracted from the longitudinal cross-wave tracker. Death events were documented with month-level precision using exit interviews, spouse or partner reports, and active tracking by the HRS study team. For longitudinal respiratory sarcopenia transitions, deaths were tracked after the 2014–2015 follow-up assessment through 2018.",Respiratory sarcopenia as a mortality predictor for chronic kidney disease: a dual-cohort longitudinal study.,literature_mined,q1
oadd-hrs-10751-q1,How common are advance care planning and surrogate decision-making near the end of life after a hip fracture?,2000; 2002; 2004; 2006; 2008; 2010; 2012; 2014,R2742; R2764; ST190; ST206; TT190; TT206; UT190; UT206; VT190; VT206; WT190; WT206; XT190; XT206; YT190; YT206; R2781; R2785; ST218; ST223; TT218; TT223; UT218; UT223; VT218; VT223; WT218; WT223; XT218; XT223; YT218; YT223,"Outcome — Advance care planning before death: Binary composite measured in the HRS exit interview from proxy report. Advance care planning was defined as either completion of an advance directive/written instructions about final-days treatment or care, or legal designation of a surrogate decision-maker/durable power of attorney for health care. || Outcome — Need for surrogate decision-making at the end of life: Binary composite measured in the HRS exit interview from proxy report. Need for surrogate decision-making was defined as end-of-life care or treatment decisions being required and the participant not being able to participate in medical care decisions during the final days of life.",Advance Care Planning Prior to Death in Older Adults with Hip Fracture,literature_mined,q1
oadd-hrs-10551-q1,How do reports of childhood adversity vary across generations?,2006; 2008; 2010; 2012,KLB037H; LLB037K; MLB037K; NLB037K; LLB037L; MLB037L; NLB037L; KLB037I; LLB037M; MLB037M; NLB037M; KLB037J; LLB037N; MLB037N; NLB037N; BIRTHYR,"Outcome measurements: Retrospective self-report in the HRS psychosocial leave-behind questionnaire of whether the respondent experienced each of four adverse exposures before age 18. The paper reports specific-item prevalence, any childhood adversity, and a cumulative childhood adversity count/score across the four items; the police item was added in 2008. || Exposure — Birth cohort / generation and age derivation for trauma timing: respondent year of birth: Respondents were grouped into seven birth-cohort categories used to compare childhood adversity and adulthood trauma prevalence and incidence patterns: AHEAD born before 1924, CODA 1924–1930, HRS 1931–1941, War Babies 1942–1947, Early Baby Boomers 1948–1953, Mid Baby Boomers 1954–1959, and later birth years after 1959. Birth cohort was based on birth year/cohort membership; the paper also used birth year in deriving age for trauma timing.",Fact or artefact? Childhood adversity and adulthood trauma in the U.S. population-based Health and Retirement Study,literature_mined,q1
oadd-hrs-14627-q1,How might prior incarceration shape cognitive aging?,2012; 2014; 2016; 2018; 2020,NLB035_B; OLB033_B; R11COG27; R12COG27; R13COG27; R14COG27; R15COG27,"Exposure — Prior incarceration: Binary indicator of whether the respondent had ever been incarcerated, measured from the 2012 or 2014 HRS leave-behind questionnaire. Respondents answered yes or no to whether they had ever been an inmate in a jail, prison, juvenile detention center, or other correctional facility. || Outcome — Cognitive functioning trajectories: Respondents’ repeated Langa-Weir cognition scores from the 2012–2020 HRS surveys were used to estimate age-based group-based trajectories. The Langa-Weir cognition measure is a 27-point scale, with higher scores indicating better cognitive functioning. Group-based trajectory modeling assigned each respondent to the trajectory group with the highest posterior probability. The selected model had four trajectory groups: lowest and continuously declining cognition; moderate-low cognition that declined rapidly after the mid-70s; higher cognition that was stable then declined more slowly; and highest/stable cognition.",The Impact of Prior Incarceration on Cognitive Trajectories Among Older Adults: Evidence from the Health and Retirement Study.,human_annotated,q1
oadd-hrs-15486-q1,Could avoiding prescription sleep medicines reduce fall-related injuries in later life?,1998; 2000; 2002; 2004; 2006; 2008; 2010; 2012; 2014; 2016; 2018,LN364; MN364; NN364; ON364; PN364; QN364; KC079; KC081; LC079; LC081; MC079; MC081; NC079; NC081; OC079; OC081; PC079; PC081; QC079; QC081,"Exposure — Regular prescription sleep medication use: Prevalent regular use of prescription medication to help sleep among 2016 HRS respondents. The simulation compared status quo future use with a counterfactual in which all baseline users discontinued prescription sleep medication use for the rest of life. || Outcome measurements: Fall injuries serious enough to need medical treatment. In HRS this measure was available for respondents age 65 and older; ages 51–64 were imputed using NHIS data. In the simulation, fall injury was transitioned with a probit model and reported as lifetime ever incidence and average number of survey waves with any fall injury.",Lifetime burden of prescription medication for insomnia in middle-aged and older adults in the US: a microsimulation study.,human_annotated,q1
oadd-hrs-15568-q1,How might genetic propensity for body size relate to obesity in later life?,2006,E5_BMI_GIANT15; KI834; KI841,"Exposure — BMI polygenic risk score: A polygenic risk score for body mass index among HRS respondents with DNA information in the 2006 wave. The paper treats the parental-generation PRS distribution as standardized approximately normal with mean 0 and variance 1, and uses the observed HRS relation between PRS and BMI to parameterize simulations. || Outcome — Body mass index and obesity status: Observed BMI in the 2006 HRS generation-0 sample is used as the target phenotype and as the outcome in the estimated BMI–PRS relation. The paper also classifies individuals into WHO-defined BMI categories and identifies obesity as BMI ≥ 30 for prevalence calculations.","Generalized Stable Population and Agent-Based Models of phenotypic transmission in human populations, with an application to body size.",literature_mined,q1
oadd-hrs-15502-q1,Could more positive views of aging protect everyday independence in later life?,2014; 2016,OLB028B01; OLB028B02; OLB028B3; OLB028B4; OLB028B5; OLB028B6; OLB028B7; OLB028B8; PG041; PG044; PG047; PG050; PG059,"Exposure — Self-perceptions of aging: Measured in 2014 using an 8-item self-perceptions of aging scale in the HRS Leave-Behind Questionnaire. Items were rated on a 1 to 6 Likert scale from strongly disagree to strongly agree. Negatively phrased items were reverse scored, and the item average was computed so that higher scores indicated a more favorable view of aging. || Mediator — Instrumental activities of daily living impairment: Measured in 2016 as a five-item IADL difficulty scale. Respondents reported whether, due to a health or memory problem, they had difficulty preparing meals, managing money, taking medications, using the telephone, and shopping for groceries. Each item was coded 0 for no difficulty and 1 for some difficulty or unable to do; items were summed to a total score from 0 to 5, with higher scores indicating greater functional impairment.",Self-perceptions of aging and sarcopenia in older adults: the mediating role of IADL.,literature_mined,q1
oadd-hrs-14632-q3,Could overall cognitive health help predict diabetes in later life?,2012; 2014; 2016; 2018; 2020,ND124; ND129; ND142; ND143; ND144; ND145; ND146; ND174; ND184; OD124; OD129; OD142; OD143; OD144; OD145; OD146; OD174; OD184; PD124; PD129; PD142; PD143; PD144; PD145; PD146; PD174; PD184; QD124; QD129; QD142; QD143; QD144; QD145; QD146; QD174; QD184; QD174W; QD184W; RD124; RD129; RD142; RD143; RD144; RD145; RD146; RD174; RD184; RD174W; RD184W; NC010; OC010; PC010; QC010; RC010; NC214; OC214; PC214; QC214; RC214,"Outcome — Incident doctor-diagnosed diabetes: Diabetes onset/event status based on whether a doctor had told the respondent they had diabetes, coded yes=1 and no=0, with diagnosis year used to identify onset between 2012 and 2020. The paper does not distinguish type 1 from type 2 diabetes. || Exposure — Overall cognitive functioning: Telephone Interview for Cognitive Status-27 overall cognition score from respondent self/proxy-independent cognitive testing, combining recall, serial seven subtraction, and backward counting tasks. Per wave, the total of the three tests ranges from 0 to 27, with higher scores indicating higher cognitive function; descriptive results report the summed cognitive function score from 2012 to 2020 as out of 135.","Association of diabetes risk with changes in memory, working memory, and processing speed among older adults.",literature_mined,q3
oadd-hrs-11210-q3,Could social engagement help explain how early adversity shapes later-life well-being among veterans?,2008; 2010; 2012,LB020; MB020; LB021; MB021; LLB037K; MLB037K; LLB037L; MLB037L; LLB037M; MLB037M; LLB037N; MLB037N; LLB037C; MLB037C; MB063; LLB001B; MLB001C; LLB001C; MLB001D; LB082; MB082; LLB001E; MLB001F; LLB001F; MLB001G; LLB013A; MLB013A; LLB013B; MLB013B; LLB013C; MLB013C; LLB009A; MLB009A; LLB009B; MLB009B; LLB009C; MLB009C; LLB017A; MLB017A; LLB017B; MLB017B; LLB017C; MLB017C; MD110; ND110; MD111; ND111; MD112; ND112; MD114; ND114; MD116; ND116; MD117; ND117; MD113; ND113; MD115; ND115; MC001; NC001; MB000; NB000,"Exposure measurements: Count index of six adverse experiences before age 16 or 18, coded 1 for each adversity and summed; range 0–6. || Exposure — Combat exposure: Binary indicator of young-adulthood adversity based on whether the respondent had ever fired a weapon in combat or been fired upon in combat; coded 1=yes, 0=no. || Mediator measurements: Modified Berkman-Syme Social Network Index: fifteen binary indicators of marital status, volunteering, religious and club attendance, and contact by phone, email, or writing with family, children, and friends in the last month were summed; range 0–15, alpha=.64. || Outcome measurements: Three separate subsequent subjective well-being outcomes: depressive symptoms as an 8-item CESD short-form count ranging 0–8 with happy/enjoyed-life reverse coded; self-rated health as a single 1=poor to 5=excellent item; and life satisfaction as a single 1=not at all satisfied to 5=completely satisfied item.",Subjective well-being among male veterans in later life: The enduring effects of early life adversity.,literature_mined,q3
oadd-hrs-15580-q3,Could self-rated health be related to mammography use among older women?,2014,OC112; OC001,"Outcome — Recent mammography screening use: Binary indicator of whether the respondent obtained a mammography screening in the past 2 years, based on one HRS survey question on mammography. || Exposure — Self-reported overall health: Respondent’s current self-rated health measured on a 5-category scale: excellent, very good, good, fair, poor.",A Nationally Representative US Health and Retirement Study on Mammography Screening Use and Its Predictors Among Older Adult Women Ages 60 to 85.,literature_mined,q3
oadd-hrs-15304-q3,Could family relationship quality shape cognitive impairment in later life?,2010; 2012; 2014; 2016; 2018; 2020,MLB012A; NLB012A; OLB011A; PLB011A; QLB011A; RLB011A; MLB012B; NLB012B; OLB011B; PLB011B; QLB011B; RLB011B; MLB012C; NLB012C; OLB011C; PLB011C; QLB011C; RLB011C; MLB012D; NLB012D; OLB011D; PLB011D; QLB011D; RLB011D; MLB012E; NLB012E; OLB011E; PLB011E; QLB011E; RLB011E; MLB012F; NLB012F; OLB011F; PLB011F; QLB011F; RLB011F; MLB012G; NLB012G; OLB011G; PLB011G; QLB011G; RLB011G; MD174; ND174; OD174; PD174; QD174; RD174; MD184; ND184; OD184; PD184; QD184; RD184; MD142; ND142; OD142; PD142; QD142; RD142; MD143; ND143; OD143; PD143; QD143; RD143; MD144; ND144; OD144; PD144; QD144; RD144; MD145; ND145; OD145; PD145; QD145; RD145; MD146; ND146; OD146; PD146; QD146; RD146; MD124; ND124; OD124; PD124; QD124; RD124; MD129; ND129; OD129; PD129; QD129; RD129; QD174W; QD184W; RD174W; RD184W,"Exposure — Positive family support: Family-domain positive social support score based on 3 items asking whether family members understand the respondent, can be relied on if there is a problem, and are comfortable to open up to. Each item was rated from 1 = a lot to 4 = not at all; ratings were reverse-scored so higher scores indicate greater positive support. The paper reports positive social support ranged from 1 to 12. Collected in the Leave Behind survey approximately every 4 years during 2010-2020. || Exposure — Negative family support: Family-domain negative social support score based on 4 items asking whether family members place too many demands on the respondent, criticize the respondent, let the respondent down, and get on the respondent’s nerves. Each item was rated from 1 = a lot to 4 = not at all; ratings were reverse-scored so higher scores indicate greater negative support. The paper reports negative social support ranged from 1 to 16. Collected in the Leave Behind survey approximately every 4 years during 2010-2020. || Outcome — Incident cognitive impairment: Binary time-to-event outcome indicating development of cognitive impairment during follow-up. Cognitive function was measured using the 27-item Langa-Weir Classification Scale, range 0-27, composed of immediate and delayed 10-noun recall, serial 7 subtraction, and backward counting from 20. Cognitive impairment was defined as a score less than 12, coded 1 = yes and 0 = no. Cognitive tests were completed in each wave, providing biannual data from 2010-2020; participants with baseline cognitive impairment, Alzheimer’s disease, or dementia were excluded from the analytic risk set. || Focal measurement completion — Annotation-supported completion: The annotation restored the family-support waves required by the alternating questionnaire design and represented cognition with the documented observed-score inputs rather than interviewer prompts.",Exploring the Impact of Social Connection Dimensions on Cognitive Impairment in Older Adults: Observational Cohort Study.,human_annotated,q3
oadd-hrs-15501-q3,Could physical limitations before the pandemic lead to greater health-care use among older adults?,2018; 2022,QG001; QG002; QG003; QG004; QG005; QG006; QG007; QG011; QG008; QG009; QG010; QG012; SN114; SN099; SN150,"Exposure — Pre-pandemic functional limitation level: Functional limitation score measured in the 2018 HRS Core interview by summing difficulty across 12 physical tasks. Each task with no difficulty was scored 0 and some difficulty was scored 1, producing a 0–12 score categorized as less limitations 0–2, moderate limitations 3–7, and most limitations 8–12. || Outcome — Health services use: Health services use in the 2022 HRS survey, assessed as whether the respondent had a nursing home stay, had a hospitalization, or saw a doctor in the last two years.",Health service use and work related outcomes in older adults with functional and cognitive impairments during the COVID-19 pandemic.,literature_mined,q3
oadd-hrs-15394-q1,Could where older adults live be related to their educational attainment?,2010; 2012; 2014; 2016; 2018,REGION10; REGION12; REGION14; REGION16; REGION18; MZ216; NZ216; OZ216; PZ216; QZ216,"Exposure — Current U.S. region of residence: Respondent’s U.S. Census Bureau statistical region at the HRS interview during 2010–2018, categorized as Northeast, South, Midwest, or West. Respondents who moved across U.S. regions during 2010–2018 were excluded from the analytic sample, but the focal measure is the interview-period region of residence. || Moderator — Educational attainment / years of schooling: Respondent-reported completed years of schooling, measured as a continuous count ranging from 0 to 17 years. In the main interaction model, years of schooling was centered at 12 and interacted with the state-level education resources factor; predicted probabilities were illustrated across 8–16 years of schooling.",The role of educational attainment and quality in U.S. regional variation in prevalence of dementia and CIND.,literature_mined,q1
oadd-hrs-15482-q1,Could social activity help protect cognition as people age?,2016; 2018,PA019; QA019; PLB001C; QLB001C; PLB001E; QLB001E; PLB001D; QLB001D; PLB001F; QLB001F; PLB001G; QLB001G; PD124; PD129; PD142; PD143; PD144; PD145; PD146; PD174; PD184; QD124; QD129; QD142; QD143; QD144; QD145; QD146; QD174; QD184,"Exposure — Age: Respondent age in years, modeled as a continuous predictor and mean-centered before the age-by-social-activity interaction analysis. || Moderator — Social activity participation: SoPart-10 social activity participation index developed for HRS data. Five activity-frequency items were each scored 0–2, where 0 = never, 1 = monthly to once a week, and 2 = several times a week. Items were summed to a continuous composite score ranging from 0 to 10, with higher scores indicating more frequent and diverse social engagement. The composite was used in the main moderation model; low/medium/high categories were used descriptively. || Outcome — Cognitive function: Continuous 27-point cognitive function score based on the Langa-Weir cognitive function measure from core HRS cognitive assessments. The score combines immediate and delayed 10-noun free recall, serial sevens subtraction, and counting backward; higher scores indicate better cognitive performance. The continuous score was used in all regression models. || Focal measurement completion — Annotation-supported completion: The annotation retained the five social activities, age, and observed cognition inputs, correcting the youth-volunteering item to the field used in the paper's activity construction.","Cross-Sectional Association Between Social Activity Participation, Age, and Cognition: Evidence from the Health and Retirement Study.",human_annotated,q1
oadd-hrs-15253-q1,Could biological aging help explain the relationship between body weight and longevity?,2016; 2018; 2020,PC139; PC142; HORVATH_DNAMAGE; HORVATHSKIN_DNAMAGE; HANNUM_DNAMAGE; LEVINE_DNAMAGE; DNAMGRIMAGE; MPOA; PA019; PALIVE; QALIVE; RALIVE; KNOWNDECEASEDYR; KNOWNDECEASEDMO; LASTALIVEYR; LASTALIVEMO,"Exposure — Body mass index: BMI was calculated from self-reported weight and self-reported height as weight in kilograms divided by height in meters squared. The main exposure used 2016 BMI; height was cleaned across waves by identifying implausible within-person deviations and using each person’s mean reported height. The analysis treated BMI nonlinearly and contrasted low and high BMI levels with a mid-range BMI reference in mediation models. || Mediator — Epigenetic aging / epigenetic age acceleration: DNA methylation from the 2016 HRS Venous Blood Study was assayed using the Infinium Methylation EPIC BeadChip, and HRS-computed epigenetic clocks were used. Age acceleration was calculated as residuals from regressing chronological age on the epigenetic-clock age estimates for Horvath-I, Horvath-II, Hannum, PhenoAge, and GrimAge; positive residuals indicated accelerated aging. DunedinPACE was used as a pace-of-aging measure rather than residualized age acceleration. The primary mediation results emphasized HannumAgeAcc, PhenoAgeAcc, GrimAgeAcc, and DunedinPACE; Horvath-I and Horvath-II were evaluated but excluded from primary mediation because of weak or paradoxical prerequisite associations. || Outcome — All-cause mortality / survival time: Survival was followed from the 2016 baseline through 2020 using HRS vital status and date-of-death information. HRS ascertained vital status through interviews with respondents, partners, or knowledgeable proxies; when exact death date was unavailable, it was imputed from the last known alive date and confirmed death-date status. The paper modeled survival/life expectancy using Gompertz proportional hazards models with age as the time scale.",The mediating role of epigenetic ageing in the nonlinear association between body mass index and survival: a prospective cohort analysis of the US Health and Retirement Study.,literature_mined,q1
oadd-hrs-15712-q2,Is experiencing childhood adversity at all associated with memory in later life?,1992; 1994; 1996; 1998; 2000; 2002; 2004; 2006; 2008; 2010; 2012; 2014; 2016; 2018; 2020,KLB037H; LLB037K; MLB037K; NLB037K; LLB037L; MLB037L; NLB037L; KLB037I; LLB037M; MLB037M; NLB037M; KLB037J; LLB037N; MLB037N; NLB037N; R15TR20P,"Exposure — Any adverse childhood experience before age 18: Binary indicator of any ACE exposure before age 18. Four retrospective yes/no childhood adversity indicators—repeating a school year, trouble with police, parental alcohol/drug use causing family problems, and physical abuse by either parent—were coded 0/1, summed into a cumulative ACE count from 0 to 4, then recoded as 0 = no ACEs and 1 = one or more ACEs. || Outcome — Episodic memory total word recall: 2020 total word recall summary score, combining immediate and delayed recall from a randomly assigned 10-item word list. Scores range from 0 to 20, with higher scores indicating better episodic memory. The paper used directly assessed 2020 scores or imputed cognitive scores when missing; 65 participants had imputed episodic memory.",The long-term impact of adverse childhood experiences on episodic memory in mid- to late-life among US older adults.,literature_mined,q2
oadd-hrs-15690-q2,Are blood-based indicators of sarcopenia and osteoarthritis connected in older adults?,2016,PCR; PCYSC; PC070; PC219,"Exposure measurements: Calculated at 2016 baseline from serum creatinine divided by serum cystatin C, multiplied by 100: SI = (serum creatinine / cystatin C) × 100. Analyses considered SI continuously per 1-SD increase and categorically by quartiles, with the lowest quartile as reference. || Outcome measurements: Prevalent osteoarthritis at 2016 baseline required both reporting that a doctor had ever told the participant they had arthritis or rheumatism and specifying the arthritis type as osteoarthritis. Incident osteoarthritis during follow-up was identified among participants free of osteoarthritis at baseline when they first reported a new osteoarthritis diagnosis between the 2016 interview and the 2020 follow-up wave.",Association between the sarcopenia index and osteoarthritis: a cross-sectional and longitudinal study.,literature_mined,q2
oadd-hrs-15808-q2,Do some older adults improve rather than decline in cognitive functioning or walking ability over time?,2008; 2010; 2012; 2014; 2016; 2018; 2020; 2022,LD124; LD129; LD142; LD143; LD144; LD145; LD146; LD174; LD184; MD124; MD129; MD142; MD143; MD144; MD145; MD146; MD174; MD184; ND124; ND129; ND142; ND143; ND144; ND145; ND146; ND174; ND184; OD124; OD129; OD142; OD143; OD144; OD145; OD146; OD174; OD184; PD124; PD129; PD142; PD143; PD144; PD145; PD146; PD174; PD184; QD124; QD129; QD142; QD143; QD144; QD145; QD146; QD174; QD184; QD174W; QD184W; RD124; RD129; RD142; RD143; RD144; RD145; RD146; RD174; RD184; RD174W; RD184W; SD124; SD129; SD142; SD143; SD144; SD145; SD146; SD174; SD184; SD174W; SD184W; LI823; MI823; NI823; OI823; PI823; QI823; SI823; LI824; MI824; NI824; OI824; PI824; QI824; SI824,"Outcome — Physical improvement in walking speed: Physical function was measured as walking speed. Participants walked at normal speed over 8.21 feet / 2.5 meters, using walking aids if helpful, with two trials at baseline and each follow-up; the faster trial was used. Physical improvement was defined as last follow-up walking speed minus baseline walking speed; participants were classified as improved if the change was above 0, and not improved if it was 0 or below. Walking speed is reported in cm/s. || Outcome — Cognitive improvement: Cognitive function was measured with the 27-point Telephone Interview for Cognitive Status (TICS). Cognitive improvement was defined as the participant’s last available follow-up TICS score minus their baseline TICS score; participants were classified as improved if the change was above 0, and not improved if it was 0 or below.",Aging Redefined: Cognitive and Physical Improvement with Positive Age Beliefs,literature_mined,q2
oadd-hrs-15740-q2,Could inflammatory biomarkers help identify older adults at risk of mild cognitive impairment or dementia?,2016; 2018; 2020,PTNFR1; PCRP; PIL6; PD174; QD174; QD174W; RD174; RD174W; PD184; QD184; QD184W; RD184; RD184W; PD142; PD143; PD144; PD145; PD146; QD142; QD143; QD144; QD145; QD146; RD142; RD143; RD144; RD145; RD146; PD124; PD129; QD124; QD129; RD124; RD129,"Exposure — Serum soluble tumor necrosis factor receptor 1 (sTNFR1): Baseline circulating serum sTNFR1 measured in the 2016 HRS Venous Blood Study. The paper analyzes log-transformed and standardized/alternative scalings of the serum concentration, with results reported per higher baseline log-sTNFR1 or per 1 SD in prediction models. Units reported for the assay and descriptive results are pg/mL. || Focal measurements: Comparator inflammatory biomarkers: high-sensitivity C-reactive protein (CRP); Comparator inflammatory biomarkers: interleukin-6 (IL-6). || Outcome measurements: Development of cognitive impairment without dementia/MCI or dementia during follow-up, based on the HRS 27-point cognitive composite categorized using established cut-points: normal cognitive function 12–27, MCI/cognitive impairment without dementia 7–11, and dementia 0–6. The prediction analyses evaluated 2-year and 4-year risk, corresponding to follow-up after the 2016 baseline biomarker wave.","Association of soluble tumor necrosis factor receptor 1 with tau pathology, brain atrophy, and cognitive decline: a longitudinal study.",literature_mined,q2
oadd-hrs-15902-q2,Can cognitive tests reveal distinct dimensions of executive functioning and memory in later life?,2016,R1TMA_SCORE; R1TMB_SCORE; R1DIG_SCORE; R1LC_SCORE; R1BC_SCORE; R1LMB_DELSCORE; R1BM_DELSCORE; R1WORD_DSCORE,"Outcome measurements: A PCA-informed executive functions/processing speed domain was derived from HCAP cognitive task performance. Tasks loading in this cluster were Trail Making Test A and B, Symbol Digit Modalities Test, Letter Cancellation, and Backwards Count. The authors computed task-level z-scores using the study-sample mean and SD and averaged them into an EF/PS composite z-score; EF/PS analyses used n=586 after outlier removal. || Outcome measurements: A PCA-informed episodic memory domain was derived from delayed verbal memory task performance. Tasks loading in this cluster were Logical Memory delayed recall, Brave Man delayed recall, and CERAD Word List delayed recall. Task-level z-scores were calculated using the study-sample mean and SD and averaged into an episodic memory composite z-score; episodic memory analyses used N=619.",Exploring the relative contributions of multiple modifiable physical health variables to executive function and episodic memory performance in older adults.,literature_mined,q2
oadd-hrs-15700-q2,How might continued smoking affect survival in later life?,2010; 2012; 2014; 2016; 2018; 2020,MC117; EXDEATHYR; EXDEATHMO,"Exposure — Current smoking status: Current smoking status among ever-smoking participants, categorized as cessation/former smoker versus still smoking/current smoker. The analysis appears to use smoking behavior measured at study entry/baseline, although the excerpt does not fully specify time-varying versus baseline-only handling. || Outcome — All-cause mortality during follow-up: Death from any cause observed during longitudinal follow-up; mortality was collected during follow-ups using death registry data, with HRS follow-up spanning 2010–2020 waves 10–15.",Associations of childhood smoking initiation age with cardiometabolic multi-morbidity and mortality: a multi-national cohort study.,human_annotated,q2
oadd-hrs-15199-q2,How might education shape the risk of being classified with dementia in later life?,2016,R1MMSE_SCORE; PZ216,"Outcome — Dementia classification from MMSE total score, 2016 HCAP: Cognitive status was classified using the Mini-Mental State Examination administered in the 2016 HCAP. The MMSE contains 22 questions across orientation, language, registration, memory, spelling backward, and construction domains; scores range from 0 to 30. For the dementia outcome in the logistic models, dementia was defined as an MMSE score below 17; MCI was 18–24 and healthy cognition was above 25. || Exposure — Educational attainment categories from years of education, 2016: Protective socioeconomic factor categorized as less than high school, high school, or more than high school; less than high school was the reference category in the dementia-risk models.",Decomposing Racial and Ethnic Disparities in Risk and Protective Factors of Dementia in the U.S.,literature_mined,q2
oadd-hrs-15729-q2,Could an inflammation-and-lipid blood marker help predict kidney-related mortality in later life?,2016; 2018; 2020,PAMON; PHDLD; XQA133M1M; XQA133M2M; XRA133M1M; XRA133M2M; XQA121; XQA123; XRA121; XRA123,Exposure measurements: Baseline HRS 2016 Venous Blood Study blood-based ratio calculated by dividing total monocyte count from complete blood count by HDL cholesterol concentration. HDL-C was measured directly by homogeneous enzymatic assay; complete blood counts were performed on EDTA-anticoagulated whole blood using standardized hematology analyzers. Lipid values were converted to mmol/L. || Outcome measurements: Death from renal causes during follow-up after the 2016 HRS baseline through 2020. Mortality status in HRS was ascertained through biennial participant or proxy interviews plus National Death Index linkage; causes of death were obtained from HRS Exit interviews conducted in 2018 and 2020. The exact HRS cause-of-death coding or renal-cause categories are not fully detailed in the supplied text.,Monocyte-to-HDL ratio (MHR) is associated with overall and renal mortality in community-dwelling older individuals with chronic kidney disease (CKD).,literature_mined,q2
oadd-hrs-15868-q2,How has job stress varied across generations and between men and women?,1992; 1994; 1996; 1998; 2000; 2002; 2004; 2006; 2008; 2010; 2012; 2014; 2016; 2018; 2020; 2022,V3317; W3950; W4608; E3012; F3541; G3830; HJ547; JJ547; KJ547; LJ547; MJ547; NJ547; OJ547; PJ547; QJ547; RJ547; SJ547; BIRTHYR; SEX,"Exposure — Psychological workload / perceived job stress: agreement with “My job involves a lot of stress”: Assessed from a structured interview job-stress item. Respondents rated agreement with “My job involves a lot of stress” on a 4-point Likert scale; “strongly agree” or “agree” were classified as high psychological load, and “disagree” or “strongly disagree” as low/no stress. || Moderator — Temporal cohort / period at age 50: year respondent turned age 50: Participants were grouped by the year they turned age 50 into three temporal cohorts: 1992–2000, 2002–2010, and 2012–2022. The psychological workload results compare HWLE, WLE, and HWLE% across these periods. || Moderator — Sex: Analyses and tables were stratified for males and females when estimating the relationship of psychological workload with HWLE, WLE, and HWLE%.",Trends in healthy working life expectancy and its difference by workload group among aged over 50 years: a longitudinal perspective.,literature_mined,q2
oadd-hrs-15387-q2,How does recent cannabis use differ between middle-aged and older adults?,2018,QV402; QV403; QA019,"Outcome measurements: Binary indicator of whether the respondent reported cannabis use in the past year in the 2018 HRS cannabis experimental module; nonresponse on past-year and lifetime cannabis use items was imputed to no use. || Moderator — Age group: age at 2018 interview: Age categorized to compare/stratify middle-aged and older adults, primarily as a 2-level variable: 50–64 years versus ≥65 years. The logistic regression table reports associations separately among adults aged 50–64 years and ≥65 years.",Epidemiology of Cannabis Use Among Middle-Aged and Older Adults in the United States.,human_annotated,q2
oadd-hrs-15313-q2,Could sleep quality and depressive symptoms help connect vision impairment to cognitive functioning?,2018; 2020,QC095; QC096; QC097; QC083; QC084; QC085; QC086; QN364; QD110; QD111; QD112; QD113; QD114; QD115; QD116; QD117; R15IMRCP; R15IMRCW; R15DLRCP; R15DLRCW; R15SER7P; R15SER7W; R15BWC20P; R15BWC20W,"Exposure — Vision impairment: Self-reported vision status at baseline, based on participants’ ratings of eyesight and near/distant vision while using glasses or corrective lenses. Participants were classified as having vision impairment if they described their vision as fair or poor even with glasses. || Mediator — Sleep quality: Baseline sleep quality score constructed from five sleep-related components: four insomnia/restedness frequency items scored on a 1–3 Likert scale and one regular sleep-medication-use item scored 0/1. Items were reverse-scored so higher values indicated poorer sleep quality, then summed and adjusted to a 0–9 scale. || Mediator — Psychological disorders / depressive symptom severity: Baseline mental health status measured using the eight-item short form of the Center for Epidemiologic Studies Depression Scale. Items were dichotomous indicators of emotional symptoms over the past week; positive-affect items were reverse-scored, and total scores ranged from 0 to 8, with higher scores indicating more severe psychological disorders. || Outcome — Cognitive function: Follow-up cognitive performance measured with the modified Telephone Interview Cognitive Screen. The composite score summed immediate and delayed word recall, serial seven subtraction, and backward counting tasks, yielding a 0–27 score where higher scores indicate better cognitive performance.",Effects of vision impairment on cognitive function: the bidirectional chain mediating role of sleep quality and psychological disorders,literature_mined,q2
oadd-hrs-15104-q2,Could blood biomarkers help predict cognitive decline or survival in older adults?,2016; 2020,PAB42_40_RATIO; PGFAP; PNFL; PPTAU181; PD124; PD129; PD142; PD143; PD144; PD145; PD146; PD174; PD184; RD124; RD129; RD142; RD143; RD144; RD145; RD146; RD174; RD184; RD174W; RD184W; RX056_MC,"Focal measurements: Aβ42/Aβ40 ratio, 2016 HRS VBS baseline biomarker; GFAP, 2016 HRS VBS baseline biomarker; raw input for summary neurodegenerative biomarker factor score and HRS-standardized biomarker analyses; NfL, 2016 HRS VBS baseline biomarker; raw input for summary neurodegenerative biomarker factor score and HRS-standardized biomarker analyses; pTau181, 2016 HRS VBS baseline biomarker; raw input for summary neurodegenerative biomarker factor score and HRS-standardized biomarker analyses; Death by 2020 follow-up as the competing outcome category; Cognitive decline based on change in 2016 to 2020 Langa-Weir cognitive functioning score.",Association of Blood-based Neurodegenerative Biomarkers with cognitive functioning and dementia in India (LASI-DAD) and the United States (HRS).,literature_mined,q2
oadd-hrs-15367-q2,Could neighborhood cohesion and disorder shape cognitive impairment and dementia risk?,2010; 2012; 2014; 2016; 2018; 2020,MLB021A; NLB021A; OLB020A; PLB020A; QLB020A; RLB020A; MLB021C; NLB021C; OLB020C; PLB020C; QLB020C; RLB020C; MLB021E; NLB021E; OLB020E; PLB020E; QLB020E; RLB020E; MLB021G; NLB021G; OLB020G; PLB020G; QLB020G; RLB020G; MLB021B; NLB021B; OLB020B; PLB020B; QLB020B; RLB020B; MLB021D; NLB021D; OLB020D; PLB020D; QLB020D; RLB020D; MLB021F; NLB021F; OLB020F; PLB020F; QLB020F; RLB020F; MLB021H; NLB021H; OLB020H; PLB020H; QLB020H; RLB020H; MD124; MD129; MD142; MD143; MD144; MD145; MD146; MD174; MD184; ND124; ND129; ND142; ND143; ND144; ND145; ND146; ND174; ND184; OD124; OD129; OD142; OD143; OD144; OD145; OD146; OD174; OD184; PD124; PD129; PD142; PD143; PD144; PD145; PD146; PD174; PD184; QD124; QD129; QD142; QD143; QD144; QD145; QD146; QD174; QD184; QD174W; QD184W; RD124; RD129; RD142; RD143; RD144; RD145; RD146; RD174; RD184; RD174W; RD184W,"Exposure — Perceived neighborhood social cohesion: Composite of four respondent-rated perceptions of the local area within a 20-minute walk or one mile from home. Items were rated on a 1–7 sliding scale described as 1 = feel positive to 7 = feel negative. The four-item average had internal consistency α = 0.86 and was categorized into low, neutral, and high cohesion groups using average values 1–3, 4, and 5–7, respectively, as reported by the paper. || Exposure — Perceived neighborhood physical disorder: Composite of four respondent-rated perceptions of physical conditions in the local area within a 20-minute walk or one mile from home. Items were rated on a 1–7 sliding scale described as 1 = feel positive to 7 = feel negative. The four-item average had internal consistency α = 0.84 and was categorized into low, neutral, and high disorder groups using average values 1–3, 4, and 5–7, respectively, as reported by the paper. || Outcome — Probable dementia status: Binary indicator of probable dementia based on the HRS Modified Telephone Interview for Cognitive Status. The TICS-M composite combined immediate recall, delayed recall, serial 7s, and backward counting, with total score range 0–27. Scores 0–6 were classified as probable dementia; scores 7–11 were CIND and scores 12–27 were normal cognition. The paper modeled risk of probable dementia over the 2010–2020 waves, excluding respondents with dementia at baseline for dementia models.",Cognitive Impairment and Contexts: Examining the Intersections of Social Activity Participation and Neighborhood Perceptions.,literature_mined,q2
oadd-hrs-11210-q2,How might early adversity and military combat shape health and well-being among older veterans?,2008; 2010; 2012,LB020; MB020; LB021; MB021; LLB037K; MLB037K; LLB037L; MLB037L; LLB037M; MLB037M; LLB037N; MLB037N; LLB037C; MLB037C; MD110; ND110; MD111; ND111; MD112; ND112; MD114; ND114; MD116; ND116; MD117; ND117; MD113; ND113; MD115; ND115; MC001; NC001; MLB039H; NLB039H,"Exposure — Adverse childhood experiences: Count index of six dichotomized adverse experiences before age 16 or 18, summed from 0 to 6. Family financial status was coded 1 if poor and 0 otherwise; the other five adversity items were coded 1 for yes and 0 for no. || Exposure — Combat exposure: Binary young-adulthood adversity indicator coded 1 if the respondent had ever fired a weapon in combat or been fired upon in combat, otherwise 0. || Outcome — Later-life subjective well-being indicators: Three separate outcome indicators measured at the following wave: depressive symptoms as an 8-item short CESD symptom count ranging 0–8, with happy and enjoyed-life reverse coded; self-rated health as a single 5-category item treated continuously with 1=poor and 5=excellent; life satisfaction as a single global item treated continuously from 1=not at all satisfied to 5=completely satisfied.",Subjective well-being among male veterans in later life: The enduring effects of early life adversity.,literature_mined,q2
oadd-hrs-15304-q2,"Could computer use help protect against cognitive impairment in later life, and does poverty matter?",2010; 2012; 2014; 2016; 2018; 2020,MLB001N; NLB001N; OLB001N; PLB001N; QLB001N; RLB001N; MD174; ND174; OD174; PD174; QD174; QD174W; RD174; RD174W; MD184; ND184; OD184; PD184; QD184; QD184W; RD184; RD184W; MD142; MD143; MD144; MD145; MD146; ND142; ND143; ND144; ND145; ND146; OD142; OD143; OD144; OD145; OD146; PD142; PD143; PD144; PD145; PD146; QD142; QD143; QD144; QD145; QD146; RD142; RD143; RD144; RD145; RD146; MD124; MD129; ND124; ND129; OD124; OD129; PD124; PD129; QD124; QD129; RD124; RD129,"Exposure — Computer use: Single social participation item from the HRS Leave Behind survey asking about using a computer for email, internet, or other tasks. Scored on a 7-point frequency Likert scale, reverse-scored so higher scores indicate more frequent or stronger computer use; available approximately every 4 years and modeled as time-dependent. || Outcome — Incident cognitive impairment: Cognitive function assessed at each wave using the 27-item Langa-Weir Classification Scale, range 0-27, based on immediate and delayed 10-noun recall, serial 7 subtraction, and backward counting from 20. Cognitive impairment was coded yes/no as a score less than 12. Participants with baseline cognitive impairment, Alzheimer’s disease, or dementia were excluded so the survival outcome captures development of impairment over follow-up.",Exploring the Impact of Social Connection Dimensions on Cognitive Impairment in Older Adults: Observational Cohort Study.,literature_mined,q2
oadd-hrs-14632-q2,Could better memory help protect against diabetes in later life?,2012; 2014; 2016; 2018; 2020,ND174; OD174; PD174; QD174; RD174; ND184; OD184; PD184; QD184; RD184; NC010; OC010; PC010; QC010; RC010; NC214; OC214; PC214; QC214; RC214,"Exposure measurements: Memory was measured using the HRS Telephone Interview for Cognitive Status-27 recall exercises in respondent self/proxy? The study used only patient-response outcome cognition data. Respondents were shown 10 random words and asked to recall them immediately and again 5 minutes later. They received 1 point for each correct word; per wave the total memory score ranged from 0 to 20, with higher scores indicating better memory. In the longitudinal analysis/descriptives, memory was summarized across 2012–2020, reported as out of 100 across the five biennial waves. || Outcome measurements: Diabetes onset was based on whether a respondent reported that a doctor had told them they had diabetes, coded yes=1 and no=0. The study used the reported year of first diabetes diagnosis to identify diabetes diagnosed during follow-up, including only respondents diagnosed between 2012 and 2020.","Association of diabetes risk with changes in memory, working memory, and processing speed among older adults.",literature_mined,q2
oadd-hrs-15032-q2,Could a longer history of hearing or vision problems be linked to depressive symptoms in later life?,1998; 2000; 2002; 2004; 2006; 2008,F1228; F1229; F1230; F1236; G1361; G1362; G1363; G1369; HC095; JC095; KC095; HC096; JC096; KC096; HC097; JC097; KC097; HC103; JC103; KC103; LD110; LD112; LD113; LD114; LD115; LD116,"Exposure — Cumulative sensory loss history before baseline: Self-reported sensory loss was measured in each HRS wave from 1998 through 2006 and summarized cumulatively. Hearing loss was coded present when self-rated hearing, using a hearing aid as usual, was “fair” or “poor”; other responses were no hearing loss. Vision loss was coded present when any of three vision questions—overall eyesight, distance eyesight, or near eyesight, using glasses/corrective lenses as usual—was “fair,” “poor,” or “legally blind”; other responses were no vision loss. Dual sensory loss was having both hearing and vision loss in the same wave; any sensory loss was having either hearing or vision loss in the same wave. Cumulative measures were analyzed as continuous counts and categorical groups: never, 1 time point, 2 time points, and ≥3 time points. CHL, CVL, and CDSL ranged from 0 to 5; the paper states CASL ranged from 0 to 10. || Outcome — Baseline depressive symptom score: Depressive symptoms at the 2008 baseline were measured with the 8-item short Center for Epidemiologic Studies Depression Scale during an in-person interview. Each symptom item was scored 0 if absent and 1 if present; summed score ranged from 0 to 8, with higher scores indicating more severe depressive symptoms. This baseline CES-D score was used in the paper’s cross-sectional baseline association analysis of cumulative sensory loss with depressive symptoms.",Associations of cumulative hearing and vision loss with depression among U.S. adults aged 50 and older: results from the health and retirement study.,literature_mined,q2
oadd-hrs-15580-q2,How do age and marital circumstances relate to mammography use among older women?,2014,OC112; OA019; OB063,"Outcome — Recent mammography use: Binary indicator of whether the respondent obtained a mammogram/mammography screening in the past 2 years, based on one HRS survey question. || Exposure — Age group: Respondent age categorized into five groups: 60-64, 65-69, 70-74, 75-79, and 80-84 years; used as a demographic predictor of mammography screening. || Exposure — Marital status: Dichotomous marital status comparing married respondents with those not married, described as having a spouse versus not having a spouse.",A Nationally Representative US Health and Retirement Study on Mammography Screening Use and Its Predictors Among Older Adult Women Ages 60 to 85.,literature_mined,q2
oadd-hrs-15501-q2,Could pre-pandemic physical or cognitive limitations shape work difficulties and disability claims among older workers?,2018; 2022,QG001; QG002; QG003; QG004; QG005; QG006; QG007; QG011; QG008; QG009; QG010; QG012; QD124; QD129; QD142; QD143; QD144; QD145; QD146; QD174; QD184; QD174W; QD184W; QD501; QG059; QG050; QG051; QG041; QG047; QG044; QA011; SM118; SM101; SM263; SM241,"Exposure measurements: Functional status in 2018 was measured using a 12-item Functional Limitation score. Each activity with no difficulty was scored 0 and each with some difficulty was scored 1, summed from 0 to 12, then categorized as less limitations 0–2, moderate limitations 3–7, and most limitations 8–12. || Exposure measurements: Cognitive status in 2018 was categorized as normal, cognitive impairment—no dementia, or dementia. For self-respondents, the Crimmins 27-point cognitive scale used immediate and delayed 10-noun free recall, serial 7 subtraction, and backward counting from 20, with cut points normal 12–27, CIND 7–11, dementia 0–6. For proxy respondents, an 11-point Langa scale used proxy memory rating, limitations in 5 IADLs, and interviewer assessment of cognitive difficulty completing the interview, with cut points normal 0–2, CIND 3–5, dementia 6–11. || Outcome measurements: Work-related outcomes were assessed in the 2022 HRS as binary indicators of whether the respondent was able to work, had a work-limiting impairment, or had applied for disability benefits from SSI and/or SSDI.",Health service use and work related outcomes in older adults with functional and cognitive impairments during the COVID-19 pandemic.,literature_mined,q2
oadd-hrs-15712-q3,Could childhood adversity contribute to depression later in life?,1998; 2000; 2002; 2004; 2006; 2008; 2010; 2012; 2014; 2016; 2020,KLB037H; LLB037K; MLB037K; NLB037K; LLB037L; MLB037L; NLB037L; KLB037I; LLB037M; MLB037M; NLB037M; KLB037J; LLB037N; MLB037N; NLB037N; RC271,"Exposure measurements: Participant self-report of four adverse events before age 18: repeating a year of school, ever being in trouble with the police, parental drinking or drug use causing family problems, and physical abuse by either parent. Each item was coded 0/1 for no exposure/exposure, summed, and then recoded for this binary comparison as 0 = no ACEs and 1 = one or more ACEs. || Outcome — Self-reported depression diagnosis: In 2020, respondents were classified as having depression if they answered yes to having ever been told by a doctor that they had problems with depression. Respondents answering no, never had depression, or had depression previously but not currently were classified as not having depression; don’t know, refused, and inapplicable responses were coded missing.",The long-term impact of adverse childhood experiences on episodic memory in mid- to late-life among US older adults.,literature_mined,q3
oadd-hrs-15740-q3,Could tumor-necrosis-factor-related inflammation help predict cognitive decline in later life?,2016; 2018; 2020,PTNFR1; R13IMRC; R14IMRCP; R14IMRCW; R15IMRCP; R15IMRCW; R13DLRC; R14DLRCP; R14DLRCW; R15DLRCP; R15DLRCW; R13SER7; R14SER7P; R14SER7W; R15SER7P; R15SER7W; R13BWC20; R14BWC20P; R14BWC20W; R15BWC20P; R15BWC20W,"Exposure — Serum soluble tumor necrosis factor receptor 1: Baseline circulating serum sTNFR1 concentration measured in the 2016 HRS Venous Blood Study; quantified with the Human TNF Receptor 1 Simple Plex Assay on the Ella microfluidic immunoassay platform. Main HRS longitudinal models used baseline log-transformed sTNFR1, with exploratory quartile analyses elsewhere. || Outcome measurements: Repeated HRS 27-point global cognitive composite assessed at each wave, summing immediate word recall, delayed word recall, serial 7s subtraction, and counting backwards. Longitudinal decline was modeled as change in this global score over time in mixed-effects models, including interaction terms with sTNFR1 and APOE ε4 for the effect-modification analysis.","Association of soluble tumor necrosis factor receptor 1 with tau pathology, brain atrophy, and cognitive decline: a longitudinal study.",literature_mined,q3
oadd-hrs-15902-q3,"How do age, sex, and education relate to executive function and memory in healthy older adults?",2016,R1RAGE; PZ216; PX060_R; R1TMA_SCORE; R1TMB_SCORE; R1DIG_SCORE; R1LC_SCORE; R1BC_SCORE; R1LMB_DELSCORE; R1BM_DELSCORE; R1WORD_DSCORE,"Exposure measurements: Age in years, education in years, and sex/gender category were used as demographic predictors. In the LMG analyses, age, sex, and education were included as predictors of the cognitive composite outcomes; in post-hoc hierarchical regressions, sex and age were entered first and education second. || Outcome measurements: A PCA-informed average composite z-score for executive functions/processing speed was computed from performance on Trail Making Test A, Trail Making Test B, Symbol Digit Modalities Test, Letter Cancellation, and Backwards Count. Z-scores for each task were calculated using the study sample mean and standard deviation, then averaged into the composite. The EF/PS model used n=586 after outlier removal. || Outcome measurements: A PCA-informed average composite z-score for episodic memory was computed from delayed recall performance on Logical Memory, Brave Man story recall, and CERAD Word List delayed recall. Z-scores for each task were calculated using the study sample mean and standard deviation, then averaged into the composite. The episodic memory model used the full analysis sample, N=619.",Exploring the relative contributions of multiple modifiable physical health variables to executive function and episodic memory performance in older adults.,literature_mined,q3
oadd-hrs-15199-q3,Could depressive symptoms and low physical activity contribute to dementia risk in later life?,2016,R1MMSE_SCORE; R1DEPRES; R1EFFORT; R1SLEEP; R1LONELY; R1SAD; R1HAPPY; R1ENLIFE; PC223; PC224; PC225,"Outcome — Dementia classification from global cognitive screening: Cognitive functioning was assessed in the 2016 HCAP using the Mini-Mental State Examination (MMSE), scored 0–30 with higher scores indicating better cognition. Cognitive status was classified using MMSE cut points: healthy cognition above 25, mild cognitive impairment 18–24, and dementia below 17. For this question, the focal outcome is whether the respondent was classified as having dementia. || Exposure — Late-life depressive symptoms: Depressive symptomology in the HCAP cohort was measured using a CESD-based score. The score summed responses to five negative depressive-symptom indicators and subtracted responses to two positive affect indicators; the paper reports a score range of 0–10, with higher scores indicating more depressive symptoms. Respondents were categorized as depressed if the CESD score was above 3. Late-life/current characteristics were measured in the last wave of data. || Exposure — Late-life physical inactivity: Physical inactivity was derived from current physical activity intensity and exercise frequency measures. Light, moderate, and vigorous activity were combined with reported exercise frequency categories; respondents were categorized as inactive if they reported doing all three types of physical activity less than once per week during a month. Late-life/current characteristics were measured in the last wave of data.",Decomposing Racial and Ethnic Disparities in Risk and Protective Factors of Dementia in the U.S.,literature_mined,q3
oadd-hrs-15729-q3,Could the balance between monocytes and protective cholesterol help predict survival in later life?,2016,PAMON; PHDLD; QALIVE; RALIVE; NYEAR; NMONTH; EXDEATHYR,"Exposure measurements: Baseline blood-based ratio calculated by dividing total monocyte count by HDL cholesterol concentration. HDL-C was measured directly by homogeneous enzymatic assay; complete blood counts were performed on EDTA-anticoagulated whole blood using automated hematology analyzers. Laboratory values were converted to mmol/L where applicable. || Outcome measurements: Death from any cause during follow-up after the baseline examination/interview. In HRS, mortality status was ascertained through biennial participant or proxy interviews combined with National Death Index linkage, with the 2016 wave as baseline and follow-up through 2020. In NHANES, mortality was assessed through NDI linkage through December 31, 2019.",Monocyte-to-HDL ratio (MHR) is associated with overall and renal mortality in community-dwelling older individuals with chronic kidney disease (CKD).,literature_mined,q3
oadd-hrs-15313-q3,Could poor sleep quality contribute to cognitive decline in later life?,2018; 2020,QC083; QC084; QC085; QC086; QN364; QD174; QD174W; RD174; RD174W; QD184; QD184W; RD184; RD184W; QD142; QD143; QD144; QD145; QD146; RD142; RD143; RD144; RD145; RD146; QD124; QD129; RD124; RD129,"Exposure measurements: Baseline sleep quality was constructed from five sleep-related components: four insomnia/restfulness questions with three-category frequency responses and one binary indicator for regular use of sleep medication. Items were reverse-scored so higher values indicated poorer sleep quality, then summed and adjusted to a 0–9 scale. || Outcome measurements: Cognitive function was measured using the modified Telephone Interview Cognitive Screen (TICS-m). The composite score summed immediate and delayed word recall, serial seven subtraction, and backward counting tasks, yielding a 0–27 score where higher values indicated better cognitive performance. The study used cognitive function data from the 2020 follow-up as the outcome, while also describing TICS-m scores in 2018 and 2020.",Effects of vision impairment on cognitive function: the bidirectional chain mediating role of sleep quality and psychological disorders,literature_mined,q3
oadd-hrs-15712-q4,Could depression be related to memory in later life?,2020,RC271; R15TR20P,"Exposure — Self-reported diagnosed depression: In the 2020 HRS interview, participants were classified as having a depression diagnosis if they answered “yes” to whether a doctor had ever told them they had problems with depression. Participants answering “no,” “never had depression,” or “had depression before but not currently” were classified as not having depression; don’t know, refused, and inapplicable responses were treated as missing. This captures ever having received a clinical diagnosis rather than current depressive symptoms. || Outcome — Episodic memory / total word recall score: Episodic memory was measured in 2020 using the total word recall summary score, a composite of immediate and delayed recall from a 10-item word list. Scores range from 0 to 20, with higher scores indicating better memory functioning. The paper used direct 2020 face-to-face and telephone assessments, with imputed values from the Cross-Wave Imputation of Cognitive Functioning Measures for a small number of missing cognitive scores.",The long-term impact of adverse childhood experiences on episodic memory in mid- to late-life among US older adults.,literature_mined,q4
oadd-hrs-15740-q4,Could TNF-related inflammation be associated with cognitive performance in later life?,2016,PTNFR1; PD174; PD184; PD142; PD143; PD144; PD145; PD146; PD124; PD129,"Exposure — Circulating soluble tumor necrosis factor receptor 1: Baseline serum sTNFR1 concentration from the 2016 HRS Venous Blood Study, quantified with the Human TNF Receptor 1 Simple Plex Assay on the Ella microfluidic immunoassay platform; cross-sectional models used log-sTNFR1. Reported units are pg/mL. || Outcome — Baseline HRS cognitive performance battery: Baseline cognitive performance at the HRS wave aligned with biomarker assessment, analyzed as continuous scores for global cognition and component domains. The HRS 27-point composite sums immediate word recall, delayed word recall, serial 7s, and counting backwards; domain scores include verbal memory, working memory, and attention/processing speed. For this cross-sectional trace, the relevant outcomes are baseline global and domain cognitive scores rather than incident diagnostic categories.","Association of soluble tumor necrosis factor receptor 1 with tau pathology, brain atrophy, and cognitive decline: a longitudinal study.",human_annotated,q4
oadd-hrs-15431-q1,How might demographic differences shape memory performance and change in later life?,2012; 2014; 2016; 2018; 2020; 2022,ND174; OD174; PD174; QD174; RD174; SD174; QD174W; RD174W; SD174W; ND184; OD184; PD184; QD184; RD184; SD184; QD184W; RD184W; SD184W; NA019; SEX; RACE; HISPANIC; DEGREE; NZ216,"Outcome measurements: Comparator cognition measure calculated as the sum of immediate and delayed recall from a 10-word list. The summed score was standardized to an N~(0,1) distribution using the baseline 2012 mean and standard deviation, and used in analogous longitudinal models of annualized cognitive change. || Exposure measurements: Baseline demographic characteristics used to evaluate concurrent and predictive criterion validity of the harmonized GCP score. Age was categorized as 65–74, 75–84, and ≥85 years; gender as male/female; race/ethnicity as non-Hispanic White, non-Hispanic Black, Hispanic, and other; education as less than high school diploma, high school diploma or equivalent, some college, and college degree or higher. Age and education were used for baseline cross-sectional validity; the broader demographic battery was used for longitudinal associations with cognitive change.",Harmonizing late-life cognitive performance data across two population-based cohort studies: The Health and Retirement Study and National Health and Aging Trends Study.,literature_mined,q1
oadd-hrs-15063-q1,How might relationships with adult children and cognitive health influence one another over time?,2002; 2004; 2006; 2008; 2010; 2012; 2014; 2016; 2018; 2020,KLB008A; LLB008A; MLB008A; NLB008A; OLB007A; PLB007A; QLB007A; RLB007A; QLB007B; RLB007B; KLB008C; LLB008C; MLB008C; NLB008C; OLB007C; PLB007C; QLB007C; RLB007C; KLB008D; LLB008D; MLB008D; NLB008D; OLB007D; PLB007D; QLB007D; RLB007D; KLB008E; LLB008E; MLB008E; NLB008E; OLB007E; PLB007E; QLB007E; RLB007E; KLB008F; LLB008F; MLB008F; NLB008F; OLB007F; PLB007F; QLB007F; RLB007F; KLB008G; LLB008G; MLB008G; NLB008G; OLB007G; PLB007G; QLB007G; RLB007G; R6COG27; R7COG27; R8COG27; R9COG27; R10COG27; R11COG27; R12COG27; R13COG27; R14COG27; R15COG27,"Exposure — Perceived social support from children: Repeated measure from the HRS psychosocial leave-behind questionnaire. The paper describes a three-item scale measuring support from children, from Walen and Lachman relationship-quality scales. In HRS this child-support battery is typically scored from items about understanding, relying on children, and opening up to children, with responses reverse-coded/combined so higher values indicate more support; exact scoring details are not fully visible in the supplied excerpt. || Exposure — Perceived strain in relationships with children: Repeated measure from the HRS psychosocial leave-behind questionnaire. The paper describes a four-item scale measuring strain in relationships with children, from Walen and Lachman relationship-quality scales. In HRS this child-strain battery is typically scored from items about demands, criticism, disappointment/being let down, and irritation/getting on nerves, with responses combined so higher values indicate more strain; exact scoring details are not fully visible in the supplied excerpt. || Outcome — Cognitive functioning: Repeated HRS cognitive functioning score used in longitudinal dynamic panel models. The supplied excerpt confirms use of cognitive functioning scores and baseline normal cognition eligibility but does not show the full Methods paragraph for the cognitive score. Based on the HRS cognition documentation cited by the paper, this likely refers to the HRS modified Telephone Interview for Cognitive Status-style summary of self-respondent cognitive tasks, with higher scores indicating better cognitive functioning; exact included tasks and score range should be verified in the full Methods text/codebook during column discovery.",Examining Longitudinal Relationships between Social Support and Strain in Relationships with Children and Older Adults' Cognitive Functioning.,literature_mined,q1
oadd-hrs-15404-q1,Could perceived reasons for everyday discrimination matter for depression and loneliness in later life?,2016,PLB029A; PLB029B; PLB029C; PLB029D; PLB029E; PLB029F; PLB030M1; PLB030M2; PLB030M3; PLB030M4; PLB030M5; PLB030M6; PLB030M7; PLB030M8; PLB030M9; PLB030M10; PLB030M11; PD110; PD111; PD112; PD114; PD115; PD116; PD117; PLB019A; PLB019B; PLB019C; PLB019D; PLB019E; PLB019F; PLB019G; PLB019H; PLB019I; PLB019J; PLB019K,"Exposure — Everyday discrimination attribution typology: Latent class exposure derived from a dichotomous indicator of whether the respondent experienced any everyday discrimination plus 11 dichotomous indicators for attributed reasons for discrimination. Respondents who experienced discrimination could select multiple reasons: ancestry/ethnicity, gender, race, age, religion, weight, physical disability, physical appearance, sexual orientation, financial status, or other. The paper fit latent class models and selected a five-class solution: few discrimination experiences; discrimination with no specified attribution; discrimination due to age; discrimination due to age, race, and ethnicity; and discrimination due to age, explicit physical characteristics, and socioeconomic disadvantages. Each participant was assigned to the class with the highest predicted membership probability. || Outcome — Depressive symptoms: Eight-item Center for Epidemiologic Studies Depression Scale measure. Items include symptoms such as sadness, loneliness, and restless sleep; the positive-affect items “I enjoyed life” and “I felt hopeful about the future” were reverse-coded. Responses were averaged to yield a score from 0 to 8, with higher scores indicating more depressive symptoms. || Outcome — Loneliness: Eleven-item UCLA Loneliness Scale. Respondents rated the frequency of each item from 1 = often to 3 = hardly ever or never. Some items were reverse-coded so that higher scores consistently indicated greater loneliness. Individual item responses were averaged; cases with more than five missing items were assigned missing following RAND’s approach.",Intersectional discrimination and mental health in later life: ageism as a core dimension.,literature_mined,q1
oadd-hrs-15156-q1,How might education be related to blood pressure across social groups in later life?,2006; 2008; 2010; 2012; 2014; 2016; 2018,KZ216; LZ216; MZ216; NZ216; OZ216; PZ216; QZ216; KI859; LI859; MI859; NI859; OI859; PI859; QI859; KI864; LI864; MI864; NI864; OI864; PI864; QI864; KI869; LI869; MI869; NI869; OI869; PI869; QI869; KI860; LI860; MI860; NI860; OI860; PI860; QI860; KI865; LI865; MI865; NI865; OI865; PI865; QI865; KI870; LI870; MI870; NI870; OI870; PI870; QI870; KC005; LC005; MC005; NC005; OC005; PC005; QC005; KC006; LC006; MC006; NC006; OC006; PC006; QC006; RACE; HISPANIC,"Exposure — Educational attainment / years of schooling: Self-reported years of schooling, measured on a 0–17+ scale. In the analytic sample, respondents with fewer than 5 years were recoded to 5 because of sparse data. The primary analysis modeled education as a linear spline with a knot and discontinuity at 12 years: years below 12, an indicator/threshold at 12 years corresponding to high school completion, and years above 12. || Outcome — Systolic blood pressure: Repeated measured systolic blood pressure in mmHg from the HRS Enhanced Face-to-Face physical measures. Interviewers took three seated blood pressure readings, 45–60 seconds apart, using Omron HEM-780 N monitors. If all three SBP readings were non-missing, the analysis used the mean of the second and third readings; if only one or two readings were non-missing, it used the mean of all available readings. || Outcome — Hypertension status: Dichotomous hypertension indicator based on measured blood pressure and medication use. Participants were classified as hypertensive if systolic blood pressure was at least 140 mmHg or diastolic blood pressure was at least 90 mmHg, or if they self-reported taking anti-hypertensive medication even when measured blood pressure was below 140/90 mmHg. || Moderator — Race/ethnicity-by-gender group: Effect modification was assessed using race/ethnicity and self-reported gender. Gender was recorded as a binary indicator. Race was self-identified as White, Black/African American, or other race categories collapsed in the public data; Hispanic/Latino ethnicity was self-reported separately. Race and ethnicity were combined into four categories: non-Hispanic Black, non-Hispanic White, Hispanic, and non-Hispanic other race/ethnicity. The analysis modeled interactions between these race/ethnicity categories and binary gender, and then interacted the resulting groups with the education spline components, using White men as the reference group.",Differential associations between education and blood pressure by gender and race.,literature_mined,q1
oadd-hrs-15120-q1,Could long-term patterns of pain contribute to insomnia in later life?,2010; 2012; 2014; 2016; 2018,MC104; NC104; OC104; PC104; QC104; MC105; NC105; OC105; PC105; QC105; QC083; QC084; QC085; QC086,"Exposure measurements: At each HRS wave from 2010 through 2018, self-reported pain was coded from 0 to 3 using two pain questions: no frequent pain coded 0; if often troubled with pain, pain severity coded mild = 1, moderate = 2, severe = 3. These repeated pain scores were modeled with latent class growth analysis to classify respondents into chronic pain trajectory groups: severe pain trajectory, moderate pain trajectory, and non or mild pain trajectory. || Outcome measurements: Insomnia symptoms at wave 14 were measured with the self-reported four-item Jenkins Sleep Scale. For each item, responses of “most of the time” or “sometimes” were coded 1, and “rarely or never” was coded 0. The total JSS-4 score ranged from 0 to 4, with higher values indicating more severe insomnia problems; the four item-level symptoms were also used as network nodes.",Depressive and Insomnia Symptoms Among Older Adults With Different Chronic Pain Trajectories: A Network Analysis Based on Observation Over an Eight-Year Period.,literature_mined,q1
oadd-hrs-15186-q1,Could sustained physical activity help protect different aspects of cognitive health in later life?,2004; 2006; 2008; 2010; 2012; 2014; 2016; 2018; 2020,JC223; KC223; LC223; MC223; NC223; OC223; PC223; QC223; RC223; JC224; KC224; LC224; MC224; NC224; OC224; PC224; QC224; RC224; JC225; KC225; LC225; MC225; NC225; OC225; PC225; QC225; RC225; JD174; KD174; LD174; MD174; ND174; OD174; PD174; QD174; QD174W; RD174; RD174W; JD184; KD184; LD184; MD184; ND184; OD184; PD184; QD184; QD184W; RD184; RD184W; JD142; JD143; JD144; JD145; JD146; KD142; KD143; KD144; KD145; KD146; LD142; LD143; LD144; LD145; LD146; MD142; MD143; MD144; MD145; MD146; ND142; ND143; ND144; ND145; ND146; OD142; OD143; OD144; OD145; OD146; PD142; PD143; PD144; PD145; PD146; QD142; QD143; QD144; QD145; QD146; RD142; RD143; RD144; RD145; RD146; JD124; JD129; KD124; KD129; LD124; LD129; MD124; MD129; ND124; ND129; OD124; OD129; PD124; PD129; QD124; QD129; RD124; RD129,"Exposure — Cumulative physical activity: Self-reported vigorous, moderate, and light/mild physical activity frequencies were coded from 0 to 4, weighted by intensity-specific MET-like weights (light=1.2, moderate=1.4, vigorous=1.8), and summed to form total MET-PA with range 0–17.6. Cumulative physical activity was then calculated as area under the curve using the trapezoid rule across repeated biennial visits, producing accumulation measures over 2-, 4-, 6-, and 8-year periods. || Outcome — Cognitive function and cognitive decline: Cognitive function was measured with the TICS-m cognitive battery. Global cognition was a 0–27 score summing memory and executive function domains. Memory combined immediate word recall (0–10) and delayed word recall (0–10). Executive function combined serial 7 subtraction (0–5) and backward counting (0–2). Higher scores indicated better cognition. Domain z-scores were calculated, and global cognition z-score was re-standardized as the mean of the two domain z-scores using 2004 baseline mean and SD for all subsequent years. Decline was assessed as longitudinal change in global cognition, memory, and executive function z-scores from 2004 through 2020.",Long-term cumulative physical activity associated with less cognitive decline: Evidence from a 16-year cohort study.,human_annotated,q1
oadd-hrs-15102-q1,Could food insecurity be related to different aspects of cognitive health in later life?,2013; 2016,HNB1_13; HNB2_13; HNB3_13; HNB4_13; HNB5_13; VDMDE1; VDMDE3; VDMDE2; VDMDE5; R1WLREC_TOTSCORE; VDMRE2; VDMDE4; VDEXF1; R1NS_SCORE; R1TMB_SEC; VDASP1; R1TMA_SEC; VDASP3; VDASP4; VDASP5; R1VERBAL_SCORE; VDLFL2; VDLFL3; VDLFL4; VDLFL5; VDLFL6; VDVIS1; R1ORIENT_TIME; R1ORIENT_PLACE,"Exposure — Household food insecurity: Food insecurity was measured in the 2013 Health Care and Nutrition Study using the USDA Six-Item Short Form Food Security Survey Module. Each of six items was coded 1 for an affirmative response and 0 for a negative response, summed from 0 to 6, then dichotomized using USDA guidance: food secure for 0–1 affirmative responses and food insecure for 2 or more affirmative responses. || Outcome — HCAP cognitive domain performance scores: Cognition was assessed in the 2016 Harmonized Cognitive Assessment Protocol using neuropsychological tests grouped into five cognitive domains: memory, executive functioning, language, visuospatial functioning, and orientation. The paper states that cognitive domains followed HCAP factor-analysis/factor-scoring/T-score derivations and that the sum of tests in each domain was standardized to a T-score metric with mean 50 and standard deviation 10.",Food insecurity and cognitive domains among older United States adults: Findings from the health and retirement study.,literature_mined,q1
oadd-hrs-15120-q2,Could long-term patterns of pain contribute to depressive symptoms in later life?,2010; 2012; 2014; 2016; 2018,MC104; NC104; OC104; PC104; QC104; MC105; NC105; OC105; PC105; QC105; QD110; QD111; QD112; QD113; QD114; QD115; QD116; QD117,"Exposure measurements: Pain was assessed biennially from HRS wave 10 through wave 14 using a two-question self-report pain measure. Respondents with no frequent pain were coded 0; among those often troubled with pain, pain severity was scored mild=1, moderate=2, severe=3. The resulting 0–3 pain severity score at each wave from 2010 to 2018 was used in latent class growth analysis to classify participants into three chronic pain trajectories: severe pain trajectory, moderate pain trajectory, and non or mild pain trajectory. || Outcome measurements: Depressive symptoms at HRS wave 14 were measured with the self-reported eight-item Center for Epidemiological Studies Depression scale (CESD-8). Each item was coded 1 for presence and 0 for absence of the symptom, with ‘Lack of happiness’ and ‘Not enjoying life’ reverse scored. Items were summed to produce a CESD-8 score ranging from 0 to 8, where higher scores indicate greater depressive symptom severity.",Depressive and Insomnia Symptoms Among Older Adults With Different Chronic Pain Trajectories: A Network Analysis Based on Observation Over an Eight-Year Period.,human_annotated,q2
oadd-hrs-15186-q2,Does a longer history of physical activity offer greater protection against cognitive decline in later life?,2004; 2006; 2008; 2010; 2012; 2014; 2016; 2018; 2020,JC223; KC223; LC223; MC223; NC223; JC224; KC224; LC224; MC224; NC224; JC225; KC225; LC225; MC225; NC225; JD124; JD129; JD142; JD143; JD144; JD145; JD146; JD174; JD184; KD124; KD129; KD142; KD143; KD144; KD145; KD146; KD174; KD184; LD124; LD129; LD142; LD143; LD144; LD145; LD146; LD174; LD184; MD124; MD129; MD142; MD143; MD144; MD145; MD146; MD174; MD184; ND124; ND129; ND142; ND143; ND144; ND145; ND146; ND174; ND184; OD124; OD129; OD142; OD143; OD144; OD145; OD146; OD174; OD184; PD124; PD129; PD142; PD143; PD144; PD145; PD146; PD174; PD184; QD124; QD129; QD142; QD143; QD144; QD145; QD146; QD174; QD184; QD174W; QD184W; RD124; RD129; RD142; RD143; RD144; RD145; RD146; RD174; RD184; RD174W; RD184W,"Exposure measurements: Physical activity was self-reported separately for vigorous, moderate, and light/mild activity frequency. Responses for each intensity were coded from 0 to 4, weighted by intensity-specific MET-related weights, summed into total MET-PA, and then accumulated using area under the curve with the trapezoid rule. For the duration analysis, cumulative PA was calculated over successively longer engagement periods: 2-year, 4-year, 6-year, and 8-year accumulation windows from baseline, and one-SD increments in those cPA measures were compared for their association with later cognitive decline. || Outcome — Global cognitive decline: 27-point global cognition summary score across follow-up: Global cognition was measured from the HRS cognitive battery as the sum of memory and executive-function components, with a raw score range of 0–27. Memory combined immediate and delayed word recall, and executive function combined serial 7 subtraction and backward counting. Domain z-scores were calculated using baseline sample means and standard deviations for all later years; global cognition z-scores were re-standardized using the mean of the two domain z-scores. The duration analysis examined subsequent change/decline in global cognitive z-score across follow-up visits.",Long-term cumulative physical activity associated with less cognitive decline: Evidence from a 16-year cohort study.,literature_mined,q2
oadd-hrs-14856-q1,Could childhood respiratory risks shape lung health and chronic lung disease in later life?,2006; 2008,PARSMOKE; CHSMOKE; RESP; AGERESPD; ASTHMA; AGEASTHMAD; ALLERGY; AGEALLERGYD; EAR; AGEEARD; KI807; LI807; KI808; LI808; KI809; LI809; KC030; LC030,"Exposure — Childhood respiratory risk profile: Latent class exposure derived from six retrospective childhood respiratory risk factors: parental smoking, respondent smoking during adolescence/childhood, respiratory disorders before age 16 categorized by timing (<12 years, ≥12 years, or none), asthma before age 16 categorized by timing, allergic conditions before age 16 categorized by timing, and chronic ear problems or infections before age 16 categorized by timing. The latent class analysis identified six profiles: Asthma and respiratory disorders in early childhood; Unexposed or least exposed; Smokers at home; Ear problems and respiratory disorders in early childhood; Allergic conditions and respiratory disorders in early childhood; Allergic conditions and respiratory disorders in later childhood. The unexposed/least exposed class was used as the reference category. || Outcome — Peak expiratory flow value: Measured lung function using peak expiratory flow (PEF). Trained interviewers took three peak-flow measurements at 30-second intervals using a Mini-Wright peak flow meter; the highest of the three measurements was recorded as the respondent’s PEF value. Reported in L/min. || Outcome — Physician-diagnosed COPD or chronic lung disease: Self-reported physician diagnosis of chronic lung disease/COPD, ascertained from a yes/no question asking whether a physician had ever told the respondent that they had chronic lung disease such as chronic bronchitis or emphysema.",Childhood respiratory risk profiles associate with lung function and COPD among the old population.,literature_mined,q1
oadd-hrs-15060-q1,Do dementia classifications differ across educational and racial or ethnic groups in later life?,2016,VS1HCAPDX_EAP; PZ216; HISPANIC; RACE,"Outcome — HRS-HCAP dementia classification: Binary dementia status from the HRS-HCAP algorithm. The original HRS-HCAP classification assigned unimpaired cognition, mild cognitive impairment, or dementia using neuropsychological test performance, informant reports of cognitive and functional impairment, and self-reported subjective memory worsening. For this paper, mild cognitive impairment and unimpaired cognition were combined as not having dementia. Dementia required performance at least 1.5 SD below the sociodemographically expected mean in at least two cognitive domains plus informant-reported functional impairment. Exact algorithm details are referenced to Manly et al. rather than fully reproduced. || Moderator — Educational attainment group: Educational attainment grouped for subgroup-specific dementia prevalence and cognitive-score cutpoints as less than high school, high school graduate or equivalent, and more than high school education. || Moderator — Race and ethnicity group: Race/ethnicity categories used for subgroup-specific dementia prevalence and cognitive-score cutpoints, including non-Hispanic White, non-Hispanic Black, Hispanic, and an other race group in descriptive profiles.",Co-calibration of cognitive performance in the National Health and Aging Trends Study with the Health and Retirement Study's Harmonized Cognitive Assessment Protocol: Implications for dementia classification.,literature_mined,q1
oadd-hrs-14631-q1,"How does becoming eligible for Medicare affect dental coverage, care, and spending among older adults?",2014; 2016; 2018; 2020,OA019; PA019; QA019; RA019; ON067; PN067; QN067; RN067; ON068; PN068; ON069; PN069; QN069; RN069; ON164; PN164; QN164; RN164; ON168; PN168; QN168; RN168,"Exposure — Medicare eligibility transition at age 65: Regression-discontinuity exposure based on respondent age at interview, using the sharp Medicare eligibility cutoff at age 65; compares adults just below vs just above age 65 within an analytic age range of 50 to 90 years. || Outcome — Dental coverage status: Self-reported dental coverage at the time of the HRS interview, categorized as Medicaid dental coverage, Medicare dental coverage, private dental coverage, or no dental coverage; modeled as binary indicators for coverage categories, including no dental coverage. || Outcome — Use of dental services and out-of-pocket dental spending: Self-reported dental care use during the previous 2 years, including whether the respondent had any dental visits and dental out-of-pocket spending. Spending was measured in US dollars, converted to real 2020 dollars for comparability, with binary any-spending indicators and continuous spending amounts analyzed among those with dental expenses.",Dental Coverage and Care When Transitioning From Medicaid to Medicare.,literature_mined,q1
oadd-hrs-14750-q1,"Could a history of cancer affect medication affordability, hospitalization, and self-rated health in later life?",2008; 2010; 2012; 2014; 2016; 2018; 2020,LC018; MC018; NC018; OC018; PC018; QC018; LN188; MN188; NN188; ON188; PN188; QN188; RN188; LN099; MN099; NN099; ON099; PN099; QN099; RN099; LC001; MC001; NC001; OC001; PC001; QC001; RC001,"Moderator — History of cancer at initial Medicare plan selection: Self-reported doctor diagnosis of cancer or malignant tumor, excluding minor skin cancer, measured at the time of initial Medicare plan selection. Respondents with an affirmative response were classified as having a history of cancer. || Outcome — Cost-related medication nonadherence: Dichotomous self-report in follow-up waves indicating whether the respondent took less medication than prescribed because of cost; respondents answering yes were categorized as having cost-related medication nonadherence. || Outcome — Any hospitalization: Dichotomous follow-up measure indicating any overnight hospital stay, based on self-report that the respondent had been a patient in the hospital overnight. || Outcome — Self-reported health status: Self-rated health in follow-up waves dichotomized as excellent, very good, or good versus fair or poor; analyses report fair/poor health as the adverse health-burden outcome.",Estimating financial and health burden by initial Medicare plan choice and history of cancer.,literature_mined,q1
oadd-hrs-14010-q1,How does chronic lung disease vary across racial groups among older adults?,1998; 2000; 2002; 2004; 2006; 2008; 2010; 2012; 2013; 2014; 2016; 2018; 2020,F1146; G1279; HC030; JC030; KC030; LC030; MC030; NC030; OC030; PC030; QC030; RC030; RACE,"Outcome — Doctor-diagnosed COPD / chronic lung disease status: Binary self-reported doctor diagnosis assessed at each interview. Respondents answering yes to having ever been told by a doctor that they had chronic lung diseases such as chronic bronchitis or emphysema were counted as having COPD at that interview. Prevalence was based on current interview status; incidence was reported as new COPD over follow-up in person-years, but the supplied Methods excerpt does not fully specify the incident-case/person-time algorithm. || Moderator — Race: Respondent race categorized as Caucasian, African American, and other; used to stratify COPD prevalence and incidence trends.","Trends in the prevalence and incidence of chronic obstructive pulmonary disease among adults aged ≥50 years in the United States, 2000–2020",literature_mined,q1
oadd-hrs-15049-q1,Do women and men differ in cognitive trajectories in later life?,2006; 2008; 2010; 2012; 2014; 2016; 2018,SEX; R8COG27; R9COG27; R10COG27; R11COG27; R12COG27; R13COG27; R14COG27,"Moderator — Sex: Respondent sex was used to compare women and men and to test APOE ε4-by-sex interactions in models of cognitive decline and dementia onset. || Outcome — Cognitive function / cognitive decline: At each survey year, cognitive function was measured with the Telephone Instrument for Cognitive Status (TICS), administered by phone, face-to-face, or for a small 2018 subset online. The paper summed all TICS items into a composite cognitive function score ranging from 0 to 27, with higher scores indicating better cognition. One point was subtracted from online 2018 TICS scores to account for mode differences. Cognitive decline was modeled as change in this repeated composite score over age/time.","Sex variation in the relationship between ε4, cognitive decline, and dementia.",literature_mined,q1
oadd-hrs-14930-q1,"How do perceptions of chronic stress differ across racial, ethnic, and nativity groups in later life?",2010; 2012,MLB040A_A; NLB040A_A; MLB040A_B; NLB040A_B; MLB040A_C; NLB040A_C; MLB040A_D; NLB040A_D; MLB040A_E; NLB040A_E; MLB040A_F; NLB040A_F; MLB040A_G; NLB040A_G; RACE; HISPANIC; USBORN,"Exposure — Chronic stress exposure / multi-domain chronic burden: Baseline cumulative count of affirmative responses to seven chronic-stressor domains, each referring to problems lasting 12 months or longer. The count ranges from 0 to 7 and represents multi-domain chronic burden. The supplied excerpt explicitly names several domains and describes the seven-item cumulative score; the exact item wording should be verified in the full HRS psychosocial questionnaire or full Methods section. || Exposure — Chronic stress appraisal / upsettingness of chronic stressors: Among respondents who endorsed at least one chronic stressor, appraisal is the average rating of how upsetting the endorsed stressor or stressors were. The paper interprets higher scores as more negative or upsetting appraisal; visible results indicate a scale where 1 corresponds to not being upset, 2 to somewhat upset, and 3 to very upset. || Moderator — Race, ethnicity, and nativity group: Time-invariant grouping variable combining race, Hispanic ethnicity, and nativity to compare White, Black, U.S.-born Hispanic, and foreign-born Hispanic adults. White adults are the comparison group in the models described.",Disparities in Chronic Stress Exposure and Appraisal and Later-Life Disability,literature_mined,q1
oadd-hrs-13780-q1,How do marital status and sex shape the number of later-life years lived with and without depressive symptoms?,2012; 2014; 2016; 2018,NB063; OB063; PB063; QB063; XB063; YB063; ZB063; XQB063; SEX; ND110; OD110; PD110; QD110; ND111; OD111; PD111; QD111; ND112; OD112; PD112; QD112; ND113; OD113; PD113; QD113; ND114; OD114; PD114; QD114; ND115; OD115; PD115; QD115; ND116; OD116; PD116; QD116; ND117; OD117; PD117; QD117; NALIVE; OALIVE; PALIVE; QALIVE; XA121; XA123; YA121; YA123; ZA121; ZA123; XQA121; XQA123,"Exposure — Stable marital status: married versus widowed: Respondents were classified as married if they remained married throughout follow-up or until death, and as widowed if they remained widowed throughout follow-up or until death. People with other marital statuses, remarriage after widowhood, or transition into widowhood during follow-up were excluded because marital status was modeled as time-constant. || Moderator — Sex: Analyses were stratified by respondent sex, comparing women and men in depression-free life expectancy, life expectancy with depression, and total life expectancy, including within married and widowed groups. || Outcome — Depressive symptom state: Depression was measured with the 8-item Center for Epidemiologic Studies Depression scale. Responses to the eight depressive-symptom items were summed, and a score of 3 or higher indicated clinically significant depressive symptoms. For the multistate life table, respondents were treated as being in absence versus presence of clinically significant depressive symptoms, enabling depression-free and depressed life-expectancy estimates. || Outcome — Mortality and death timing: Vital status and date of death were used to define death as an absorbing state in the multistate life table and to estimate total life expectancy as well as years lived with or without depression.",Estimating the Sex Gap in Depression-Free Life Expectancy Among Widowed Americans Aged 50 and Older: An Application Using the Interpolated Markov Chain Approach.,literature_mined,q1
oadd-hrs-14638-q1,"Could a wider range of online social activities protect cognitive health in later life, and does age matter?",2020; 2022,RLB038B7; RLB038B12; RLB038B13; RLB038B14; RLB038B15; RLB038B16; RLB038B17; R15TR20P; R15TR20W; R16TR20P; R16TR20W; RD142; RD143; RD144; RD145; RD146; SD142; SD143; SD144; SD145; SD146; RD124; RD129; SD124; SD129; RLB001C; RLB001D; RLB001E; RLB001F; RLB001G; RLB001A; RB082; RLB001B; RLB008A; RLB012A; RLB016A,"Exposure — Variety of internet-based social activity participation: In the 2020 HRS self-administered psychosocial survey, seven internet-based social activities were each dichotomized as 1 if the participant engaged in the activity at least once a month or more and 0 if less than once a month. The seven binary indicators were summed to create a variety score ranging from 0 to 7, with higher scores indicating more diverse internet-based social activity participation. || Outcome — Overall cognitive functioning: Cognitive functioning was measured with the modified Telephone Interview for Cognitive Status. The paper summed three domain scores—episodic memory from immediate and delayed recall of a 10-word list, working memory from serial 7 subtraction, and attention/processing speed from backward counting—to form an overall cognition score ranging from 0 to 27. For the longitudinal analysis, 2022 overall cognitive functioning was the later outcome, with 2020 cognitive functioning used as baseline cognition to model change/decline over two years. || Exposure — Variety of face-to-face social activity participation: In the 2020 HRS psychosocial survey, eleven offline/face-to-face social activities were treated analogously to the internet-based activity score: each activity was dichotomized for engagement at least once a month or more versus less than once a month, and the indicators were summed to create a variety score from 0 to 11. Higher scores indicate more diverse face-to-face social activity participation. This measure was included to test whether the internet-based activity association held beyond noninternet social activity.",Internet-Based Social Activities and Cognitive Functioning 2 Years Later Among Middle-Aged and Older Adults: Prospective Cohort Study.,literature_mined,q1
oadd-hrs-14569-q1,Could an earlier diabetes diagnosis increase dementia risk in later life?,2002; 2003; 2004; 2006; 2008; 2010; 2012; 2014; 2016,QXA2; QXA3; R6IMRC; R7IMRC; R8IMRC; R9IMRC; R10IMRC; R11IMRC; R12IMRC; R13IMRC; R6DLRC; R7DLRC; R8DLRC; R9DLRC; R10DLRC; R11DLRC; R12DLRC; R13DLRC; R6SER7; R7SER7; R8SER7; R9SER7; R10SER7; R11SER7; R12SER7; R13SER7; R6BWC20; R7BWC20; R8BWC20; R9BWC20; R10BWC20; R11BWC20; R12BWC20; R13BWC20,"Exposure — Age at diagnosis of type 2 diabetes: Self-reported age when a physician told the participant they had diabetes, collected in the HRS 2003 diabetes module. The primary analysis categorized age at diagnosis as <50 years, 50–59 years, 60–69 years, and ≥70 years, with ≥70 as the reference group; sensitivity analysis also treated it continuously as each one-year younger age at diagnosis. || Focal measurement — Type 2 diabetes classification for the study population. || Outcome — Incident dementia: modified TICS component scores used to form 27-point cognition score: Dementia during follow-up was classified using the HRS modified Telephone Interview for Cognitive Status cognitive score. The score summed 27 cognitive items: immediate recall of 10 words, delayed recall of 10 words, five serial 7 subtraction trials, and backward counting. Scores range from 0 to 27; respondents scoring 0–6 were classified as having dementia and 7–27 as not having dementia. The analysis followed participants from baseline through record of dementia, death, or the 2016 HRS survey.","Age at diagnosis of diabetes, obesity, and the risk of dementia among adult patients with type 2 diabetes.",literature_mined,q1
oadd-hrs-14099-q1,Could systemic inflammation help explain racial disparities in dementia risk among older adults?,2006; 2008; 2010; 2012; 2013; 2014,RACE; HISPANIC; KXCRP_ADJ; LXCRP_ADJ; KD124; KD129; KD142; KD143; KD144; KD145; KD146; KD174; KD184; LD124; LD129; LD142; LD143; LD144; LD145; LD146; LD174; LD184; MD124; MD129; MD142; MD143; MD144; MD145; MD146; MD174; MD184; ND124; ND129; ND142; ND143; ND144; ND145; ND146; ND174; ND184; OD124; OD129; OD142; OD143; OD144; OD145; OD146; OD174; OD184,"Exposure — Self-reported racialized social category: Participants’ self-reported racialized categories were used as a proxy for exposure to racialization. Primary comparisons contrasted minoritized participants—non-Hispanic Black and Hispanic participants combined—with non-Hispanic white participants as the reference group; analyses also separately compared non-Hispanic Black vs non-Hispanic white and Hispanic vs non-Hispanic white. The same racialized categories were also used to examine effect modification of the CRP–incident dementia association. || Mediator — Systemic inflammation measured by C-reactive protein: Circulating C-reactive protein was measured from dried blood spots using ELISA. For the primary analysis, CRP was dichotomized at the 75th percentile of the analytic distribution: high systemic inflammation was defined as CRP concentration ≥4.73 μg/mL, versus lower CRP. The paper reports assay lower limit of detection as 0.035 mg/L, within-assay imprecision 8.1%, and between-assay imprecision 11.0%. || Outcome — Six-year incident dementia: Cognitive status was assessed at baseline and every two years using Telephone Interview for Cognitive Status items. The dementia classification used the Langa-Weir approach based on a subset of TICS assessments: immediate word recall, delayed word recall, serial 7s, and backward counting, scored 0–27. Scores of 0–6 were classified as dementia, 7–11 as cognitive impairment non-dementia, and 12–27 as cognitively normal. Incident dementia was defined as developing dementia during the 6-year follow-up among participants without dementia at baseline.",The mediating role of systemic inflammation and moderating role of racialization in disparities in incident dementia,literature_mined,q1
oadd-hrs-14768-q1,How do telemedicine use and willingness to use telemedicine differ across racial and ethnic groups in later life?,2013; 2021,RACE; HISPANIC; C6_21; C7_21,"Exposure measurements: Participant-level self-reported race and ethnicity categorized as non-Hispanic White, non-Hispanic Black/African American, Hispanic, and other races. || Outcome — Current telemedicine use during the pandemic: Binary indicator of whether the respondent reported any telephone or video visit with a doctor instead of an in-person visit since March 2020. Responses of yes were categorized as telemedicine users; no as non-users. || Outcome — Future-intended telemedicine use: Respondents were asked how likely they were to use telephone or video doctor visits in the future. Four response options were dichotomized: very likely or somewhat likely = likely to use; not very likely or not at all likely = not likely to use.",Higher than expected telemedicine use by racial and ethnic minority and cognitively impaired Medicare beneficiaries.,literature_mined,q1
oadd-hrs-14940-q1,How might prior incarceration shape patterns of dental care use in later life?,2012; 2014; 2016; 2018; 2020,NLB035_B; OLB033_B; NN164; ON164; PN164; QN164; RN164,"Exposure — Prior incarceration history: Binary lifetime history of incarceration, measured from the 2012 or 2014 HRS leave-behind questionnaire. Respondents were classified as ever incarcerated versus never incarcerated based on whether they had ever been an inmate in jail, prison, juvenile detention center, or another correctional facility. || Outcome — Dental care use trajectories: Repeated binary reports of dental care use across HRS waves from 2012 through 2020, based on whether the respondent had seen a dentist for dental care, including dentures, in the last two years. These repeated yes/no measures were modeled as latent dental care trajectory groups over ages 55–90, labeled Regular Dental Care, Moderate-Declining Dental Care Use, and Low Dental Care.",Dental care trajectories among formerly incarcerated older adults in the United States.,literature_mined,q1
oadd-hrs-14430-q1,How do older adults differ in how they report the severity of health problems across domains?,2007,A06_07; B01_07; A02_07; B05_07; A04_07; B03_07; A03_07; B04_07; A05_07; B02_07; A01_07; B06_07; A08_07; A09_07; A10_07; A11_07; A12_07; A13_07; A14_07; A15_07; A16_07; A17_07; A18_07; A19_07; A20_07; A21_07; A22_07; A23_07; A24_07; A25_07; B08_07; B09_07; B10_07; B11_07; B12_07; B13_07; B14_07; B15_07; B16_07; B17_07; B18_07; B19_07; B20_07; B21_07; B22_07; B23_07; B24_07; B25_07,"Outcome measurements: In the 2007 HRS mail questionnaire, respondents rated their own health problems in six domains on a 5-point severity scale where 1=None, 2=Mild, 3=Moderate, 4=Severe, and 5=Extreme. The six domains were feeling sad/low/depressed, difficulty sleeping, difficulty concentrating or remembering things, problem moving around, shortness of breath, and pain or bodily aches. The paper excluded the work-limitation item from analysis because many respondents were no longer working. || Mediator measurements: In the 2007 HRS mail questionnaire, respondents rated 18 fictional health vignettes corresponding to the same six health domains as the self-ratings. There were three vignettes per domain, with different levels of described severity. Respondents used the same 5-point severity scale as for self-rated health: None, Mild, Moderate, Severe, Extreme. Two questionnaire versions varied by vignette-character gender and vignette order. These vignette ratings were used to estimate reporting heterogeneity / severity thresholds in CHOPIT models.",Reporting heterogeneity in the associations between personality and health problems: Anchoring self-reports with health vignettes,literature_mined,q1
oadd-hrs-14549-q1,How do race and sex shape memory performance and decline in later life?,1996; 1998; 2000; 2002; 2004; 2006; 2008; 2010; 2012; 2014; 2016; 2018; 2020,R3IMRC; R4IMRC; R5IMRC; R6IMRC; R7IMRC; R8IMRC; R9IMRC; R10IMRC; R11IMRC; R12IMRC; R13IMRC; R14IMRCP; R14IMRCW; R15IMRCP; R15IMRCW; R3DLRC; R4DLRC; R5DLRC; R6DLRC; R7DLRC; R8DLRC; R9DLRC; R10DLRC; R11DLRC; R12DLRC; R13DLRC; R14DLRCP; R14DLRCW; R15DLRCP; R15DLRCW; SEX; RACE; HISPANIC,"Outcome measurements: Repeated late-life memory composite in HRS based on immediate and delayed recall trials of the CERAD 10-item word list memory test, using RAND-provided HRS cognitive scores including imputed cognitive scores for respondents who participated in a wave but lacked cognitive data. Composite memory scores were computed from z-scored recall variables and modeled as baseline memory performance and rate of memory decline across visits. || Moderator — Sex/gender: Participant self-report as male or female; used to compare associations between structural sexism and memory trajectories among women versus men. The authors describe the construct as sex/gender because the questionnaire wording does not clarify whether respondents reported sex or gender. || Moderator measurements: Participant identification with racialized group using 1990 U.S. Census-style categories, combined with Hispanic/Latino identification to restrict or classify participants as non-Latinx Black or non-Latinx White. Used to test whether structural-sexism associations differed between Black and White participants, particularly among women.",Early life exposure to structural sexism and late-life memory trajectories among black and white women and men in the United States.,literature_mined,q1
oadd-hrs-14352-q1,Could oral health and dental care be related to self-rated health in later life?,2018,QC001; QC237; QN164,"Outcome — Self-rated overall health: Single self-report item in the 2018 HRS asking respondents to rate their health on a 5-point scale; dichotomized as Excellent/Very Good/Good versus Fair/Poor, with Fair/Poor treated as unfavorable self-rated health. || Exposure — Dentate status / complete tooth loss: Self-reported HRS Core item identifying whether the respondent had lost all upper and lower natural permanent teeth; used to classify respondents as edentulous versus dentate. || Exposure — Recent dental care use: Self-reported HRS Core item asking whether the respondent had seen a dentist for dental care, including dentures, in the last two years; analyzed as recent dentist contact versus no recent dentist contact.",A Comparative Analysis of Oral Health and Self-Rated Health: 'All of Us Research Program' vs. 'Health and Retirement Study',human_annotated,q1
oadd-hrs-13993-q1,How might physical activity and loneliness influence one another over time in later life?,2004; 2006; 2008; 2010; 2012; 2014; 2016; 2018,JD114; KD114; LD114; MD114; ND114; OD114; PD114; QD114; JC223; KC223; LC223; MC223; NC223; OC223; PC223; QC223; JC224; KC224; LC224; MC224; NC224; OC224; PC224; QC224,"Outcome — Loneliness: Repeated binary loneliness measure. The paper used a single CES-D-adapted item asking whether, much of the time during the past week, the respondent felt lonely, with yes/no responses. In the longitudinal models, loneliness at one wave was used both as a predictor of future loneliness/physical activity and as a future outcome predicted by prior physical activity and loneliness. || Outcome — Vigorous-intensity physical activity: Repeated binary indicator for at least weekly participation in vigorous-intensity sports or activities. Respondents were asked how often they took part in vigorous sports or activities, with examples such as running or jogging. Response categories were every day, more than once per week, once per week, one to three times per month, and never; the authors dichotomized responses into at least weekly participation versus less than weekly. In the longitudinal models, vigorous physical activity at one wave was used both as a predictor and as a future outcome. || Outcome — Moderate-intensity physical activity: Repeated binary indicator for at least weekly participation in moderately energetic sports or activities. Respondents were asked how often they took part in moderately energetic sports or activities, with examples such as walking at a moderate pace or dancing. Response categories were every day, more than once per week, once per week, one to three times per month, and never; the authors dichotomized responses into at least weekly participation versus less than weekly. In the longitudinal models, moderate physical activity at one wave was used both as a predictor and as a future outcome. Light-intensity activity was explicitly excluded from the analysis.",Exercise to socialize? Bidirectional relationships between physical activity and loneliness in middle-aged and older American adults.,literature_mined,q1
oadd-hrs-14294-q1,Do men and women differ in how consistently they report loneliness across survey formats over time?,1996; 1998; 2000; 2002; 2004; 2006,E989; F1497; G1673; HD114; JD114; KLB020A; KLB020B; KLB020C; E210,"Exposure — Interview-based loneliness status and duration: Self-reported loneliness status, yes versus no, measured biennially from 1996 through 2004 using the loneliness item from the CES-D Scale administered in HRS interviews. Loneliness duration over 1996-2004 was counted across waves and categorized as never, 1 time point, 2 time points, and ≥3 time points; analyses also coded duration continuously from 0 to 3. || Exposure — Private questionnaire UCLA loneliness scale for validation of underreporting: Self-reported 3-item UCLA Loneliness Scale from the 2006 HRS Psychosocial and Lifestyle Questionnaire, used as the best-available reference measure for loneliness in the validation study informing sensitivity and specificity of the CES-D loneliness item. Scale ranges from 3 to 9, with higher scores indicating more loneliness; cutoff ≥6 identifies individuals high in loneliness. || Moderator — Gender: Gender used to stratify models and to test effect modification of the association between loneliness duration and rate of memory decline; analyses compare men and women and use a three-way interaction among loneliness duration, years of follow-up, and gender.",Could differential under-reporting of loneliness between men and women bias the gender-specific association between loneliness duration and rate of memory decline? A probabilistic bias analysis of effect modification.,literature_mined,q1
oadd-hrs-14141-q1,Could gum treatment be related to cognitive decline in later life?,2008; 2010; 2012; 2014; 2016; 2018; 2020,LV508; R9COG27; R10COG27; R11COG27; R12COG27; R13COG27; R14COG27; R15COG27,"Exposure — Gum treatment: At 2008 baseline, classify respondents according to whether they reported having seen a dentist or other dental provider for gum treatment since the last interview or in the last 2 years. Binary exposure: 1 = had gum treatment; 0 = no gum treatment. || Outcome — Cognitive function score / cognitive decline: Use repeated HRS cognitive function scores from the researcher-contributed cognitive dataset. Cognitive function was assessed with the Telephone Interview for Cognitive Status (TICS), summing immediate and delayed recall, serial 7 subtraction, and backward counting for a total score from 0 to 27 points; higher scores indicate better cognitive functioning. Cognitive decline was modeled as change in this score over follow-up.",Association of gum treatment with cognitive decline and dementia risk among older adults with periodontal symptoms: a 12-year prospective cohort study.,human_annotated,q1
oadd-hrs-15177-q1,Could poor or worsening sleep quality increase osteoporosis risk in later life?,2014; 2016; 2018; 2020,OC083; OC084; OC085; OC086; RC083; RC084; RC085; RC086; OC280; PC280; QC280; RC280; OZ265; PZ265; QZ265; RZ265,"Exposure — Baseline sleep quality: In the HRS cohort, baseline sleep quality was measured from four sleep-disturbance items in the physical health section. Each item was scored rarely/never = 1, sometimes = 2, most of the time = 3. Scores were summed across the four items for a total range of 4–12. The paper analyzed the total score continuously and also dichotomized it as good sleep quality for scores 4–8 and poor sleep quality for scores 9–12. || Exposure — Sleep quality change trajectory: Sleep quality status was classified as good or poor at baseline and at the final sleep assessment using the HRS summed sleep-quality score cut points. Participants were categorized by change in sleep quality classification between baseline and final assessment: maintained/no change, improved from poor to good, or worsened from good to poor. The results further distinguish stable good sleep and persistently poor sleep within the maintained/no-change category. || Outcome — Incident osteoporosis: Osteoporosis was assessed by self-reported physician diagnosis during structured interviews. Respondents answering yes to ever having been diagnosed with osteoporosis by a physician were classified as having osteoporosis. For the incident outcome, participants with osteoporosis at baseline were excluded, and new diagnoses reported during follow-up from HRS Wave 12 through Wave 15 were treated as incident osteoporosis cases.",Trajectories and Osteoporosis Incidence: Findings from Two Prospective Cohort Studies,literature_mined,q1
oadd-hrs-14879-q1,Could blood-based immune profiles reflect chronic disease burden and self-rated health in later life?,2016; 2017,PTCELL_PCT; PBCELL_PCT; PCD4T_PCT; PCD8T_PCT; PCD4N_PCT; PCD4M_PCT; PCD4TEM_PCT; PCD4TEMRA_PCT; PCD8N_PCT; PCD8M_PCT; PCD8TEM_PCT; PCD8TEMRA_PCT; PNAIVEB_PCT; PIGD_PLUS_MEMB_PCT; PIGD_MINUS_MEMB_PCT; PC005; PC010; PC018; PC030; PC036; PC053; PC065; PC070; PC001,"Exposure — Lymphocyte subset composition from blood immunophenotyping; Derived lymphocyte logratio balance measures: HRS venous blood immunophenotyping measured T- and B-cell subset percentages within the live lymphocyte gate after removing doublets. Percentages were relative to parent populations, then converted through a hierarchical tree into compositional proportions relative to total lymphocytes. The analysis used the 16 most granular lymphocyte subset proportions, including HRS-measured subsets and added “other” categories needed so lower-level cells summed to their parent populations. || Outcome — Chronic disease index: Count of self-reported doctor-diagnosed chronic conditions at the time of 2016 data collection. The index ranges from 0 to 8, summing affirmative responses for hypertension/high blood pressure, diabetes/high blood sugar, cancer or malignant tumor except skin cancer, chronic lung disease except asthma such as chronic bronchitis or emphysema, heart attack/coronary heart disease/angina/congestive heart failure/other heart problems, stroke or transient ischemic attack, emotional/nervous/psychiatric problems, and arthritis or rheumatism. Higher values indicate worse health. || Outcome — Self-reported health: Participant rating of overall health status on a five-point ordered scale from 1 = excellent to 5 = poor. Higher values indicate worse health.",Compositional analysis of lymphocytes and their relationship with health outcomes: findings from the health and retirement study.,literature_mined,q1
oadd-hrs-14500-q1,How do cognitive decline and dementia risk differ across racial and ethnic groups in later life?,2006; 2008; 2010; 2012; 2014; 2016,KB028; LB028; KB089M1M; LB089M1M; KB089M2M; LB089M2M; KB089M3M; LB089M3M; KB089M4M; LB089M4M; KB091M; LB091M; R8COG27; R9COG27; R10COG27; R11COG27; R12COG27; R13COG27,"Exposure — Race or ethnicity: Baseline demographic race/ethnicity categorized as non-Hispanic White, non-Hispanic Black, and Hispanic. Participants with unclear race or ethnicity were excluded from the analytic sample. || Outcome — Incident dementia: Incident dementia during follow-up was defined from the modified Telephone Interview for Cognitive Status cognitive composite. The composite summed immediate word recall 0–10, delayed word recall 0–10, serial 7’s 0–5, and backward counting 0–2, for a total 0–27. Participants scoring 0–6 in the earliest follow-up wave were classified as incident dementia cases; those scoring 7 or higher throughout follow-up were classified as not having incident dementia. || Outcome — Longitudinal cognitive function / cognitive decline: Continuous modified TICS cognitive composite measured repeatedly from baseline through follow-up to estimate temporal cognitive decline. The score consisted of immediate word recall 0–10, delayed word recall 0–10, serial 7’s 0–5, and backward counting 0–2, total range 0–27.",A Polysocial Approach in Exploring Racial and Ethnic Differences in Dementia and Cognitive Decline Among U.S. Older Adults: Health and Retirement Study.,literature_mined,q1
oadd-hrs-14412-q1,Could neighborhood disorder contribute to hopelessness in later life?,2014; 2016,OLB020B; PLB020B; OLB020D; PLB020D; OLB020F; PLB020F; OLB020H; PLB020H; OLB018G; PLB018G; OLB018H; PLB018H; OLB018I; PLB018I; OLB018J; PLB018J,"Mediator measurements: Four-item perceived neighborhood disorder scale from respondent reports in the HRS Psychological and Lifestyle Self-Administered Questionnaire, referring to the area within a 20-minute walk or about a mile from the respondent’s home. Each item was rated on a 7-point agreement scale from 1 = least agree to 7 = most strongly agree. The authors averaged responses to create a score from 1 to 7, coded the score missing if two or more items were missing, and interpreted higher scores as greater perceived disorder. || Outcome measurements: Four-item hopelessness scale from the HRS Psychological and Lifestyle Self-Administered Questionnaire in the 2014/2016 SAQ panel. Each item was rated on a 6-point Likert scale from 1 = strongly disagree to 6 = strongly agree. The authors averaged item responses to create a mean hopelessness score from 1 to 6, coded the score missing if two or more items were missing, and interpreted higher scores as greater hopelessness.",Neighborhood poverty and hopelessness in older adults: The mediating role of perceived neighborhood disorder.,human_annotated,q1
oadd-hrs-15484-q1,Could early-life exposure to sugar rationing affect heart health in later life?,1998; 2000; 2002; 2004; 2006; 2008; 2010; 2012; 2014,BIRTHYR; BIRTHMO; F1156A; G1289; HC036; JC036; KC036; LC036; MC036; NC036; OC036,"Exposure — Pseudo early-life sugar-rationing exposure / birth-period group: Participants were grouped by date of birth according to the UK sugar-rationing natural-experiment timeline, distinguishing those whose first 1000 days after conception would have overlapped rationing from those born after rationing ended. In the HRS this is a negative-control, birth-period-based pseudo-exposure because US participants did not actually experience the UK rationing policy. The paper reports using a simplified rationed versus not rationed or birth-period comparison for HRS validation/control analyses, but the exact HRS cut points are not fully reproduced in the supplied text and are referred to figure 1/Gracner et al. || Outcome — Self-reported doctor-diagnosed heart problems: Broad longitudinal heart-problem outcome in HRS based on whether the respondent had ever had any heart condition diagnosed by a doctor. Outcomes were identified through biennial surveys, with follow-up beginning at HRS wave 4 baseline and ending when heart problems were reported, death, loss to follow-up, or study completion occurred.",Exposure to sugar rationing in first 1000 days after conception and long term cardiovascular outcomes: natural experiment study.,literature_mined,q1
oadd-hrs-14790-q1,How might long-term patterns of material hardship shape mental and physical health in later life?,2010; 2014; 2018,MLB040; OLB035; QLB035; MN188; ON188; QN188; MLB040A_E; OLB035A_5; QLB035A_5; QD110; QD111; QD112; QD113; QD114; QD115; QD116; QD117; QC001,"Exposure measurements: Multi-channel sequence exposure built from five hardship domains measured across the 2010, 2014, and 2018 HRS waves: difficulty paying bills, food insecurity, medication cutbacks because of cost, ongoing financial strain, and unaffordable housing. Individual sequences across these domains were compared using Dynamic Hamming distances and classified using Ward hierarchical clustering into five material hardship trajectory groups: least materially burdened, multiply burdened, financially burdened, housing cost burdened, and financial & housing cost burdened. || Outcome — Depressive symptoms — 8-item CES-D raw inputs, 2018: Mental health outcome measured in 2018 using the 8-item CES-D subset. Respondents answered yes/no to eight depressive-symptom/positive-affect items; positive items were reverse coded and summed to a score from 0 to 8, with higher scores indicating more depressive symptoms. || Outcome — Self-rated health, 2018: Physical health outcome measured in 2018 as a single self-rated health item on a five-point scale coded from excellent = 1 to very poor = 5, with higher values representing worse self-rated health.",The association between material hardship and physical and mental health among older adults: Multi-channel sequence Approach.,literature_mined,q1
oadd-hrs-14180-q1,Could lifelong religious and spiritual involvement shape physical functioning and depressive symptoms in later life?,2016; 2018,PV355; PB082; PV356; PV364; PV357; PV365; PG016; QG016; PG014; QG014; PG021; QG021; PG023; QG023; PG025; QG025; PG030; QG030; PD110; QD110; PD111; QD111; PD112; QD112; PD113; QD113; PD114; QD114; PD115; QD115; PD116; QD116; PD117; QD117,"Exposure — Life-course multidimensional religiosity pattern: Latent-class exposure derived from six dichotomized religiosity indicators in the 2016 HRS religious life histories experimental module: childhood and later-adulthood religious service attendance, childhood and current religious identity, and childhood and current spiritual identity. Attendance at least once per week was coded as regular; less frequent attendance was coded as infrequent. Respondents who considered themselves moderately or very religious/spiritual were coded as having stronger identity; others were coded as weaker identity. LCA assigned respondents to seven religiosity classes based on these indicators. || Outcome — Activities of daily living disability: Physical health outcome measured with the Katz Index of Independence in Activities of Daily Living. Respondents reporting difficulty with one or more of six activities were coded as having a disability. The paper assessed disability at 2016 baseline and replicated the measure in 2018 for two-year follow-up analyses. || Outcome — Probable depression based on depressive symptoms: Psychological health outcome measured using eight CES-D items asking about experiences over the past week. The happy and joy-in-life items were reverse coded. Respondents with depressive symptomology on three or more items were categorized as having probable depression. The paper assessed probable depression at 2016 baseline and replicated the measure in 2018 for two-year follow-up analyses.",Linking Multi-Dimensional Religiosity in Childhood and Later Adulthood: Implications for Later Life Health.,literature_mined,q1
oadd-hrs-15124-q1,Could education help protect verbal memory over time in later life?,2012; 2016; 2018; 2020,R11DLRC; R13DLRC; R14DLRCP; R14DLRCW; R15DLRCP; R15DLRCW; NZ216,"Outcome — Verbal memory trajectory: Delayed word-list recall score observed longitudinally, using one round of word recall in each study. Participants were randomly assigned one of two word lists; the list had 10 words in HRS and CHARLS and 8 words in MHAS. The paper used the delayed recall measure as verbal memory, standardized within each database to a baseline-centered z-score: baseline scores were converted using the baseline sample mean and standard deviation, and follow-up scores were converted using those same baseline metrics. || Exposure — Educational attainment: Highest degree attained, coded as a six-category ordinal measure: no education, some elementary school, elementary school, middle school, high school, and college or professional degree. High school education was used as the reference category in models because education distributions differed across databases.","Education and age of decline in verbal memory across countries: Evidence from the HRS, MHAS, and CHARLS.",literature_mined,q1
oadd-hrs-14753-q1,Could the timing and severity of head injuries shape memory in later life?,2014,OV002; OV003; OV004; OV011_1; OV011_2; OV011_3; OV012_1; OV012_2; OV012_3; OD101; OD174; OD184,"Exposure measurements: Retrospective 2014 HRS experimental module asking whether respondents had ever experienced different types of head or neck injuries. The primary analyses focused on three injury causes with larger sample sizes: vehicle accident; fall or being hit by something; and sports or playground injury. For each endorsed injury type, respondents reported age when the injury occurred, in years, and whether they were dazed or had a gap in memory; memory gap was coded dichotomously as no/yes. Age of onset was grand-mean-centered separately by TBI type for modeling, but the construct is the reported age at injury. || Outcome — Self-rated memory: Single self-report item at survey completion rating present memory on a 5-point scale from poor to excellent, coded 0 to 4 with higher values indicating better memory. || Outcome measurements: Recall task in which respondents listed as many words as they could remember from a 10-word list immediately and after a delay. The paper analyzed combined recall performance as a word count, with higher values indicating better cognitive health.",Associations Between Traumatic Brain Injury Characteristics and Memory Outcomes: Insights from the Health and Retirement Study,literature_mined,q1
oadd-hrs-14814-q1,Could sleep problems help predict mild cognitive impairment in later life?,2018; 2020,QC083; QC084; QC085; RD174; RD174W; RD184; RD184W; RD142; RD143; RD144; RD145; RD146; RD124; RD129,"Exposure measurements: Three individual baseline self-reported sleep disturbance items from the adapted Jenkins Sleep Scale were assessed in 2018: trouble falling asleep, trouble waking up during the night, and waking too early and being unable to fall asleep again. Each item used response categories of most of the time, sometimes, or rarely/never; the paper analyzed the items separately rather than as a composite scale. || Outcome measurements: Follow-up cognitive status in 2020 was derived from objective HRS cognitive tests. Immediate word recall, delayed word recall, serial 7s, and backward counting from 20 were summed to a total cognitive score ranging from 0 to 27. Using Lang-Weir cut points, 12–27 indicated no cognitive impairment, 7–11 indicated cognitive impairment without dementia/MCI without dementia, and 0–6 indicated dementia. The focal binary outcome was MCI without dementia versus no MCI among those not classified as having dementia.",Association of reported sleep disturbances with objectively assessed mild cognitive impairment among adults in the United States.,literature_mined,q1
oadd-hrs-14654-q1,Could digital exclusion contribute to depressive symptoms in later life?,2010; 2012; 2014; 2016; 2018,MW303; NW303; OW303; PW303; QW303; MD110; ND110; OD110; PD110; QD110; MD111; ND111; OD111; PD111; QD111; MD112; ND112; OD112; PD112; QD112; MD113; ND113; OD113; PD113; QD113; MD114; ND114; OD114; PD114; QD114; MD116; ND116; OD116; PD116; QD116; MD115; ND115; OD115; PD115; QD115; MD117; ND117; OD117; PD117; QD117,"Exposure — Digital exclusion / internet non-use: Self-reported regular internet use in HRS. Respondents were classified as digitally excluded if they answered “no” to regularly using the Internet/World Wide Web for email or other purposes; digital inclusion if they answered “yes.”. || Outcome — Depressive symptoms: Eight-item CES-D depressive symptom score in HRS, based on yes/no symptom items from the past week. The two positive-affect items were reverse coded. Total score ranged from 0 to 8; participants scoring 3 or higher were coded as having depressive symptoms, otherwise as not having depressive symptoms.",Digital Exclusion and Depressive Symptoms among Older People: Findings from Five Aging Cohort Studies across 24 Countries.,literature_mined,q1
oadd-hrs-15258-q1,Could education and volunteering help protect cognitive health over time?,2006; 2008; 2010; 2012; 2014; 2016; 2018; 2020,R8COG27; R9COG27; R10COG27; R11COG27; R12COG27; R13COG27; R14COG27; R15COG27; KZ216; LZ216; MZ216; NZ216; OZ216; PZ216; QZ216; RZ216; KG086; LG086; MG086; NG086; OG086; PG086; QG086; RG086; KG195; LG195; MG195; NG195; OG195; PG195; QG195; RG195; KG198; LG198; MG198; NG198; OG198; PG198; QG198; RG198; KG199; LG199; MG199; NG199; OG199; PG199; QG199; RG199,"Outcome — Total cognitive function trajectory: Repeated total cognitive function score from HRS cognitive testing, analyzed longitudinally from 2006 through 2020 as a growth trajectory over age. The paper refers to the Telephone Interview for Cognitive Status / modified TICS and describes a 27-point cognitive measure, with higher scores indicating better cognition; baseline normal cognitive health required scores above the dementia cutpoint (>6). Exact component items of the total score are not fully visible in the supplied text. || Exposure — Educational attainment: Highest educational attainment categorized as less than high school, high school degree, some college, or college degree or more; modeled with less than high school as the lowest category and higher categories compared in growth models. || Exposure measurements: Two volunteering measures based on hours in the previous year. Formal volunteering captured hours volunteered for religious, educational, health-related, or other charitable organizations. Informal volunteering captured hours spent helping friends, neighbors, or relatives who did not live with the respondent and did not pay for the help. Each type was categorized as no volunteering, less than 100 hours, or 100 or more hours in the previous year.","Modifiable factors associated with cognitive health trajectories among Indigenous, Hispanic, Black, and White older adults: an exploratory longitudinal panel analysis of the health and retirement study with a focus on Indigenous peoples.",literature_mined,q1
oadd-hrs-15232-q1,"Could physical activity encourage mammography screening among older women, and does race or ethnicity matter?",2004; 2006; 2008; 2010; 2012; 2013; 2014; 2016,JC223; KC223; LC223; MC223; NC223; OC223; JC224; KC224; LC224; MC224; NC224; OC224; JC225; KC225; LC225; MC225; NC225; OC225; KC112; LC112; MC112; NC112; OC112; PC112; RACE; HISPANIC,"Exposure measurements: Main exposure was a physical activity index derived from self-reported frequency of light, moderate, and vigorous activities. Each intensity item used five response options from every day to never. Responses were assigned intensity-specific scores, summed to an index with possible range 0–54, and dichotomized as inactive if the score was below 21 versus active otherwise. The paper describes using lagged physical activity as the main exposure so that activity preceded mammography screening. || Outcome — Mammography screening utilization: Self-reported mammography screening use, coded binary yes/no. Women were asked whether they had a mammogram or X-ray of the breast to search for cancer in the last two years or, in later waves, since the previous wave. The paper’s primary longitudinal description focuses on follow-up mammography screening after the physical activity baseline, especially waves 9, 11, and 13 corresponding to 2008, 2012, and 2016, though the measures section also mentions assessment from wave 8 through wave 13. || Moderator — Race/ethnicity: Race/ethnicity was categorized into three groups for adjustment and effect modification: non-Hispanic White, non-Hispanic Black, and Hispanic. The study tested whether the association between physical activity and mammography screening differed across these groups.","The association between physical activity and mammography screening utilization: a longitudinal analysis, health retirement study (2004-2016).",literature_mined,q1
oadd-hrs-15002-q1,Does cognitive impairment differ across racial and ethnic groups in later life?,1998; 2000; 2002; 2004; 2006; 2008; 2010; 2012; 2014; 2016; 2018; 2020,R4COG27; R5COG27; R6COG27; R7COG27; R8COG27; R9COG27; R10COG27; R11COG27; R12COG27; R13COG27; R14COG27; R15COG27; RACE; HISPANIC,"Exposure — Cognitive impairment with likely dementia - 27-point modified TICS score: Cognitive function was measured at each study wave using a 27-point modified Telephone Interview for Cognitive Status score summing immediate recall, delayed recall, backwards counting, and serial sevens. Respondents with TICS score below 7 were categorized as cognitively impaired with likely dementia. Treated as a time-varying chronic-condition indicator in the mortality contribution analyses. || Moderator — Race and ethnicity group: Respondents were classified into three mutually exclusive racial/ethnic groups used for stratified mortality models and LE-AAF estimates: non-Hispanic White, non-Hispanic Black, and Hispanic. Respondents missing race/ethnicity or reporting an “other” non-Hispanic category were excluded from the analytic sample.",Contribution of chronic conditions to mortality: Differences by race and ethnicity,literature_mined,q1
oadd-hrs-14874-q1,Could complete tooth loss undermine healthy aging in later life?,2012; 2016,NC237; R13IMRC; R13DLRC; R13SER7; R13BWC20; PG016; PG014; PG021; PG023; PG025; PG030; PG047; PG059; PG050; PG044; PG041; PG003; PG001; PG004; PG005; PG007; PG006; PG008; PG009; PG010; PG011; PG012,"Exposure — Tooth loss / edentulism: Binary tooth-loss status from the 2012 HRS tooth loss question, analyzed as complete tooth loss / edentulism versus being dentate. The exact question wording and coding are not provided in the supplied text. || Outcome measurements: Aggregate binary healthy ageing measure at final follow-up. Participants were classified as healthy only if they were free from cognitive impairment, free from disability, and had high physical functioning; otherwise they were classified as not healthy. Cognitive impairment threshold: score ≥12 out of 27 on immediate and delayed word recall, serial subtraction, and backwards counting. Freedom from disability: no difficulty with 6 ADLs and 5 IADLs. High physical functioning: ≤1 difficulty among 11 physical-functioning tasks. Coding reported as 0 = healthy if all three domains healthy, 1 = not healthy.",The Nutritional Pathway Between Tooth Loss and Healthy Ageing: A Longitudinal Study of Older American Adults.,literature_mined,q1
oadd-hrs-14705-q1,Does exercising in later life predict whether older adults remain physically active over time?,2010; 2012; 2014; 2016,MC223; NC223; MC224; NC224; OC223; PC223; OC224; PC224,"Exposure — Baseline participation in at least some moderate or vigorous exercise: At the baseline predictor wave, exercise behavior was based on HRS vigorous-activity and moderate-activity frequency items referring to the past 12 months. For each intensity, response options were daily, more than once per week, once per week, one to three times per month, or never. Participants were classified as doing at least some exercise if they reported either vigorous or moderate activity at any frequency from daily through one to three times per month; otherwise they were classified as never exercising. || Outcome — Follow-up participation in at least some moderate or vigorous exercise: At the outcome wave, exercise behavior was measured with the same HRS vigorous-activity and moderate-activity frequency items for the past 12 months. The paper dichotomized responses into never exercising versus any reported vigorous or moderate activity, where any frequency from daily to one to three times per month on either intensity counted as “at least some” exercise. No duration measure was available.",Exploring novel determinants of exercise behavior: a lagged exposure-wide approach.,literature_mined,q1
oadd-hrs-15144-q1,Could central obesity increase the risk of developing depressive symptoms in later life?,2006; 2007; 2008; 2009; 2010; 2011; 2012; 2013; 2014; 2015; 2016; 2017; 2018; 2019; 2020; 2021,KI907; KI904; KI841; KI838; LD110; MD110; ND110; OD110; PD110; QD110; RD110; LD111; MD111; ND111; OD111; PD111; QD111; RD111; LD112; MD112; ND112; OD112; PD112; QD112; RD112; LD113; MD113; ND113; OD113; PD113; QD113; RD113; LD114; MD114; ND114; OD114; PD114; QD114; RD114; LD115; MD115; ND115; OD115; PD115; QD115; RD115; LD116; MD116; ND116; OD116; PD116; QD116; RD116; LD117; MD117; ND117; OD117; PD117; QD117; RD117,"Exposure measurements: Calculated at baseline as waist circumference in centimeters divided by the square root of body weight in kilograms. The paper analyzed WWI both continuously per unit increase and in quartiles. For HRS, baseline was Wave 8, 2006–2007; waist was measured at the navel and recorded to the nearest quarter inch, and net weight was measured using a portable electronic scale. || Outcome measurements: Depressive symptoms were assessed biennially during follow-up with the 8-item Center for Epidemiological Studies Depression Scale. Participants reported whether each symptom occurred in the preceding week, with yes/no responses summed from 0 to 8 after scoring yes = 1 and no = 0. A CESD-8 score of 3 or higher was used to identify notable depressive symptoms. For HRS, follow-up was Waves 9 through 15 after Wave 8 baseline.",Association Between Weight-Adjusted Waist Index and Depressive Symptoms Among Middle-Aged and Older Adults: Evidence From Two Prospective Longitudinal Cohort Studies.,literature_mined,q1
oadd-hrs-14887-q1,Could neighborhood social cohesion reduce educational disparities in cognitive impairment?,2012; 2014; 2016; 2018; 2020,NZ216; NLB021A; OLB020A; PLB020A; QLB020A; NLB021C; OLB020C; PLB020C; QLB020C; NLB021E; OLB020E; PLB020E; QLB020E; NLB021G; OLB020G; PLB020G; QLB020G; R12IMRC; R13IMRC; R14IMRCP; R14IMRCW; R15IMRCP; R15IMRCW; R12DLRC; R13DLRC; R14DLRCP; R14DLRCW; R15DLRCP; R15DLRCW; R12SER7; R13SER7; R14SER7P; R14SER7W; R15SER7P; R15SER7W; R12BWC20; R13BWC20; R14BWC20P; R14BWC20W; R15BWC20P; R15BWC20W,"Exposure — Education: years of education at 2012: Individual socioeconomic status exposure measured as years of education at the 2012 data collection and modeled as a continuous measure. || Moderator measurements: Time-dependent perceived neighborhood social cohesion from the Leave Behind Survey, referring to the respondent’s proximate neighborhood, defined as the area within a 20-minute walk or about a mile from home. Four agreement items were rated on a 1–7 Likert scale, with higher scores indicating greater social cohesion. The paper does not explicitly state whether the four items were summed or averaged. || Outcome measurements: Binary cognitive impairment status assessed at follow-up waves using a 27-point cognitive test battery: immediate word recall scored 0–10, delayed word recall scored 0–10, serial 7s scored 0–5, and counting backward from 20 scored 0–2. Total scores 0–11 were classified as cognitively impaired and 12–27 as cognitively normal.",Socioeconomic Disparities in Cognitive Impairment: The Role of Neighborhood Social Cohesion,literature_mined,q1
oadd-hrs-15472-q1,Could couples' views of their own aging be related to later cognitive health?,2008; 2010; 2012; 2014; 2016; 2018,LLB029B4; MLB029B4; NLB029B4; LLB029B2; MLB029B2; NLB029B2; LLB029B5; MLB029B5; NLB029B5; LLB029B6; MLB029B6; NLB029B6; OLB028B4; PLB028B4; QLB028B4; OLB028B02; PLB028B2; QLB028B2; OLB028B5; PLB028B5; QLB028B5; OLB028B6; PLB028B6; QLB028B6; LLB029B1; MLB029B1; NLB029B1; LLB029B3; MLB029B3; NLB029B3; LLB029B7; MLB029B7; NLB029B7; LLB029B8; MLB029B8; NLB029B8; OLB028B01; PLB028B1; QLB028B1; OLB028B3; PLB028B3; QLB028B3; OLB028B7; PLB028B7; QLB028B7; OLB028B8; PLB028B8; QLB028B8; R9COG27; R10COG27; R13COG27; R14COG27,"Exposure — Positive self-perceptions of aging trajectory: Positive self-perceptions of aging were measured in the HRS leave-behind questionnaire every 4 years across three pooled waves. Participants rated four positive Attitudes Toward Own Aging items from 1 = strongly disagree to 6 = strongly agree. The paper calculated a mean score at each wave and modeled individual intercepts and slopes separately for wives and husbands in dyadic growth curve models. || Exposure — Negative self-perceptions of aging trajectory: Negative self-perceptions of aging were measured in the HRS leave-behind questionnaire every 4 years across three pooled waves. Participants rated four negative Attitudes Toward Own Aging items from 1 = strongly disagree to 6 = strongly agree. The paper calculated a mean score at each wave and modeled individual intercepts and slopes separately for wives and husbands in dyadic growth curve models. || Outcome — Cognitive functioning: Cognitive functioning was measured with the Telephone Interview for Cognitive Status cognitive battery. The paper used a researcher-contributed Langa-Weir HRS-derived dataset that provides a total cognition score per participant per wave. The composite score ranges from 0 to 27, with higher scores indicating better cognitive functioning. In the focal APIM, Wave 3 cognition was predicted from SPA trajectories while adjusting for Wave 1 cognition.",Aging and perceiving aging together: couple synchrony in self-perceptions of aging and health.,literature_mined,q1
oadd-hrs-15060-q2,How does dementia prevalence vary across age in later life?,2016,R1RAGE; VS1HCAPDX_EAP,"Exposure — Age group at interview: Participant age at the 2016 HRS-HCAP interview grouped for age-specific dementia prevalence comparisons. The paper reports age-stratified results for ages 70–79, 80–84, and 85 years and older. || Outcome — HRS-HCAP dementia status / dementia prevalence: Binary dementia classification from the HRS-HCAP algorithm, with dementia compared against non-dementia; mild cognitive impairment and unimpaired cognition were combined as not having dementia. Dementia classification was based on neuropsychological test performance, informant reports of cognitive and functional impairment, and self-reported subjective memory worsening; dementia required performance at least 1.5 SD below the expected mean for the respondent’s sociodemographic profile in at least two cognitive domains plus informant-reported functional impairment. Age-specific prevalence was the proportion classified as dementia within each age group.",Co-calibration of cognitive performance in the National Health and Aging Trends Study with the Health and Retirement Study's Harmonized Cognitive Assessment Protocol: Implications for dementia classification.,literature_mined,q2
oadd-hrs-14856-q2,Could respiratory risks in childhood shape chronic lung disease in later life?,2006; 2007; 2008,I2_PARSMOKE; I3_PARSMOKE; CHSMOKE; RESP; AGERESPD; ASTHMA; AGEASTHMAD; ALLERGY; AGEALLERGYD; EAR; AGEEARD; KC030; LC030,"Exposure measurements: Latent class profiles derived from six retrospectively reported childhood respiratory risk factors before age 16: parental smoking, respondent smoking during adolescence, respiratory disorders with age at first diagnosis categorized as <12 years, ≥12 years, or none, asthma with the same age categories, allergic conditions with the same age categories, and ear problems with the same age categories. The six-class solution was labeled: asthma and respiratory disorders in early childhood; unexposed or least exposed; smokers at home; ear problems and respiratory disorders in early childhood; allergic conditions and respiratory disorders in early childhood; allergic conditions and respiratory disorders in later childhood. The unexposed/least exposed profile was the reference group. || Outcome — Physician-diagnosed COPD or chronic lung disease: Binary self-report of whether a physician ever told the respondent they had chronic lung disease, specifically chronic bronchitis or emphysema; used as COPD diagnosis in the analyses.",Childhood respiratory risk profiles associate with lung function and COPD among the old population.,literature_mined,q2
oadd-hrs-14750-q2,Could a history of cancer shape older adults' first Medicare plan choice?,2008; 2010; 2012; 2014; 2016; 2018,LN001; MN001; NN001; ON001; PN001; QN001; LN009; MN009; NN009; ON009; PN009; QN009; LN023; MN023; NN023; ON023; PN023; QN023; LC018; MC018; NC018; OC018; PC018; QC018,"Exposure — Initial Medicare plan selection: Self-reported Medicare coverage category at initial Medicare enrollment, defined as one of three mutually exclusive groups: traditional Medicare without supplemental coverage, traditional Medicare plus supplemental coverage such as Medigap or retiree benefits, or Medicare Advantage. Measured at the baseline survey when respondents were age 65 or 66 and initially selected Medicare coverage. || Moderator — History of cancer at initial Medicare plan selection: Self-reported doctor diagnosis of cancer or malignant tumor, excluding minor skin cancer, assessed at the time of initial Medicare plan selection; used to distinguish respondents with versus without a history of cancer.",Estimating financial and health burden by initial Medicare plan choice and history of cancer.,literature_mined,q2
oadd-hrs-14631-q2,"How might Medicare plan type shape dental coverage, care, and spending after age 65?",2014; 2016; 2018; 2020,ON001; PN001; QN001; RN001; ON009; PN009; QN009; RN009; ON067; PN067; QN067; RN067; ON069; PN069; QN069; RN069; ON068; PN068; ON164; PN164; QN164; RN164; ON168; PN168; QN168; RN168,"Exposure — Medicare coverage type: Medicare Advantage vs traditional Medicare: For the descriptive secondary analysis, respondents aged 65 to 70 years were grouped by whether they had traditional Medicare or Medicare Advantage coverage. The paper does not fully specify the exact HRS questionnaire items or coding rules used to distinguish the two Medicare coverage types. || Outcome — Dental coverage status: Self-reported dental coverage at the time of interview, categorized as Medicaid dental coverage, Medicare dental coverage, private dental coverage, or no dental coverage. In the Medicare Advantage vs traditional Medicare comparison, the reported contrast focused on lacking dental coverage. || Outcome — Dental visits: Self-reported binary indicator for whether the respondent had any dental visit during the previous 2 years. || Outcome — Out-of-pocket dental spending: Self-reported out-of-pocket dental spending during the previous 2 years, measured in US dollars and converted to real 2020 dollars for comparability across HRS waves. Results also discuss spending among respondents with any dental expenses.",Dental Coverage and Care When Transitioning From Medicaid to Medicare.,literature_mined,q2
oadd-hrs-14863-q1,How does cognitive health in later life differ across racial and ethnic groups?,1994; 1996; 1998; 2000; 2002; 2004; 2006; 2008; 2010; 2012; 2014; 2016,R2AIMRC10; R2ADLRC10; R2AMSTOT; R3IMRC; R4IMRC; R5IMRC; R6IMRC; R7IMRC; R8IMRC; R9IMRC; R10IMRC; R11IMRC; R12IMRC; R13IMRC; R3DLRC; R4DLRC; R5DLRC; R6DLRC; R7DLRC; R8DLRC; R9DLRC; R10DLRC; R11DLRC; R12DLRC; R13DLRC; R3MSTOT; R4MSTOT; R5MSTOT; R6MSTOT; R7MSTOT; R8MSTOT; R9MSTOT; R10MSTOT; R11MSTOT; R12MSTOT; R13MSTOT; RACE; HISPANIC,"Outcome — Later-life cognitive functioning: First HRS cognitive assessment completed between ages 65 and 75. The score summed HRS cognitive assessment components based on modified TICS-M and MMSE items: immediate and delayed word recall, orientation, repetition, naming, and calculations. Maximum raw score was 35; higher scores indicated better cognition. Analyses transformed the raw summed score to a z-score. || Moderator — Race and ethnicity group: Self-reported HRS race and Hispanic ethnicity were combined into three mutually exclusive groups: White, Black, and Latino of any race. The analysis tested interactions between JDC exposure clusters and these race-ethnicity groups.",Life course exposure to work strain and cognitive disparities by race and ethnicity.,literature_mined,q1
oadd-hrs-14638-q2,Could online social activity affect some aspects of cognitive health more than others in later life?,2020; 2022,RLB038B7; RLB038B12; RLB038B13; RLB038B14; RLB038B15; RLB038B16; RLB038B17; RD174; RD174W; SD174; SD174W; RD184; RD184W; SD184; SD184W; RD142; RD143; RD144; RD145; RD146; SD142; SD143; SD144; SD145; SD146; RD124; RD129; SD124; SD129,"Exposure measurements: In 2020, seven internet-based social activity items were each dichotomized to indicate participation at least once a month or more versus less than once a month, then summed to create a variety score ranging from 0 to 7, with higher scores indicating more diverse internet-based social activities. || Outcome measurements: Domain-specific cognition was assessed with the modified Telephone Interview for Cognitive Status. Episodic memory was the sum of immediate and delayed recall of a 10-word list, range 0–20. Working memory was serial 7 subtraction, range 0–5. Attention and processing speed was backward counting, range 0–2. The secondary longitudinal analysis tested later subdomain functioning in 2022 in relation to 2020 internet-based social activity, accounting for baseline cognitive functioning/subdomain performance to assess change over two years.",Internet-Based Social Activities and Cognitive Functioning 2 Years Later Among Middle-Aged and Older Adults: Prospective Cohort Study.,literature_mined,q2
oadd-hrs-15139-q2,How does educational attainment differ across successive birth cohorts of older Americans?,1992; 1994; 1996; 1998; 2000; 2002; 2004; 2006; 2008; 2010; 2012; 2014; 2016; 2018; 2020,BIRTHYR; STUDY; DEGREE,"Exposure measurements: Classify respondents into three HRS sampling/birth cohorts used for cohort comparisons: HRS cohort restricted to those born 1936–1941 after excluding 1931–1935 entrants, War Babies born 1942–1947, and Early Baby Boomers born 1948–1953. || Moderator — Educational attainment group: low education versus any post-secondary education: Dichotomize educational attainment into low education versus high education. Low education includes a high school diploma or less; high education includes any post-secondary education.",Healthy working life expectancy across birth cohorts in the United States.,literature_mined,q2
oadd-hrs-14569-q2,Could obesity compound the dementia risk associated with developing diabetes earlier in life?,2002; 2003; 2004; 2006; 2008; 2010; 2012; 2014; 2016,QXA2; QXA3; QXA11; HC141; HC142; HD124; HD129; HD142; HD143; HD144; HD145; HD146; HD174; HD184; JD124; JD129; JD142; JD143; JD144; JD145; JD146; JD174; JD184; KD124; KD129; KD142; KD143; KD144; KD145; KD146; KD174; KD184; LD124; LD129; LD142; LD143; LD144; LD145; LD146; LD174; LD184; MD124; MD129; MD142; MD143; MD144; MD145; MD146; MD174; MD184; ND124; ND129; ND142; ND143; ND144; ND145; ND146; ND174; ND184; OD124; OD129; OD142; OD143; OD144; OD145; OD146; OD174; OD184; PD124; PD129; PD142; PD143; PD144; PD145; PD146; PD174; PD184,"Exposure — Age at diagnosis of type 2 diabetes: Self-reported age when a physician first told the respondent they had diabetes, collected in the 2003 HRS Diabetes Mail-Out module; categorized in the moderation analysis as diagnosis before age 50 versus age 50 or older for combined obesity-by-age-at-diagnosis groups, and also used in interaction models with categorical age-at-diagnosis groups <50, 50–59, 60–69, and ≥70 years. || Focal measurement — Type 2 diabetes status for the study population. || Moderator measurements: Body mass index calculated from self-reported weight divided by squared self-reported height in kg/m²; obesity defined as BMI ≥30.0 kg/m² and non-obesity as BMI <30.0 kg/m². Used as an interaction term with age at diagnosis and in combined exposure groups. || Outcome — Incident dementia during follow-up: 27-point cognitive summary score for dementia classification: Dementia classified from HRS cognitive assessment using a modified Telephone Interview for Cognitive Status score. The score summed 27 cognitive items: immediate and delayed recall of 10 words, five serial 7 subtraction trials, and backward counting. Scores 0–6 classified as dementia; scores 7–27 classified as not dementia. Follow-up was through 2016, with respondents censored at dementia record, death, or 2016 survey.","Age at diagnosis of diabetes, obesity, and the risk of dementia among adult patients with type 2 diabetes.",literature_mined,q2
oadd-hrs-14099-q2,Do racialized social groups differ in systemic inflammation in later life?,2006; 2008,RACE; HISPANIC; KCRP_ADJ; LCRP_ADJ,"Exposure — Racialized social group membership: Self-reported racialized categories used as a proxy for exposure to the racialization process. The paper compared non-Hispanic Black and Hispanic participants with non-Hispanic white participants as the reference group, and also combined non-Hispanic Black and Hispanic participants into a broader “minoritized” group for some analyses. || Outcome — Elevated systemic inflammation measured by C-reactive protein: Circulating C-reactive protein was measured from dried blood spots using ELISA at the participant’s biomarker baseline wave. For the disparity-in-inflammation analysis, CRP was dichotomized at the 75th percentile of the sample distribution; high/elevated CRP was defined as blood concentrations ≥4.73 μg/mL, compared with lower CRP levels.",The mediating role of systemic inflammation and moderating role of racialization in disparities in incident dementia,human_annotated,q2
oadd-hrs-14940-q2,Could longer exposure to incarceration shape patterns of dental care in later life?,2012; 2014; 2016; 2018; 2020,NLB035_B; OLB033_B; NLB035_C; OLB033_C; NN164; ON164; PN164; QN164; RN164,"Exposure — Lifetime incarceration duration: Respondents reported total lifetime time detained in a jail, prison, juvenile detention center, or other correctional facility. Original response options were less than one month, less than one year, between 1–5 years, and more than 5 years; for the supplementary analysis these were classified as never incarcerated, less than one month, and more than one month. || Outcome — Dental care use trajectories: Longitudinal dental care use was measured at HRS interviews from 2012 through 2020 using a yes/no item asking whether the respondent had seen a dentist for dental care, including dentures, in the last two years. The paper estimated group-based trajectories across ages 55 to 90 and identified three groups: Regular Dental Care, Moderate-Declining Dental Care Use, and Low Dental Care.",Dental care trajectories among formerly incarcerated older adults in the United States.,human_annotated,q2
oadd-hrs-14352-q2,Could diabetes and cognitive problems be related to poorer self-rated health in later life?,2018,QC001; QC010; R14COGTOTP,"Outcome — Self-rated overall health: Self-reported general health in the 2018 HRS Core survey, using a 5-point response scale and dichotomized by the authors as excellent/very good/good versus fair/poor; fair/poor self-rated health is the unfavorable outcome. || Exposure — Diabetes: Presence of diabetes in the 2018 HRS analysis, treated as a dichotomous medical condition variable based on HRS survey response data. The paper does not provide the exact HRS diabetes question wording or diagnosis threshold. || Exposure — Cognitive impairment: Cognitive status in the 2018 HRS analysis, using the HRS cogtot35 total cognition score. The score summarizes cognitive tests, self-reports, and/or proxy respondent questions; the authors dichotomized the score at 23 to classify impaired versus not impaired cognitive function.",A Comparative Analysis of Oral Health and Self-Rated Health: 'All of Us Research Program' vs. 'Health and Retirement Study',literature_mined,q2
oadd-hrs-15177-q2,Could poor sleep quality increase the risk of developing osteoporosis in later life?,2014; 2016; 2018; 2020,OC083; OC084; OC085; OC086; OC280; PC280; QC280; RC280; OZ265; PZ265; QZ265; RZ265,"Exposure measurements: In the HRS cohort, baseline sleep quality was assessed with four Jenkins Sleep Scale–adapted sleep disturbance items in the physical health section. Each item was scored 1 = rarely or never, 2 = sometimes, 3 = most of the time. Scores were summed across the four items, range 4–12; 4–8 was classified as good sleep quality and 9–12 as poor sleep quality. The subgroup analysis appears to compare poor versus good sleep quality at baseline. || Outcome — Incident osteoporosis/self-reported physician diagnosis, Wave 12 baseline through Wave 15 follow-up: Osteoporosis status was based on self-reported physician diagnosis during structured interviews. Participants answering yes to ever having been diagnosed with osteoporosis by a physician were categorized as having osteoporosis. For the incidence analysis, participants with osteoporosis at baseline were excluded, and new diagnoses were followed from HRS Wave 12 through Wave 15. || Focal measurement — Osteoporosis prior-wave routing/carry-forward needed to form wave-specific ever diagnosis and baseline-free status.",Trajectories and Osteoporosis Incidence: Findings from Two Prospective Cohort Studies,literature_mined,q2
oadd-hrs-15669-q1,"Could food insecurity affect cognitive health in later life, and might food assistance change that relationship?",2013; 2014; 2016; 2018; 2020,HNB1_13; HNB2_13; HNB3_13; HNB4_13; HNB5_13; HNB6M1_13; HNB6M2_13; HNB6M3_13; HNB6M4_13; HNB6M5_13; HNB6M6_13; R12COG27; R13COG27; R14COG27; R15COG27,"Exposure — Household food insecurity: Time-invariant 2013 HCNS measure using the USDA Six-Item Short Form Food Security Survey Module for household food access and consumption in the past 12 months. Responses were summed into a total food insecurity score ranging from 0 to 6, with higher scores indicating more food insecurity. Primary models used the score continuously; descriptive results also classified low/very low food security as score ≥2. || Moderator — Use of food assistance: Time-invariant 2013 HCNS dichotomous indicator of whether the respondent used any food assistance in the past 12 months, defined as reporting receipt of free or subsidized food from at least one of six listed sources. || Outcome — Cognitive functioning: Repeated HRS outcome from 2014 baseline through 2020 follow-up. Composite cognitive score from memory and mental-status tasks, yielding a 0–27 score, with higher scores indicating better cognitive functioning.","Food insecurity, food assistance, and physical and cognitive functioning among older Americans.",literature_mined,q1
oadd-hrs-15186-q3,Could sustained physical activity slow memory decline in later life?,2004; 2006; 2008; 2010; 2012; 2014; 2016; 2018; 2020,JC223; KC223; LC223; MC223; NC223; JC224; KC224; LC224; MC224; NC224; JC225; KC225; LC225; MC225; NC225; R7IMRC; R8IMRC; R9IMRC; R10IMRC; R11IMRC; R12IMRC; R13IMRC; R14IMRCP; R14IMRCW; R15IMRCP; R15IMRCW; R7DLRC; R8DLRC; R9DLRC; R10DLRC; R11DLRC; R12DLRC; R13DLRC; R14DLRCP; R14DLRCW; R15DLRCP; R15DLRCW,"Exposure measurements: Self-reported frequency of vigorous, moderate, and light/mild physical activity at biennial HRS visits was coded from 0 to 4 for five frequency categories, weighted by intensity to form a MET-adjusted physical activity score, and then accumulated using an area-under-the-curve trapezoid method over 2-, 4-, 6-, and 8-year periods beginning in 2004. The duration analysis compared one-SD increases in cPA accumulated over these different periods. || Outcome measurements: Memory was measured with immediate and delayed word recall tests, each scored 0–10. Domain z-scores were calculated using the baseline 2004 sample mean and standard deviation and applied to subsequent years; decline was modeled across follow-up visits after the relevant cPA accumulation periods.",Long-term cumulative physical activity associated with less cognitive decline: Evidence from a 16-year cohort study.,literature_mined,q3
oadd-hrs-15102-q2,Does the relationship between food insecurity and cognitive health differ between older men and women?,2012; 2013; 2014; 2016,HNB1_13; HNB2_13; HNB3_13; HNB4_13; HNB5_13; VDMDE1; R1DLRC3; R1LMB_DELSCORE; VDMDE5; R1WLREC_TOTSCORE; R1LMB_RECOSCORE; VDMDE4; VDEXF1; R1NS_SCORE; R1TMB_MIN; R1TMB_SEC; VDASP1; R1TMA_MIN; R1TMA_SEC; VDASP3; VDASP4; VDASP5; R1VERBAL_SCORE; R1SCIS; R1CACTUS; R1OBJECT; VDLFL4; VDLFL5; VDLFL6; VDVIS1; R1ORIENT_TIME; R1ORIENT_PLACE; NX060_R,"Exposure — Household food insecurity: Household food insecurity was measured in the 2013 Health Care and Nutrition Study using the Six-Item Short Form of the Food Security Survey Module. Each of six items was scored 1 for an affirmative response and 0 for a negative response, summed from 0 to 6, and dichotomized using USDA guidance: food secure = 0–1 affirmative responses; food insecure = 2 or more affirmative responses. || Outcome — Cognitive domain performance: Cognitive performance was assessed in the 2016 Harmonized Cognitive Assessment Protocol as five domain scores—memory, executive functioning, language, visuospatial functioning, and orientation. The paper describes domain composition from HCAP neuropsychological tests and states that the summed tests in each domain were standardized to a mean of 50 and standard deviation of 10. || Moderator — Sex / gender: Self-reported sex was used as an effect modifier of the association between food insecurity and each cognitive domain; results were reported with interaction tests and sex-stratified estimates for males and females.",Food insecurity and cognitive domains among older United States adults: Findings from the health and retirement study.,literature_mined,q2
oadd-hrs-14814-q2,Could insomnia-like sleep problems be related to major depression in later life?,2018,QC083; QC084; QC085; QC150; QC151; QC152; QC153; QC154; QC155; QC156; QC157; QC158; QC159; QC160; QC161; QC167; QC168; QC169; QC170; QC171; QC172; QC173; QC174; QC175; QC176; QC177,"Exposure measurements: Baseline 2018 self-reported frequency of three sleep disturbance symptoms adapted from the Jenkins Sleep Scale: trouble falling asleep, trouble waking during the night, and waking too early and not being able to fall asleep again. Each item used response categories “most of the time,” “sometimes,” and “rarely or never.”. || Mediator measurements: Depression was measured as a binary indicator using the Short Form Composite International Diagnostic Interview (CIDI-SF). The paper states that respondents scoring three or more points were classified as having depression, following instrument guidelines. The exact full item set and timing are not fully enumerated in the paper, but it is treated as an independent variable in the baseline-adjusted models.",Association of reported sleep disturbances with objectively assessed mild cognitive impairment among adults in the United States.,literature_mined,q2
oadd-hrs-14654-q2,Could contact with children change the relationship between digital exclusion and depressive symptoms in later life?,2010; 2012; 2014; 2016; 2018,MW303; NW303; OW303; PW303; QW303; MD110; ND110; OD110; PD110; QD110; MD111; ND111; OD111; PD111; QD111; MD112; ND112; OD112; PD112; QD112; MD113; ND113; OD113; PD113; QD113; MD114; ND114; OD114; PD114; QD114; MD116; ND116; OD116; PD116; QD116; MD115; ND115; OD115; PD115; QD115; MD117; ND117; OD117; PD117; QD117; MLB007; NLB007; OLB006; PLB006; QLB006; MLB009A; NLB009A; OLB008A; PLB008A; QLB008A; MLB009B; NLB009B; OLB008B; PLB008B; QLB008B; MLB009C; NLB009C; OLB008C; PLB008C; QLB008C; OLB008D; PLB008D; QLB008D,"Exposure — Digital exclusion / internet non-use: In HRS waves from 2010–2018, respondents were classified as digitally excluded if they answered “no” to a self-reported question about regularly using the Internet or World Wide Web for email or other purposes; those answering “yes” were digitally included. || Outcome — Depressive symptoms: In HRS waves from 2010–2018, depressive symptoms were measured with the 8-item CES-D battery. Respondents answered yes/no for symptoms in the past week; positive symptom items were summed after reverse coding happy and enjoyed life. Scores ranged from 0 to 8, and respondents scoring 3 or higher were coded as having depressive symptoms. || Moderator — Contact with children: The paper used a measure of whether respondents had regular weekly contact with their children, and subgroup/moderation analyses contrasted those with versus without regular weekly child contact. The exact HRS item wording, contact modes, and coding details are not provided in the supplied paper text.",Digital Exclusion and Depressive Symptoms among Older People: Findings from Five Aging Cohort Studies across 24 Countries.,literature_mined,q2
oadd-hrs-15232-q2,Could physical activity encourage mammography screening among women?,2004; 2008; 2012; 2016,JC223; LC223; NC223; PC223; JC224; LC224; NC224; PC224; JC225; LC225; NC225; PC225; LC112; NC112; PC112,"Exposure — Physical activity status: Self-reported physical activity was measured using three HRS questions on vigorous, moderate, and light/mildly energetic activities. Responses used a five-point frequency scale. The paper created a physical activity index by assigning intensity-specific scores to the frequency responses and summing across light, moderate, and vigorous activity, with possible range 0–54. Women with an index score lower than 21, the sample median, were considered inactive; otherwise they were treated as physically active. The main analysis used lagged physical activity so that activity preceded mammography screening. || Outcome — Mammography screening utilization: Self-reported receipt of a mammogram or breast X-ray to search for cancer. The item was binary, coded 1 for yes and 0 for no. The recall period was “in the last two years” in the earlier wording and “since the previous wave” in later waves. In the longitudinal analysis, mammography screening was assessed after baseline physical activity, with the paper emphasizing follow-up at waves 9, 11, and 13, corresponding to 2008, 2012, and 2016, though the Measures section also mentions wave 8 through wave 13.","The association between physical activity and mammography screening utilization: a longitudinal analysis, health retirement study (2004-2016).",literature_mined,q2
oadd-hrs-14874-q2,Could physical activity reduce the risk of complete tooth loss in later life?,2012,NC223; NC224; NC225; NC237,"Exposure measurements: Composite physical activity scale based on reported frequency of light, moderate, and vigorous activities. Each activity category was scored by frequency, then weighted by intensity, with moderate activities multiplied by 2 and vigorous activities multiplied by 3, and summed so that higher scores indicated more frequent/intense activity. || Outcome — Complete tooth loss / edentulism: Binary oral-health status from the 2012 tooth loss question, distinguishing participants with complete tooth loss/edentulism from those who were dentate. In the SEM results, the paper describes the path as association with being dentate, where more physical activity was associated with lower likelihood of tooth loss.",The Nutritional Pathway Between Tooth Loss and Healthy Ageing: A Longitudinal Study of Older American Adults.,literature_mined,q2
oadd-hrs-14887-q2,Could neighborhood social cohesion protect cognitive health in later life?,2012; 2014; 2016; 2018; 2020,NLB021A; OLB020A; PLB020A; QLB020A; NLB021C; OLB020C; PLB020C; QLB020C; NLB021E; OLB020E; PLB020E; QLB020E; NLB021G; OLB020G; PLB020G; QLB020G; R12IMRC; R13IMRC; R14IMRCP; R14IMRCW; R15IMRCP; R15IMRCW; R12DLRC; R13DLRC; R14DLRCP; R14DLRCW; R15DLRCP; R15DLRCW; R12SER7; R13SER7; R14SER7P; R14SER7W; R15SER7P; R15SER7W; R12BWC20; R13BWC20; R14BWC20P; R14BWC20W; R15BWC20P; R15BWC20W,"Moderator — Perceived neighborhood social cohesion: Perception of neighborhood social cohesion was assessed in 2012, 2014, 2016, and 2018 using four agreement items about the respondent’s proximate neighborhood, defined as within a 20-minute walk or about a mile from home. Each item used a 1–7 Likert agreement scale; higher scores indicated greater neighborhood social cohesion. The measure was treated as time-dependent. || Outcome — Incident cognitive impairment during follow-up: Cognitive impairment was assessed in 2014, 2016, 2018, and 2020 from a 27-point cognitive test total combining immediate recall, delayed recall, serial 7s, and counting backward from 20. Respondents scoring 0–11 were classified as cognitively impaired; scores 12–27 were classified as cognitively normal.",Socioeconomic Disparities in Cognitive Impairment: The Role of Neighborhood Social Cohesion,literature_mined,q2
oadd-hrs-14385-q1,Could epigenetic aging help explain the relationship between education and cognitive impairment in later life?,2016,SCHLYRS; DNAMGRIMAGE; MPOA; LEVINE_DNAMAGE; PA019; PD124; PD129; PD142; PD143; PD144; PD145; PD146; PD174; PD184; R13STATUS,"Exposure — Educational attainment: Self-reported years of schooling measured at the participant’s initial exam; categorized as low education versus high education using the study’s high-school-completion cut point. This education measure was combined with epigenetic age-acceleration status for the joint exposure categories used in the interaction analyses. || Mediator — Epigenetic age acceleration from primary DNA methylation clocks: HRS-released DNA methylation clock measures were used to calculate age-acceleration residuals by regressing each clock value on chronological age at the 2016 wave. Residuals above zero were treated as accelerated epigenetic aging and residuals at or below zero as no acceleration for primary analyses. The paper’s primary epigenetic-clock predictors were the phenotypic clocks GrimAge, DunedinPoAM38 methylation pace of aging, and Levine clock; the age-acceleration measure was also interacted with education in four-level joint exposure categories. || Outcome — Cognitive status: dementia, cognitive impairment without dementia, or normal cognition: Cognitive status was taken from the 2016 HRS imputed cognition data set for self-respondents, using the Langa, Kabeto, and Weir approach based on overall cognitive test performance from the Telephone Interview for Cognitive Status. Scores were categorized into dementia, cognitively impaired non-dementia, or normal cognition using the paper’s stated score ranges.",Interplay of education and DNA methylation age on cognitive impairment: insights from the Health and Retirement Study.,literature_mined,q1
oadd-hrs-15464-q1,Could loneliness be related to memory decline in later life?,2008; 2010; 2012; 2014; 2016; 2018,LLB020A; MLB020A; NLB020A; OLB019A; LLB020B; MLB020B; NLB020B; OLB019B; LLB020C; MLB020C; NLB020C; OLB019C; LLB020D; MLB020D; NLB020D; OLB019D; LLB020E; MLB020E; NLB020E; OLB019E; LLB020F; MLB020F; NLB020F; OLB019F; LLB020G; MLB020G; NLB020G; OLB019G; LLB020H; MLB020H; NLB020H; OLB019H; LLB020I; MLB020I; NLB020I; OLB019I; LLB020J; MLB020J; NLB020J; OLB019J; LLB020K; MLB020K; NLB020K; OLB019K; R9IMRC; R10IMRC; R11IMRC; R12IMRC; R13IMRC; R14IMRCP; R14IMRCW; R9DLRC; R10DLRC; R11DLRC; R12DLRC; R13DLRC; R14DLRCP; R14DLRCW,"Mediator — Loneliness: Loneliness was measured at T1 and T2 using the 11-item UCLA Loneliness Scale. Respondents rated each item on a 3-point scale from 1 = often to 3 = hardly ever or never. Four positively worded items were reverse-coded, and the loneliness score was the average across all 11 items; higher scores indicated greater loneliness. In the focal longitudinal mediation model, T2 loneliness was tested as a pathway from T1 SPA to memory trajectories, with T1 loneliness included as a covariate. || Outcome — Memory trajectory: Memory was measured at three time points using immediate and delayed word-recall tasks. Respondents heard a list of 10 nouns, immediately recalled as many as possible, and after about 5 minutes recalled the nouns again. The memory score summed correct words from immediate and delayed recall, yielding a 0–20 score; higher scores indicated better memory. The analysis modeled memory trajectories across T1, T2, and T3 with a latent growth curve, with the intercept representing T3 memory and the slope representing linear change over the 8-year period.",Self-perceptions of aging and memory in later life: the social pathways.,literature_mined,q1
oadd-hrs-15463-q1,Could neighborhood social cohesion be related to cardiovascular health in later life?,2016; 2018,PLB020A; QLB020A; PLB020C; QLB020C; PLB020E; QLB020E; PLB020G; QLB020G; PC036; QC036,"Exposure measurements: Four perceived-neighborhood items from the HRS Leave-Behind Questionnaire were reverse-coded and averaged into a social cohesion index. Responses ranged from 1 = strongly agree to 7 = strongly disagree before reverse-coding; higher index scores indicate greater perceived social cohesion. Reported scale range was 1–7 and Cronbach’s alpha was 0.86. || Outcome — Cardiovascular disease - self-reported doctor-diagnosed heart condition: Binary self-reported physician-diagnosed cardiovascular disease indicator. Respondents were classified as having CVD if they reported that a doctor had told them they had heart attack, coronary heart disease, angina, congestive heart failure, or another heart problem; yes = 1 and no = 0.",Perceived neighborhood environments and cardiovascular disease in older adults: the moderating role of cognitive activity.,human_annotated,q1
oadd-hrs-15150-q1,Does a history of cancer predict short-term mortality in later life?,2016; 2018; 2020,PX056_MC; QX056_MC; RX056_MC; ZA121; ZA123; XQA121; XQA123; XRA121; XRA123; PC018; PZ103,"Outcome measurements: Deaths occurring after the 2016 aging-measure baseline and observed by the 2020 follow-up. For deceased participants, month and year of death were obtained from household-member interviews. The paper analyzed all-cause mortality over four years among cancer survivors and cancer-free controls. || Moderator measurements: Cancer survivor status was defined at the 2016 survey as answering yes to whether a doctor had ever told the participant they had cancer or a malignant tumor, excluding minor skin cancer. Participants answering no were treated as cancer-free controls. This status was used to compare mortality associations between cancer survivors and controls.",Aging measures and cancer in the Health and Retirement Study (HRS).,literature_mined,q1
oadd-hrs-15133-q1,How might chronic stress be related to perceived stress and physical activity in later life?,2016; 2020,PLB035A_1; RLB035A1; PLB035A_2; RLB035A2; PLB035A_3; RLB035A3; PLB035A_4; RLB035A4; PLB035A_5; RLB035A5; PLB035A_6; RLB035A6; PLB035A_7; RLB035A7; PLB035A_8; RLB035A8; PJ020; RJ020; RLB035B1; RLB035B2; RLB035B3; RLB035B4; RLB035B5; RLB035B6; RLB035B7; RLB035B8; RLB035B9; RLB035B10; RC223; RC224; RC225,"Exposure measurements: Troxel’s Chronic Stressors Scale / CSS-8, covering eight chronic stressor domains over the past 12 months. Each item combines occurrence and subjective upset on a 1–4 Likert-type scale, where 1 = did not occur, 2 = not upsetting, 3 = somewhat upsetting, and 4 = very upsetting. The composite score is the sum across eight items, range 8–32, with higher scores indicating greater chronic stress exposure. Work-difficulty stressors were coded as “did not occur” for respondents not currently working for pay who had missing work-difficulty values. || Mediator measurements: Cohen’s Perceived Stress Scale / PSS-10. Respondents reported how often stressful sensations occurred in the past month on a 0–4 Likert-type scale, where 0 = never, 1 = almost never, 2 = sometimes, 3 = fairly often, and 4 = very often. Items 4, 5, 7, and 8 were reverse-coded. The composite score is the sum across 10 items, range 0–40, with higher scores indicating greater perceived stress. || Mediator measurements: Self-reported frequency of vigorous, moderate, and light physical activity in day-to-day life. Each intensity item was rated on a four-point frequency scale: more than once a week or every day, once a week, one to three times a month, or hardly ever or never. Scores were reverse-coded so higher scores indicate greater physical activity engagement.",Behavioral and Functional Adaptation to Chronic Stress in Older Adults.,literature_mined,q1
oadd-hrs-14764-q1,"Could discrimination and stressful life events contribute to loneliness in later life, and do these relationships differ across racial and ethnic groups?",2010; 2012; 2014; 2016,OLB019A; PLB019A; OLB019B; PLB019B; OLB019C; PLB019C; OLB019D; PLB019D; OLB019E; PLB019E; OLB019F; PLB019F; OLB019G; PLB019G; OLB019H; PLB019H; OLB019I; PLB019I; OLB019J; PLB019J; OLB019K; PLB019K; MLB036B; NLB036B; MLB036D; NLB036D; MLB036F; NLB036F; MLB038D; NLB038D; MLB038E; NLB038E; MLB038B; NLB038B; RACE; HISPANIC,"Outcome — Loneliness: UCLA 11-item loneliness scale from the HRS Psychosocial Leave-Behind Questionnaire, measured at follow-up. Item responses were averaged to create a mean loneliness score; higher scores indicate greater loneliness. Scale score was set to missing if more than 5 items were missing. || Exposure — Perceived institutional discrimination: Three perceived institutional discrimination indicators covering employment, housing/neighborhood access, and policing were measured at baseline and summed to create a count of total perceived institutional discrimination experiences. The paper also modeled the individual items separately. || Exposure — Stressful life events: Three dichotomous stressful life event indicators, each reported for the past 5 years, were measured at baseline and summed to create a count of total stressful life events. The paper also modeled the individual items separately. || Moderator — Race/ethnicity: Race/ethnicity was categorized as Black, Hispanic/Latinx, and White. Analyses were stratified by these groups to assess whether associations differed across racial/ethnic groups.","Institutional, neighborhood, and life stressors on loneliness among older adults.",literature_mined,q1
oadd-hrs-14446-q1,Does biological aging differ by sex or race and ethnicity in later life?,2016,DNAMGRIMAGE; PV222; SEX; RACE; HISPANIC,"Outcome — DNA methylation biological age acceleration, primary GrimAge measure: Biological aging was operationalized as GrimAge DNA methylation age acceleration in years, using blood DNA methylation data from the 2016 HRS Venous Blood Study. The age-acceleration value was derived by regressing the GrimAge DNA methylation age estimate on chronological age and taking the residual; residuals were modeled as a continuous outcome in linear regression. || Moderator — Gender: Gender was modeled as a moderator of the depressive symptoms–GrimAge age acceleration association. The paper used male as the reference category and a female indicator in interaction models. || Moderator — Race/ethnicity: Race/ethnicity was modeled as a moderator of the depressive symptoms–GrimAge age acceleration association. Categories used in the analysis were non-Hispanic White as the reference group, Hispanic, and non-Hispanic Black or other; interaction terms were created between depressive symptoms and the Hispanic and non-Hispanic Black or other categories.",Are depressive symptoms associated with biological aging in a cross-sectional analysis of adults over age 50 in the United States.,literature_mined,q1
oadd-hrs-15262-q1,Could instability in resting heart rate over time be related to cognitive decline in later life?,2006; 2008; 2010; 2012; 2014; 2016; 2018,KI861; LI861; MI861; NI861; OI861; PI861; QI861; KI866; LI866; MI866; NI866; OI866; PI866; QI866; KI871; LI871; MI871; NI871; OI871; PI871; QI871; KI874; LI874; MI874; NI874; OI874; PI874; QI874; KD174; LD174; MD174; ND174; OD174; PD174; QD174; QD174W; KD184; LD184; MD184; ND184; OD184; PD184; QD184; QD184W; KD151; LD151; MD151; ND151; OD151; PD151; QD151; KD152; LD152; MD152; ND152; OD152; PD152; QD152; KD153; LD153; MD153; ND153; OD153; PD153; QD153; KD154; LD154; MD154; ND154; OD154; PD154; QD154; KD142; KD143; KD144; KD145; KD146; LD142; LD143; LD144; LD145; LD146; MD142; MD143; MD144; MD145; MD146; ND142; ND143; ND144; ND145; ND146; OD142; OD143; OD144; OD145; OD146; PD142; PD143; PD144; PD145; PD146; QD142; QD143; QD144; QD145; QD146; KD124; KD129; LD124; LD129; MD124; MD129; ND124; ND129; OD124; OD129; PD124; PD129; QD124; QD129,"Exposure — Long-term visit-to-visit resting heart rate variability: Resting heart rate was measured at each HRS wave from 2006 through 2018 as the average of three valid seated heart-rate measurements taken 45–60 seconds apart by trained interviewers using an Omron monitor. Long-term RHRV was defined as intraindividual variability in resting heart rate across three or more visits. The main exposure was variability independent of the mean (VIM), calculated as 100 × SD / mean^beta, where beta is from the regression of ln(SD) on ln(mean). Higher VIM indicates greater visit-to-visit resting heart-rate variability. CV and ARV were calculated only for sensitivity analyses. || Outcome — Cognitive functioning over repeated visits: Cognitive function was measured biennially at each wave using questionnaire-based tests covering memory, orientation, and executive function. Memory was assessed with immediate and delayed word recall. Orientation was assessed by questions about the test date/time, including year, month, day, and day of the week. Executive function in HRS included serial 7s subtraction and backward counting from 20. Higher scores indicated better performance. The paper defined global cognitive function as the sum of scores across memory, orientation, and executive-function dimensions and analyzed global and domain-specific cognitive function as z scores.",Association between long-term visit-to-visit resting heart rate variability and cognitive decline: evidence from two national cohorts.,literature_mined,q1
oadd-hrs-15140-q1,Could cumulative physiological stress contribute to multimorbidity in later life?,2006; 2012; 2016,NHDL_ADJ; NA1C_ADJ; NCRP_ADJ; NI907; NI859; NI860; NI864; NI865; NI869; NI870; KC010; PC010; KC036; PC036; KC030; PC030; KC018; PC018; KC053; PC053,"Exposure — Allostatic load: Wave 11 / 2012 allostatic load score constructed as a count from 0 to 5 by summing five dichotomized biomarker or physical-measure indicators: HDL cholesterol, HbA1c, C-reactive protein, waist circumference, and high blood pressure. The paper reports sex-specific thresholds for HDL and waist circumference, HbA1c ≥ 6.5%, CRP ≥ 3 mg/L, and high blood pressure indicated by systolic ≥ 140 mm Hg and diastolic ≥ 90 mm Hg. || Outcome — Incident or ten-year change in multimorbidity: Multimorbidity was based on self-reported diagnoses of five chronic conditions at 2006 and 2016. A 0–5 chronic-condition count was created, then dichotomized at each time point as two or more conditions versus one or fewer. The paper calculated ten-year incidence/change by subtracting the 2006 dichotomous multimorbidity indicator from the 2016 dichotomous multimorbidity indicator.",The Longitudinal Relationship Between Allostatic Load and Multimorbidity Among Older Americans.,literature_mined,q1
oadd-hrs-14503-q1,"Among older adults with mild cognitive impairment, how might leisure-time physical activity relate to changes in memory and other cognitive functions?",2012; 2014; 2016; 2018; 2020,NLB001S; OLB001S; PLB001S; QLB001S; RLB001S; NLB001T; OLB001T; PLB001T; QLB001T; RLB001T; ND174; OD174; PD174; QD174; RD174; ND184; OD184; PD184; QD184; RD184; ND142; OD142; PD142; QD142; RD142; ND143; OD143; PD143; QD143; RD143; ND144; OD144; PD144; QD144; RD144; ND145; OD145; PD145; QD145; RD145; ND146; OD146; PD146; QD146; RD146; ND124; OD124; PD124; QD124; RD124; ND129; OD129; PD129; QD129; RD129,"Exposure — Leisure-time physical activity participation level: Constructed from two HRS Psychosocial/Leave-Behind leisure activity items, “Play sports or exercise” and “Walk 20 minutes or more.” Each item used a seven-point frequency scale from 1 = Daily to 7 = Never relevant; the paper reverse-coded so higher scores indicated higher participation. The authors then calculated LTPA participation across 2012–2020 and categorized participants into low, mid, and high LTPA groups using seven-point-scale cutoffs: low = 1–2, mid = 3–5, high = 6–7. The exact aggregation across two items and multiple waves is not fully specified. || Outcome — Memory function: TICS-27 memory domain measured at each study wave using immediate and delayed 10-word recall. Respondents earned one point for each correctly recalled word in each test; immediate plus delayed recall produced a total memory score ranging from 0 to 20. || Outcome — Working memory function: TICS-27 working memory domain measured with a serial 7 subtraction task. Respondents subtracted 7 from 100 continuously across five trials; score was the count of correctly completed trials, ranging from 0 to 5. || Outcome — Attention and processing speed function: TICS-27 attention and processing speed domain measured with a backward counting task. Respondents counted backward for 10 continuous numbers from 20 in two trials; each trial was worth one point, for a total score of 0–2.",The Effect of Levels of Leisure-Time Physical Activity on Cognitive Functions Among Older Adults with Mild Cognitive Impairment: A Longitudinal Analysis.,literature_mined,q1
oadd-hrs-14292-q1,How are epigenetic aging measures associated with blood lipid levels among older adults in the HRS?,2016,HORVATH_DNAMAGE; HANNUM_DNAMAGE; LEVINE_DNAMAGE; DNAMGRIMAGE; MPOA; PV222; PCHOL; PTGF; PHDLD; PLDLC,"Exposure measurements: Whole-blood DNA methylation from the 2016 HRS Venous Blood Study was used to evaluate five epigenetic aging measures. HorvathAge, HannumAge, PhenoAge, and GrimAge acceleration were defined as residuals from regressing each epigenetic age measure on chronological age, so a one-unit change represents a one-year increase in biological aging relative to chronological age. DunedinPACE was estimated using the DunedinPACE projector and interpreted as the rate of biological aging per chronological year. DNAmAA outliers more than 4 SD from the mean were winsorized. || Focal measurement — Chronological age at methylation measurement / age moderator. || Outcome measurements: Blood lipids from the 2016 HRS Venous Blood Study lipid panel. Total cholesterol and triglycerides were measured in serum using a Roche Cobas 6000 Chemistry Analyzer; HDL cholesterol was measured using the Roche HDL-Cholesterol 3rd generation direct method. LDL cholesterol was calculated only when triglycerides were no higher than 400 mg/dL using Friedewald’s formula: LDL-C mg/dL = total cholesterol − HDL-C − triglycerides/5. HDL-C and triglycerides were natural-log transformed for analysis; lipid values more than 4 SD from the mean were excluded.",Epigenetic age acceleration is associated with blood lipid levels in a multi-ancestry sample of older U.S. adults.,literature_mined,q1
oadd-hrs-14301-q1,"Among older adults, is poorer sleep quality associated with greater subsequent risk of death from any cause?",2006; 2008; 2010; 2012; 2014; 2016; 2018; 2020,KC083; KC084; KC085; KC086; KC232U2; RALIVE; KNOWNDECEASEDMO; KNOWNDECEASEDYR; KAGE,"Exposure — Poor sleep quality: Baseline sleep quality in 2006, analyzed primarily as a continuous “poor sleep quality” score and also as tertiles of poorer sleep quality. The scale included a sleep medication item in the main measure; a sensitivity measure excluded the sleep medication item. Individual sleep items were also recoded so higher values represented worse sleep quality, with categories 1 = good sleep quality, 2 = medium sleep quality, and 3 = poor sleep quality. The provided paper text names several component indicators but does not fully show the complete item list or exact summing/scoring range. || Outcome — All-cause mortality follow-up time: Time-to-event outcome for death from any cause after baseline. Deaths were ascertained through HRS-linked population register information and informant/knowledgeable-person interviews, using HRS Tracker file variables updated through 2020. Follow-up time was measured in years as the difference between approximate age at death, or censoring/end of follow-up, and age at the 2006 examination. Participants surviving through the end of 2020 were censored at approximately 15 years of follow-up.","Poor sleep quality, dementia status and their association with all-cause mortality among older US adults.",literature_mined,q1
oadd-hrs-14564-q1,"Among older adults who have had a stroke, are insomnia symptoms associated with subsequent all-cause mortality, and does this association differ between men and women?",2002; 2004; 2006; 2008; 2010; 2012; 2014; 2016; 2018,HC083; JC083; KC083; LC083; MC083; NC083; OC083; PC083; QC083; HC084; JC084; KC084; LC084; MC084; NC084; OC084; PC084; QC084; HC085; JC085; KC085; LC085; MC085; NC085; OC085; PC085; QC085; HC086; JC086; KC086; LC086; MC086; NC086; OC086; PC086; QC086; EXDEATHYR; EXDEATHMO; EXDODSOURCE; LASTALIVEYR; LASTALIVEMO; SEX,"Exposure measurements: Self-reported insomnia symptoms assessed with the Adapted Brief Insomnia Questionnaire sleep complaints in HRS starting in 2002. Four frequency items were scored: the first three items scored 2 for “most of the time,” 1 for “sometimes,” and 0 for “rarely or never”; the rested-in-morning item was reverse-coded. The total insomnia symptom severity score ranged from 0 to 8, with 0 indicating no insomnia and 8 severe insomnia symptoms. Analyses used the total score/category and also individual symptom items. || Outcome measurements: Death from any cause during follow-up after insomnia assessment/study entry, followed until death, loss to follow-up, or administrative censoring on December 31, 2018. Mortality events were identified from HRS exit interviews or core interviews of the deceased respondent’s spouse/partner/proxy informant. || Moderator — Sex: Demographic sex used for predefined effect-modification and stratified analyses, comparing male versus female stroke survivors.",Insomnia symptoms and the risk of all-cause mortality among stroke survivors.,literature_mined,q1
oadd-hrs-14461-q1,"How does exposure to very hot weather relate to older adults' fluid cognitive performance, and is that relationship shaped by education, light physical activity, or Alzheimer's genetic risk?",1996; 1998; 2000; 2002; 2004; 2006; 2008; 2010; 2012; 2014; 2016,R3COG27; R4COG27; R5COG27; R6COG27; R7COG27; R8COG27; R9COG27; R10COG27; R11COG27; R12COG27; R13COG27; E649; F987; G1074; HB014; JB014; KB014; LB014; MB014; NB014; OB014; JC225; KC225; LC225; MC225; NC225; OC225; PC225; A5_GWAD2WA_IGAP19; E5_GWAD2WA_IGAP19; H5_GWAD2WA_IGAP19,"Outcome — Fluid intelligence score: HRS cognitive functioning score derived from memory and working-memory-related tasks: immediate recall, delayed recall, serial 7s, and backward counting. Scores range from 0 to 27 and were measured each survey year. || Moderator — Educational attainment: Categorical educational attainment with less than high school as the reference group and categories for high school, some college, bachelor’s degree, and graduate degree. Treated as a protective individual-level moderator of the heat–cognition association. || Moderator — Mild physical activity engagement: Binary/indicator measure of whether the respondent engaged in mild physical activities, described as sports or mildly energetic household tasks such as vacuuming and home repairs. Available only in waves with physical activity questions starting in 2004. || Moderator — Alzheimer’s disease polygenic score: Normalized polygenic score for Alzheimer’s disease generated from HRS saliva-based genetic data collected from 2006 to 2012. The score used 1,406,839 SNPs overlapping HRS genetic data and GWAS results, weighted using effect sizes from the 2019 International Genomics of Alzheimer’s Project; normalized to mean 0 and standard deviation 1.",Performance Under Fire: Older Adult Cognitive Risks and Protections Under Heat Strain.,literature_mined,q1
oadd-hrs-14435-q1,How is difficulty affording food related to oral health and dental care among older adults?,2013; 2018,HNB1_13; HNB2_13; HNB3_13; HNB4_13; HNB5_13; QV158; QV159; QV160; QV161; QV162; QV152; QV153; QV154; QV155; QV156; QV151; QN164; QN168,"Exposure — Household food insecurity: Assessed in the 2013 HRS Health Care and Nutrition Study using the six-item version of the US Household Food Security Scale. Six affirmative food-security hardship responses were each scored 1 and summed to a 0–6 score; respondents with scores of 2 or greater were classified as food insecure. || Outcome — Oral health-related quality of life: Measured in the 2018 HRS supplemental oral health module as a summed oral health-related quality of life score. Respondents reported frequency or degree of five oral-health impacts due to teeth, mouth, or dentures. Most items used a 1–5 ordinal response scale from never/none at all to very often/a great deal; self-consciousness used a 3-point never/sometimes/always scale. Item responses were summed into an overall score ranging from 0 to 23, with higher values indicating worse oral-health-related quality of life. || Outcome — Tooth loss: Measured by self-report in the 2018 HRS supplemental oral health module. Respondents reported whether they had lost four or more teeth and whether they had lost all teeth, separately for the upper and lower jaw. The paper created an ordinal total tooth-loss measure from 0, lost fewer than 4 teeth from both jaws, to 4, lost all teeth from both jaws; it also created a dichotomous indicator for losing 8 or more total teeth. || Outcome — Denture use: Measured by self-report in the 2018 HRS supplemental oral health module as a binary indicator for whether the respondent reported using dentures. || Outcome — Self-rated oral health: Measured in the 2018 HRS supplemental oral health module by asking respondents to rate the condition of their mouth and teeth as poor, fair, good, very good, or excellent. The paper dichotomized responses as fair/poor versus good, very good, or excellent. || Outcome — Dental care utilization: Measured in the 2018 HRS supplemental oral health module as a binary indicator for whether respondents reported seeing a dentist for dental care, including denture care, in the past two years. || Outcome — Out-of-pocket dental expenses: Measured in the 2018 HRS supplemental oral health module as self-reported dollar amount of out-of-pocket dental expenses during the previous two years; the paper transformed this amount to log-dollars for analysis.",Food insecurity and oral health in older adults,literature_mined,q1
oadd-hrs-14435-q2,"Among older adults, is greater oral-health impairment associated with worse day-to-day well-being?",2018,QV152; QV153; QV154; QV155; QV158; QV159; QV160; QV161; QV162,"Exposure — Tooth loss: Self-reported tooth loss from upper and lower jaws. Respondents reported separately whether they had lost four or more teeth or all teeth from the upper jaw and lower jaw. The paper combined upper- and lower-jaw reports into an ordinal total tooth-loss measure ranging from 0 = lost fewer than 4 teeth from both jaws to 4 = lost all teeth from both jaws; it also notes a dichotomous indicator for losing 8 or more total teeth, though the tooth-loss/OHRQoL correlation is described as involving more tooth loss. || Outcome — Oral health-related quality of life score: Summary score from the HRS supplemental oral health module. Respondents reported whether/how frequently oral conditions caused them to avoid eating foods, have difficulty relaxing, avoid going out, feel self-conscious, or feel pain/distress due to teeth, mouth, or dentures. Most items used a 5-point frequency/degree scale from never/none at all to very often/a great deal; self-consciousness used a 3-point scale. Item responses were summed into an OHRQoL summary score ranging from 0 to 23, with higher scores indicating worse oral health-related quality of life in the Results.",Food insecurity and oral health in older adults,literature_mined,q2
oadd-hrs-14286-q1,"Among older adults, are long-term patterns of cognitive-affective and somatic depressive symptoms associated with subsequent onset of heart disease?",1998; 2000; 2002; 2004; 2006; 2008; 2010; 2012; 2014,F1493; F1497; F1499; G1669; G1673; G1675; HD110; JD110; HD114; JD114; HD116; JD116; F1494; F1495; F1500; G1670; G1671; G1676; HD111; JD111; HD112; JD112; HD117; JD117; KC036; LC036; MC036; NC036; OC036,"Exposure — Overall depressive symptom trajectory: Across four biennial HRS exposure waves, depressive symptoms were measured with the 8-item CES-D. Respondents reported whether they experienced each symptom in the past week. The number of “yes” responses was summed, with two positive items reverse-scored, producing a 0–8 score. A score of 3 or higher indicated elevated total depressive symptoms at a wave. Four-wave elevation patterns were classified as persistently low, decreasing, fluctuating, increasing, or persistently high; persistently low was the reference group. || Exposure — Cognitive-affective depressive symptom trajectory: At each of the four biennial HRS exposure waves, the cognitive-affective CES-D domain was formed from three symptoms: feeling depressed, feeling lonely, and feeling sad. Domain scores were dichotomized using the upper tertile cut-off, with a score of 2 or more indicating significant cognitive-affective symptoms. Four-wave elevation patterns were classified using the same five trajectory categories: persistently low, decreasing, fluctuating, increasing, or persistently high. || Exposure — Somatic depressive symptom trajectory: At each of the four biennial HRS exposure waves, the somatic CES-D domain was formed from three symptoms: everything was an effort, restless sleep, and could not get going. Domain scores were dichotomized using the upper tertile cut-off, with a score of 2 or more indicating significant somatic symptoms. Four-wave elevation patterns were classified using the same five trajectory categories: persistently low, decreasing, fluctuating, increasing, or persistently high. || Outcome — Incident heart disease during follow-up: Heart disease was assessed in subsequent HRS follow-up waves after the depressive-symptom trajectory period. At each wave, participants self-reported whether a doctor had ever told them they had a heart condition, including angina, heart attack, congestive heart failure, or other heart problems. Incident heart disease was counted if the participant reported a physician-diagnosed heart condition during follow-up. Later-wave confirmation or dispute of previously reported heart disease was used to correct prior reports retrospectively.","Eight-year total, cognitive-affective, and somatic depressive symptoms trajectories and risks of cardiac events.",literature_mined,q1
oadd-hrs-14002-q1,"How do high-risk inflammation profiles vary across racial and ethnic groups, including Hispanic nativity, and do these patterns differ by gender among older adults?",2016,RACE; HISPANIC; USBORN; PCRP; PIL6; PIL10; PIL1RA; PTNFR1; PTGF_BETA; SEX,"Exposure — Race/ethnicity with Hispanic nativity: Self-reported race/ethnicity combined with U.S. birth status for Hispanic respondents, categorized as non-Hispanic White, non-Hispanic Black, U.S.-born Hispanic, and foreign-born Hispanic. Non-Hispanic White served as the main reference group in race/ethnicity models; U.S.-born Hispanic served as reference in the Hispanic nativity ancillary analysis. || Outcome — High-risk inflammation markers from venous blood: Six separate dichotomous high-risk inflammation indicators were created for CRP and five cytokine biomarkers from the 2016 Venous Blood Study. For CRP, IL-6, IL-10, and TNFR1, high risk was defined as values in the upper quartile after top-coding at the 99th percentile; for IL-1RA and TGF-Beta, high risk was defined as values in the lowest quartile after bottom-coding at the 1st percentile. Reported non-standardized cutoffs were: CRP ≥ 5.02 mg/L; IL-6 ≥ 5.98 pg/mL; IL-10 ≥ 4.26 pg/mL; IL-1RA ≤ 366.03 pg/mL; TNFR1 ≥ 1,964.57 pg/mL; TGF-Beta ≤ 38,811.64 pg/mL. Each marker was modeled separately as high-risk = 1 versus lower-risk = 0. || Moderator — Gender: Self-reported gender, coded male = 0 and female = 1. Used both as an adjustment variable and, centrally for this question, to stratify models comparing racial/ethnic differences in high-risk inflammation among men and women.",Racial/Ethnic differences in inflammation levels among older adults 56+: an examination of sociodemographic differences across inflammation measure.,literature_mined,q1
oadd-hrs-14297-q1,"Among older Black women, how are perceived mastery and anger suppression associated with depressive symptoms and lifetime doctor-diagnosed depression?",2010; 2012,MLB023A; NLB023A; MLB023B; NLB023B; MLB023C; NLB023C; MLB023D; NLB023D; MLB023E; NLB023E; MLB042A; NLB042A; MLB042B; NLB042B; MLB042C; NLB042C; MLB042D; NLB042D; MD110; ND110; MD111; ND111; MD112; ND112; MD113; ND113; MD114; ND114; MD115; ND115; MD116; ND116; MD117; ND117; MC271; NC271,"Exposure — Perceived mastery: Five-item perceived mastery scale. Respondents rated agreement with five statements on a 1–6 scale from strongly disagree to strongly agree; scores were averaged to create a mastery index ranging from 1 to 6. || Exposure — Anger suppression: Four-item STAXI trait anger anger-in scale. Respondents reported how often they internally held in angry feelings using 1–4 response categories; items were averaged to create an anger suppression score. || Outcome — Past-week depressive symptoms: Abbreviated 8-item CES-D depressive symptom count from RAND HRS. Respondents indicated whether they experienced each symptom in the past week; binary item responses were summed to a total score from 0 to 8 symptoms. || Outcome — Clinically significant past-week depressive symptoms: Binary indicator derived from the 8-item CES-D symptom count. Respondents with fewer than 3 symptoms were grouped as <3 symptoms; respondents with 3 or more symptoms were classified as having clinically significant depressive symptoms. || Outcome — Lifetime diagnosed depression: Dichotomous self-report indicator of whether a doctor had ever diagnosed the respondent with depression, coded 0 = no and 1 = yes.",Are characteristics associated with strong Black womanhood linked to depression in older Black women?,literature_mined,q1
